collision_id,reaction,reactants,products,x,x_unit,y,y_unit,reactant_n_min,reactant_n_max,product_n_min,product_n_max,delta_n_max
141,K2+ (ground state) → K (n=4) + K (n=6),K2+ (ground state),K (n=4) + K (n=6),500.0,K,1.7e-23,cm6/s,,,4.0,6.0,
141,K2+ (ground state) → K (n=4) + K (n=6),K2+ (ground state),K (n=4) + K (n=6),600.0,K,4.9e-24,cm6/s,,,4.0,6.0,
141,K2+ (ground state) → K (n=4) + K (n=6),K2+ (ground state),K (n=4) + K (n=6),700.0,K,1.9e-24,cm6/s,,,4.0,6.0,
141,K2+ (ground state) → K (n=4) + K (n=6),K2+ (ground state),K (n=4) + K (n=6),800.0,K,9.3e-25,cm6/s,,,4.0,6.0,
141,K2+ (ground state) → K (n=4) + K (n=6),K2+ (ground state),K (n=4) + K (n=6),900.0,K,5.2e-25,cm6/s,,,4.0,6.0,
141,K2+ (ground state) → K (n=4) + K (n=6),K2+ (ground state),K (n=4) + K (n=6),1000.0,K,3.2e-25,cm6/s,,,4.0,6.0,
141,K2+ (ground state) → K (n=4) + K (n=6),K2+ (ground state),K (n=4) + K (n=6),1500.0,K,6.4e-26,cm6/s,,,4.0,6.0,
141,K2+ (ground state) → K (n=4) + K (n=6),K2+ (ground state),K (n=4) + K (n=6),2000.0,K,2.4e-26,cm6/s,,,4.0,6.0,
141,K2+ (ground state) → K (n=4) + K (n=6),K2+ (ground state),K (n=4) + K (n=6),2500.0,K,1.2e-26,cm6/s,,,4.0,6.0,
141,K2+ (ground state) → K (n=4) + K (n=6),K2+ (ground state),K (n=4) + K (n=6),3000.0,K,6.9e-27,cm6/s,,,4.0,6.0,
141,K2+ (ground state) → K (n=4) + K (n=6),K2+ (ground state),K (n=4) + K (n=6),4000.0,K,3e-27,cm6/s,,,4.0,6.0,
141,K2+ (ground state) → K (n=4) + K (n=6),K2+ (ground state),K (n=4) + K (n=6),5000.0,K,1.6e-27,cm6/s,,,4.0,6.0,
142,K2+ (ground state) → K (n=4) + K (n=7),K2+ (ground state),K (n=4) + K (n=7),500.0,K,4.4e-24,cm6/s,,,4.0,7.0,
142,K2+ (ground state) → K (n=4) + K (n=7),K2+ (ground state),K (n=4) + K (n=7),600.0,K,1.5e-24,cm6/s,,,4.0,7.0,
142,K2+ (ground state) → K (n=4) + K (n=7),K2+ (ground state),K (n=4) + K (n=7),700.0,K,7.1e-25,cm6/s,,,4.0,7.0,
142,K2+ (ground state) → K (n=4) + K (n=7),K2+ (ground state),K (n=4) + K (n=7),800.0,K,3.8e-25,cm6/s,,,4.0,7.0,
142,K2+ (ground state) → K (n=4) + K (n=7),K2+ (ground state),K (n=4) + K (n=7),900.0,K,2.3e-25,cm6/s,,,4.0,7.0,
142,K2+ (ground state) → K (n=4) + K (n=7),K2+ (ground state),K (n=4) + K (n=7),1000.0,K,1.5e-25,cm6/s,,,4.0,7.0,
142,K2+ (ground state) → K (n=4) + K (n=7),K2+ (ground state),K (n=4) + K (n=7),1500.0,K,3.7e-26,cm6/s,,,4.0,7.0,
142,K2+ (ground state) → K (n=4) + K (n=7),K2+ (ground state),K (n=4) + K (n=7),2000.0,K,1.5e-26,cm6/s,,,4.0,7.0,
142,K2+ (ground state) → K (n=4) + K (n=7),K2+ (ground state),K (n=4) + K (n=7),2500.0,K,7.7e-27,cm6/s,,,4.0,7.0,
142,K2+ (ground state) → K (n=4) + K (n=7),K2+ (ground state),K (n=4) + K (n=7),3000.0,K,4.6e-27,cm6/s,,,4.0,7.0,
142,K2+ (ground state) → K (n=4) + K (n=7),K2+ (ground state),K (n=4) + K (n=7),4000.0,K,2.1e-27,cm6/s,,,4.0,7.0,
142,K2+ (ground state) → K (n=4) + K (n=7),K2+ (ground state),K (n=4) + K (n=7),5000.0,K,1.1e-27,cm6/s,,,4.0,7.0,
143,K2+ (ground state) → K (n=4) + K (n=8),K2+ (ground state),K (n=4) + K (n=8),500.0,K,1.6e-24,cm6/s,,,4.0,8.0,
143,K2+ (ground state) → K (n=4) + K (n=8),K2+ (ground state),K (n=4) + K (n=8),600.0,K,6.7e-25,cm6/s,,,4.0,8.0,
143,K2+ (ground state) → K (n=4) + K (n=8),K2+ (ground state),K (n=4) + K (n=8),700.0,K,3.4e-25,cm6/s,,,4.0,8.0,
143,K2+ (ground state) → K (n=4) + K (n=8),K2+ (ground state),K (n=4) + K (n=8),800.0,K,2e-25,cm6/s,,,4.0,8.0,
143,K2+ (ground state) → K (n=4) + K (n=8),K2+ (ground state),K (n=4) + K (n=8),900.0,K,1.3e-25,cm6/s,,,4.0,8.0,
143,K2+ (ground state) → K (n=4) + K (n=8),K2+ (ground state),K (n=4) + K (n=8),1000.0,K,8.7e-26,cm6/s,,,4.0,8.0,
143,K2+ (ground state) → K (n=4) + K (n=8),K2+ (ground state),K (n=4) + K (n=8),1500.0,K,2.3e-26,cm6/s,,,4.0,8.0,
143,K2+ (ground state) → K (n=4) + K (n=8),K2+ (ground state),K (n=4) + K (n=8),2000.0,K,1e-26,cm6/s,,,4.0,8.0,
143,K2+ (ground state) → K (n=4) + K (n=8),K2+ (ground state),K (n=4) + K (n=8),2500.0,K,5.3e-27,cm6/s,,,4.0,8.0,
143,K2+ (ground state) → K (n=4) + K (n=8),K2+ (ground state),K (n=4) + K (n=8),3000.0,K,3.2e-27,cm6/s,,,4.0,8.0,
143,K2+ (ground state) → K (n=4) + K (n=8),K2+ (ground state),K (n=4) + K (n=8),4000.0,K,1.5e-27,cm6/s,,,4.0,8.0,
143,K2+ (ground state) → K (n=4) + K (n=8),K2+ (ground state),K (n=4) + K (n=8),5000.0,K,8.1e-28,cm6/s,,,4.0,8.0,
144,K2+ (ground state) → K (n=4) + K (n=9),K2+ (ground state),K (n=4) + K (n=9),500.0,K,7.9e-25,cm6/s,,,4.0,9.0,
144,K2+ (ground state) → K (n=4) + K (n=9),K2+ (ground state),K (n=4) + K (n=9),600.0,K,3.6e-25,cm6/s,,,4.0,9.0,
144,K2+ (ground state) → K (n=4) + K (n=9),K2+ (ground state),K (n=4) + K (n=9),700.0,K,1.9e-25,cm6/s,,,4.0,9.0,
144,K2+ (ground state) → K (n=4) + K (n=9),K2+ (ground state),K (n=4) + K (n=9),800.0,K,1.2e-25,cm6/s,,,4.0,9.0,
144,K2+ (ground state) → K (n=4) + K (n=9),K2+ (ground state),K (n=4) + K (n=9),900.0,K,7.9e-26,cm6/s,,,4.0,9.0,
144,K2+ (ground state) → K (n=4) + K (n=9),K2+ (ground state),K (n=4) + K (n=9),1000.0,K,5.5e-26,cm6/s,,,4.0,9.0,
144,K2+ (ground state) → K (n=4) + K (n=9),K2+ (ground state),K (n=4) + K (n=9),1500.0,K,1.6e-26,cm6/s,,,4.0,9.0,
144,K2+ (ground state) → K (n=4) + K (n=9),K2+ (ground state),K (n=4) + K (n=9),2000.0,K,7.1e-27,cm6/s,,,4.0,9.0,
144,K2+ (ground state) → K (n=4) + K (n=9),K2+ (ground state),K (n=4) + K (n=9),2500.0,K,3.8e-27,cm6/s,,,4.0,9.0,
144,K2+ (ground state) → K (n=4) + K (n=9),K2+ (ground state),K (n=4) + K (n=9),3000.0,K,2.3e-27,cm6/s,,,4.0,9.0,
144,K2+ (ground state) → K (n=4) + K (n=9),K2+ (ground state),K (n=4) + K (n=9),4000.0,K,1.1e-27,cm6/s,,,4.0,9.0,
144,K2+ (ground state) → K (n=4) + K (n=9),K2+ (ground state),K (n=4) + K (n=9),5000.0,K,6e-28,cm6/s,,,4.0,9.0,
145,K2+ (ground state) → K (n=4) + K (n=10),K2+ (ground state),K (n=4) + K (n=10),500.0,K,4.4e-25,cm6/s,,,4.0,10.0,
145,K2+ (ground state) → K (n=4) + K (n=10),K2+ (ground state),K (n=4) + K (n=10),600.0,K,2.1e-25,cm6/s,,,4.0,10.0,
145,K2+ (ground state) → K (n=4) + K (n=10),K2+ (ground state),K (n=4) + K (n=10),700.0,K,1.2e-25,cm6/s,,,4.0,10.0,
145,K2+ (ground state) → K (n=4) + K (n=10),K2+ (ground state),K (n=4) + K (n=10),800.0,K,7.8e-26,cm6/s,,,4.0,10.0,
145,K2+ (ground state) → K (n=4) + K (n=10),K2+ (ground state),K (n=4) + K (n=10),900.0,K,5.3e-26,cm6/s,,,4.0,10.0,
145,K2+ (ground state) → K (n=4) + K (n=10),K2+ (ground state),K (n=4) + K (n=10),1000.0,K,3.8e-26,cm6/s,,,4.0,10.0,
145,K2+ (ground state) → K (n=4) + K (n=10),K2+ (ground state),K (n=4) + K (n=10),1500.0,K,1.1e-26,cm6/s,,,4.0,10.0,
145,K2+ (ground state) → K (n=4) + K (n=10),K2+ (ground state),K (n=4) + K (n=10),2000.0,K,5.2e-27,cm6/s,,,4.0,10.0,
145,K2+ (ground state) → K (n=4) + K (n=10),K2+ (ground state),K (n=4) + K (n=10),2500.0,K,2.9e-27,cm6/s,,,4.0,10.0,
145,K2+ (ground state) → K (n=4) + K (n=10),K2+ (ground state),K (n=4) + K (n=10),3000.0,K,1.8e-27,cm6/s,,,4.0,10.0,
145,K2+ (ground state) → K (n=4) + K (n=10),K2+ (ground state),K (n=4) + K (n=10),4000.0,K,8.2e-28,cm6/s,,,4.0,10.0,
145,K2+ (ground state) → K (n=4) + K (n=10),K2+ (ground state),K (n=4) + K (n=10),5000.0,K,4.6e-28,cm6/s,,,4.0,10.0,
146,K2+ (ground state) → K (n=4) + K (n=11),K2+ (ground state),K (n=4) + K (n=11),500.0,K,2.8e-25,cm6/s,,,4.0,11.0,
146,K2+ (ground state) → K (n=4) + K (n=11),K2+ (ground state),K (n=4) + K (n=11),600.0,K,1.4e-25,cm6/s,,,4.0,11.0,
146,K2+ (ground state) → K (n=4) + K (n=11),K2+ (ground state),K (n=4) + K (n=11),700.0,K,8.3e-26,cm6/s,,,4.0,11.0,
146,K2+ (ground state) → K (n=4) + K (n=11),K2+ (ground state),K (n=4) + K (n=11),800.0,K,5.4e-26,cm6/s,,,4.0,11.0,
146,K2+ (ground state) → K (n=4) + K (n=11),K2+ (ground state),K (n=4) + K (n=11),900.0,K,3.8e-26,cm6/s,,,4.0,11.0,
146,K2+ (ground state) → K (n=4) + K (n=11),K2+ (ground state),K (n=4) + K (n=11),1000.0,K,2.7e-26,cm6/s,,,4.0,11.0,
146,K2+ (ground state) → K (n=4) + K (n=11),K2+ (ground state),K (n=4) + K (n=11),1500.0,K,8.6e-27,cm6/s,,,4.0,11.0,
146,K2+ (ground state) → K (n=4) + K (n=11),K2+ (ground state),K (n=4) + K (n=11),2000.0,K,3.9e-27,cm6/s,,,4.0,11.0,
146,K2+ (ground state) → K (n=4) + K (n=11),K2+ (ground state),K (n=4) + K (n=11),2500.0,K,2.2e-27,cm6/s,,,4.0,11.0,
146,K2+ (ground state) → K (n=4) + K (n=11),K2+ (ground state),K (n=4) + K (n=11),3000.0,K,1.4e-27,cm6/s,,,4.0,11.0,
146,K2+ (ground state) → K (n=4) + K (n=11),K2+ (ground state),K (n=4) + K (n=11),4000.0,K,6.4e-28,cm6/s,,,4.0,11.0,
146,K2+ (ground state) → K (n=4) + K (n=11),K2+ (ground state),K (n=4) + K (n=11),5000.0,K,3.6e-28,cm6/s,,,4.0,11.0,
147,K2+ (ground state) → K (n=4) + K (n=12),K2+ (ground state),K (n=4) + K (n=12),500.0,K,1.9e-25,cm6/s,,,4.0,12.0,
147,K2+ (ground state) → K (n=4) + K (n=12),K2+ (ground state),K (n=4) + K (n=12),600.0,K,9.9e-26,cm6/s,,,4.0,12.0,
147,K2+ (ground state) → K (n=4) + K (n=12),K2+ (ground state),K (n=4) + K (n=12),700.0,K,6e-26,cm6/s,,,4.0,12.0,
147,K2+ (ground state) → K (n=4) + K (n=12),K2+ (ground state),K (n=4) + K (n=12),800.0,K,4e-26,cm6/s,,,4.0,12.0,
147,K2+ (ground state) → K (n=4) + K (n=12),K2+ (ground state),K (n=4) + K (n=12),900.0,K,2.8e-26,cm6/s,,,4.0,12.0,
147,K2+ (ground state) → K (n=4) + K (n=12),K2+ (ground state),K (n=4) + K (n=12),1000.0,K,2e-26,cm6/s,,,4.0,12.0,
147,K2+ (ground state) → K (n=4) + K (n=12),K2+ (ground state),K (n=4) + K (n=12),1500.0,K,6.6e-27,cm6/s,,,4.0,12.0,
147,K2+ (ground state) → K (n=4) + K (n=12),K2+ (ground state),K (n=4) + K (n=12),2000.0,K,3.1e-27,cm6/s,,,4.0,12.0,
147,K2+ (ground state) → K (n=4) + K (n=12),K2+ (ground state),K (n=4) + K (n=12),2500.0,K,1.7e-27,cm6/s,,,4.0,12.0,
147,K2+ (ground state) → K (n=4) + K (n=12),K2+ (ground state),K (n=4) + K (n=12),3000.0,K,1.1e-27,cm6/s,,,4.0,12.0,
147,K2+ (ground state) → K (n=4) + K (n=12),K2+ (ground state),K (n=4) + K (n=12),4000.0,K,5e-28,cm6/s,,,4.0,12.0,
147,K2+ (ground state) → K (n=4) + K (n=12),K2+ (ground state),K (n=4) + K (n=12),5000.0,K,2.8e-28,cm6/s,,,4.0,12.0,
148,K2+ (ground state) → K (n=4) + K (n=13),K2+ (ground state),K (n=4) + K (n=13),500.0,K,1.3e-25,cm6/s,,,4.0,13.0,
148,K2+ (ground state) → K (n=4) + K (n=13),K2+ (ground state),K (n=4) + K (n=13),600.0,K,7.3e-26,cm6/s,,,4.0,13.0,
148,K2+ (ground state) → K (n=4) + K (n=13),K2+ (ground state),K (n=4) + K (n=13),700.0,K,4.5e-26,cm6/s,,,4.0,13.0,
148,K2+ (ground state) → K (n=4) + K (n=13),K2+ (ground state),K (n=4) + K (n=13),800.0,K,3e-26,cm6/s,,,4.0,13.0,
148,K2+ (ground state) → K (n=4) + K (n=13),K2+ (ground state),K (n=4) + K (n=13),900.0,K,2.1e-26,cm6/s,,,4.0,13.0,
148,K2+ (ground state) → K (n=4) + K (n=13),K2+ (ground state),K (n=4) + K (n=13),1000.0,K,1.6e-26,cm6/s,,,4.0,13.0,
148,K2+ (ground state) → K (n=4) + K (n=13),K2+ (ground state),K (n=4) + K (n=13),1500.0,K,5.2e-27,cm6/s,,,4.0,13.0,
148,K2+ (ground state) → K (n=4) + K (n=13),K2+ (ground state),K (n=4) + K (n=13),2000.0,K,2.4e-27,cm6/s,,,4.0,13.0,
148,K2+ (ground state) → K (n=4) + K (n=13),K2+ (ground state),K (n=4) + K (n=13),2500.0,K,1.4e-27,cm6/s,,,4.0,13.0,
148,K2+ (ground state) → K (n=4) + K (n=13),K2+ (ground state),K (n=4) + K (n=13),3000.0,K,8.5e-28,cm6/s,,,4.0,13.0,
148,K2+ (ground state) → K (n=4) + K (n=13),K2+ (ground state),K (n=4) + K (n=13),4000.0,K,4.1e-28,cm6/s,,,4.0,13.0,
148,K2+ (ground state) → K (n=4) + K (n=13),K2+ (ground state),K (n=4) + K (n=13),5000.0,K,2.3e-28,cm6/s,,,4.0,13.0,
149,K2+ (ground state) → K (n=4) + K (n=14),K2+ (ground state),K (n=4) + K (n=14),500.0,K,9.9e-26,cm6/s,,,4.0,14.0,
149,K2+ (ground state) → K (n=4) + K (n=14),K2+ (ground state),K (n=4) + K (n=14),600.0,K,5.5e-26,cm6/s,,,4.0,14.0,
149,K2+ (ground state) → K (n=4) + K (n=14),K2+ (ground state),K (n=4) + K (n=14),700.0,K,3.5e-26,cm6/s,,,4.0,14.0,
149,K2+ (ground state) → K (n=4) + K (n=14),K2+ (ground state),K (n=4) + K (n=14),800.0,K,2.3e-26,cm6/s,,,4.0,14.0,
149,K2+ (ground state) → K (n=4) + K (n=14),K2+ (ground state),K (n=4) + K (n=14),900.0,K,1.7e-26,cm6/s,,,4.0,14.0,
149,K2+ (ground state) → K (n=4) + K (n=14),K2+ (ground state),K (n=4) + K (n=14),1000.0,K,1.2e-26,cm6/s,,,4.0,14.0,
149,K2+ (ground state) → K (n=4) + K (n=14),K2+ (ground state),K (n=4) + K (n=14),1500.0,K,4.2e-27,cm6/s,,,4.0,14.0,
149,K2+ (ground state) → K (n=4) + K (n=14),K2+ (ground state),K (n=4) + K (n=14),2000.0,K,2e-27,cm6/s,,,4.0,14.0,
149,K2+ (ground state) → K (n=4) + K (n=14),K2+ (ground state),K (n=4) + K (n=14),2500.0,K,1.1e-27,cm6/s,,,4.0,14.0,
149,K2+ (ground state) → K (n=4) + K (n=14),K2+ (ground state),K (n=4) + K (n=14),3000.0,K,6.9e-28,cm6/s,,,4.0,14.0,
149,K2+ (ground state) → K (n=4) + K (n=14),K2+ (ground state),K (n=4) + K (n=14),4000.0,K,3.3e-28,cm6/s,,,4.0,14.0,
149,K2+ (ground state) → K (n=4) + K (n=14),K2+ (ground state),K (n=4) + K (n=14),5000.0,K,1.9e-28,cm6/s,,,4.0,14.0,
150,K2+ (ground state) → K (n=4) + K (n=15),K2+ (ground state),K (n=4) + K (n=15),500.0,K,7.6e-26,cm6/s,,,4.0,15.0,
150,K2+ (ground state) → K (n=4) + K (n=15),K2+ (ground state),K (n=4) + K (n=15),600.0,K,4.3e-26,cm6/s,,,4.0,15.0,
150,K2+ (ground state) → K (n=4) + K (n=15),K2+ (ground state),K (n=4) + K (n=15),700.0,K,2.7e-26,cm6/s,,,4.0,15.0,
150,K2+ (ground state) → K (n=4) + K (n=15),K2+ (ground state),K (n=4) + K (n=15),800.0,K,1.9e-26,cm6/s,,,4.0,15.0,
150,K2+ (ground state) → K (n=4) + K (n=15),K2+ (ground state),K (n=4) + K (n=15),900.0,K,1.3e-26,cm6/s,,,4.0,15.0,
150,K2+ (ground state) → K (n=4) + K (n=15),K2+ (ground state),K (n=4) + K (n=15),1000.0,K,1e-26,cm6/s,,,4.0,15.0,
150,K2+ (ground state) → K (n=4) + K (n=15),K2+ (ground state),K (n=4) + K (n=15),1500.0,K,3.4e-27,cm6/s,,,4.0,15.0,
150,K2+ (ground state) → K (n=4) + K (n=15),K2+ (ground state),K (n=4) + K (n=15),2000.0,K,1.6e-27,cm6/s,,,4.0,15.0,
150,K2+ (ground state) → K (n=4) + K (n=15),K2+ (ground state),K (n=4) + K (n=15),2500.0,K,9.2e-28,cm6/s,,,4.0,15.0,
150,K2+ (ground state) → K (n=4) + K (n=15),K2+ (ground state),K (n=4) + K (n=15),3000.0,K,5.7e-28,cm6/s,,,4.0,15.0,
150,K2+ (ground state) → K (n=4) + K (n=15),K2+ (ground state),K (n=4) + K (n=15),4000.0,K,2.7e-28,cm6/s,,,4.0,15.0,
150,K2+ (ground state) → K (n=4) + K (n=15),K2+ (ground state),K (n=4) + K (n=15),5000.0,K,1.5e-28,cm6/s,,,4.0,15.0,
151,K2+ (ground state) → K (n=4) + K (n=16),K2+ (ground state),K (n=4) + K (n=16),500.0,K,6e-26,cm6/s,,,4.0,16.0,
151,K2+ (ground state) → K (n=4) + K (n=16),K2+ (ground state),K (n=4) + K (n=16),600.0,K,3.5e-26,cm6/s,,,4.0,16.0,
151,K2+ (ground state) → K (n=4) + K (n=16),K2+ (ground state),K (n=4) + K (n=16),700.0,K,2.2e-26,cm6/s,,,4.0,16.0,
151,K2+ (ground state) → K (n=4) + K (n=16),K2+ (ground state),K (n=4) + K (n=16),800.0,K,1.5e-26,cm6/s,,,4.0,16.0,
151,K2+ (ground state) → K (n=4) + K (n=16),K2+ (ground state),K (n=4) + K (n=16),900.0,K,1.1e-26,cm6/s,,,4.0,16.0,
151,K2+ (ground state) → K (n=4) + K (n=16),K2+ (ground state),K (n=4) + K (n=16),1000.0,K,8.3e-27,cm6/s,,,4.0,16.0,
151,K2+ (ground state) → K (n=4) + K (n=16),K2+ (ground state),K (n=4) + K (n=16),1500.0,K,2.8e-27,cm6/s,,,4.0,16.0,
151,K2+ (ground state) → K (n=4) + K (n=16),K2+ (ground state),K (n=4) + K (n=16),2000.0,K,1.4e-27,cm6/s,,,4.0,16.0,
151,K2+ (ground state) → K (n=4) + K (n=16),K2+ (ground state),K (n=4) + K (n=16),2500.0,K,7.6e-28,cm6/s,,,4.0,16.0,
151,K2+ (ground state) → K (n=4) + K (n=16),K2+ (ground state),K (n=4) + K (n=16),3000.0,K,4.8e-28,cm6/s,,,4.0,16.0,
151,K2+ (ground state) → K (n=4) + K (n=16),K2+ (ground state),K (n=4) + K (n=16),4000.0,K,2.3e-28,cm6/s,,,4.0,16.0,
151,K2+ (ground state) → K (n=4) + K (n=16),K2+ (ground state),K (n=4) + K (n=16),5000.0,K,1.3e-28,cm6/s,,,4.0,16.0,
152,K2+ (ground state) → K (n=4) + K (n=17),K2+ (ground state),K (n=4) + K (n=17),500.0,K,4.9e-26,cm6/s,,,4.0,17.0,
152,K2+ (ground state) → K (n=4) + K (n=17),K2+ (ground state),K (n=4) + K (n=17),600.0,K,2.8e-26,cm6/s,,,4.0,17.0,
152,K2+ (ground state) → K (n=4) + K (n=17),K2+ (ground state),K (n=4) + K (n=17),700.0,K,1.8e-26,cm6/s,,,4.0,17.0,
152,K2+ (ground state) → K (n=4) + K (n=17),K2+ (ground state),K (n=4) + K (n=17),800.0,K,1.3e-26,cm6/s,,,4.0,17.0,
152,K2+ (ground state) → K (n=4) + K (n=17),K2+ (ground state),K (n=4) + K (n=17),900.0,K,9.1e-27,cm6/s,,,4.0,17.0,
152,K2+ (ground state) → K (n=4) + K (n=17),K2+ (ground state),K (n=4) + K (n=17),1000.0,K,6.9e-27,cm6/s,,,4.0,17.0,
152,K2+ (ground state) → K (n=4) + K (n=17),K2+ (ground state),K (n=4) + K (n=17),1500.0,K,2.4e-27,cm6/s,,,4.0,17.0,
152,K2+ (ground state) → K (n=4) + K (n=17),K2+ (ground state),K (n=4) + K (n=17),2000.0,K,1.1e-27,cm6/s,,,4.0,17.0,
152,K2+ (ground state) → K (n=4) + K (n=17),K2+ (ground state),K (n=4) + K (n=17),2500.0,K,6.4e-28,cm6/s,,,4.0,17.0,
152,K2+ (ground state) → K (n=4) + K (n=17),K2+ (ground state),K (n=4) + K (n=17),3000.0,K,4e-28,cm6/s,,,4.0,17.0,
152,K2+ (ground state) → K (n=4) + K (n=17),K2+ (ground state),K (n=4) + K (n=17),4000.0,K,1.9e-28,cm6/s,,,4.0,17.0,
152,K2+ (ground state) → K (n=4) + K (n=17),K2+ (ground state),K (n=4) + K (n=17),5000.0,K,1.1e-28,cm6/s,,,4.0,17.0,
153,K2+ (ground state) → K (n=4) + K (n=18),K2+ (ground state),K (n=4) + K (n=18),500.0,K,4e-26,cm6/s,,,4.0,18.0,
153,K2+ (ground state) → K (n=4) + K (n=18),K2+ (ground state),K (n=4) + K (n=18),600.0,K,2.3e-26,cm6/s,,,4.0,18.0,
153,K2+ (ground state) → K (n=4) + K (n=18),K2+ (ground state),K (n=4) + K (n=18),700.0,K,1.5e-26,cm6/s,,,4.0,18.0,
153,K2+ (ground state) → K (n=4) + K (n=18),K2+ (ground state),K (n=4) + K (n=18),800.0,K,1.1e-26,cm6/s,,,4.0,18.0,
153,K2+ (ground state) → K (n=4) + K (n=18),K2+ (ground state),K (n=4) + K (n=18),900.0,K,7.7e-27,cm6/s,,,4.0,18.0,
153,K2+ (ground state) → K (n=4) + K (n=18),K2+ (ground state),K (n=4) + K (n=18),1000.0,K,5.8e-27,cm6/s,,,4.0,18.0,
153,K2+ (ground state) → K (n=4) + K (n=18),K2+ (ground state),K (n=4) + K (n=18),1500.0,K,2e-27,cm6/s,,,4.0,18.0,
153,K2+ (ground state) → K (n=4) + K (n=18),K2+ (ground state),K (n=4) + K (n=18),2000.0,K,9.7e-28,cm6/s,,,4.0,18.0,
153,K2+ (ground state) → K (n=4) + K (n=18),K2+ (ground state),K (n=4) + K (n=18),2500.0,K,5.5e-28,cm6/s,,,4.0,18.0,
153,K2+ (ground state) → K (n=4) + K (n=18),K2+ (ground state),K (n=4) + K (n=18),3000.0,K,3.4e-28,cm6/s,,,4.0,18.0,
153,K2+ (ground state) → K (n=4) + K (n=18),K2+ (ground state),K (n=4) + K (n=18),4000.0,K,1.6e-28,cm6/s,,,4.0,18.0,
153,K2+ (ground state) → K (n=4) + K (n=18),K2+ (ground state),K (n=4) + K (n=18),5000.0,K,9.2e-29,cm6/s,,,4.0,18.0,
154,K2+ (ground state) → K (n=4) + K (n=19),K2+ (ground state),K (n=4) + K (n=19),500.0,K,3.3e-26,cm6/s,,,4.0,19.0,
154,K2+ (ground state) → K (n=4) + K (n=19),K2+ (ground state),K (n=4) + K (n=19),600.0,K,2e-26,cm6/s,,,4.0,19.0,
154,K2+ (ground state) → K (n=4) + K (n=19),K2+ (ground state),K (n=4) + K (n=19),700.0,K,1.3e-26,cm6/s,,,4.0,19.0,
154,K2+ (ground state) → K (n=4) + K (n=19),K2+ (ground state),K (n=4) + K (n=19),800.0,K,8.9e-27,cm6/s,,,4.0,19.0,
154,K2+ (ground state) → K (n=4) + K (n=19),K2+ (ground state),K (n=4) + K (n=19),900.0,K,6.5e-27,cm6/s,,,4.0,19.0,
154,K2+ (ground state) → K (n=4) + K (n=19),K2+ (ground state),K (n=4) + K (n=19),1000.0,K,4.9e-27,cm6/s,,,4.0,19.0,
154,K2+ (ground state) → K (n=4) + K (n=19),K2+ (ground state),K (n=4) + K (n=19),1500.0,K,1.7e-27,cm6/s,,,4.0,19.0,
154,K2+ (ground state) → K (n=4) + K (n=19),K2+ (ground state),K (n=4) + K (n=19),2000.0,K,8.3e-28,cm6/s,,,4.0,19.0,
154,K2+ (ground state) → K (n=4) + K (n=19),K2+ (ground state),K (n=4) + K (n=19),2500.0,K,4.7e-28,cm6/s,,,4.0,19.0,
154,K2+ (ground state) → K (n=4) + K (n=19),K2+ (ground state),K (n=4) + K (n=19),3000.0,K,3e-28,cm6/s,,,4.0,19.0,
154,K2+ (ground state) → K (n=4) + K (n=19),K2+ (ground state),K (n=4) + K (n=19),4000.0,K,1.4e-28,cm6/s,,,4.0,19.0,
154,K2+ (ground state) → K (n=4) + K (n=19),K2+ (ground state),K (n=4) + K (n=19),5000.0,K,7.9e-29,cm6/s,,,4.0,19.0,
155,K2+ (ground state) → K (n=4) + K (n=20),K2+ (ground state),K (n=4) + K (n=20),500.0,K,2.8e-26,cm6/s,,,4.0,20.0,
155,K2+ (ground state) → K (n=4) + K (n=20),K2+ (ground state),K (n=4) + K (n=20),600.0,K,1.7e-26,cm6/s,,,4.0,20.0,
155,K2+ (ground state) → K (n=4) + K (n=20),K2+ (ground state),K (n=4) + K (n=20),700.0,K,1.1e-26,cm6/s,,,4.0,20.0,
155,K2+ (ground state) → K (n=4) + K (n=20),K2+ (ground state),K (n=4) + K (n=20),800.0,K,7.6e-27,cm6/s,,,4.0,20.0,
155,K2+ (ground state) → K (n=4) + K (n=20),K2+ (ground state),K (n=4) + K (n=20),900.0,K,5.6e-27,cm6/s,,,4.0,20.0,
155,K2+ (ground state) → K (n=4) + K (n=20),K2+ (ground state),K (n=4) + K (n=20),1000.0,K,4.2e-27,cm6/s,,,4.0,20.0,
155,K2+ (ground state) → K (n=4) + K (n=20),K2+ (ground state),K (n=4) + K (n=20),1500.0,K,1.5e-27,cm6/s,,,4.0,20.0,
155,K2+ (ground state) → K (n=4) + K (n=20),K2+ (ground state),K (n=4) + K (n=20),2000.0,K,7.2e-28,cm6/s,,,4.0,20.0,
155,K2+ (ground state) → K (n=4) + K (n=20),K2+ (ground state),K (n=4) + K (n=20),2500.0,K,4.1e-28,cm6/s,,,4.0,20.0,
155,K2+ (ground state) → K (n=4) + K (n=20),K2+ (ground state),K (n=4) + K (n=20),3000.0,K,2.6e-28,cm6/s,,,4.0,20.0,
155,K2+ (ground state) → K (n=4) + K (n=20),K2+ (ground state),K (n=4) + K (n=20),4000.0,K,1.2e-28,cm6/s,,,4.0,20.0,
155,K2+ (ground state) → K (n=4) + K (n=20),K2+ (ground state),K (n=4) + K (n=20),5000.0,K,6.9e-29,cm6/s,,,4.0,20.0,
171,Li2+ (ground state) → Li (n=2) + Li (n=6),Li2+ (ground state),Li (n=2) + Li (n=6),500.0,K,7.1e-24,cm6/s,,,2.0,6.0,
171,Li2+ (ground state) → Li (n=2) + Li (n=6),Li2+ (ground state),Li (n=2) + Li (n=6),600.0,K,2e-24,cm6/s,,,2.0,6.0,
171,Li2+ (ground state) → Li (n=2) + Li (n=6),Li2+ (ground state),Li (n=2) + Li (n=6),700.0,K,7.9e-25,cm6/s,,,2.0,6.0,
171,Li2+ (ground state) → Li (n=2) + Li (n=6),Li2+ (ground state),Li (n=2) + Li (n=6),800.0,K,3.8e-25,cm6/s,,,2.0,6.0,
171,Li2+ (ground state) → Li (n=2) + Li (n=6),Li2+ (ground state),Li (n=2) + Li (n=6),900.0,K,2.1e-25,cm6/s,,,2.0,6.0,
171,Li2+ (ground state) → Li (n=2) + Li (n=6),Li2+ (ground state),Li (n=2) + Li (n=6),1000.0,K,1.3e-25,cm6/s,,,2.0,6.0,
171,Li2+ (ground state) → Li (n=2) + Li (n=6),Li2+ (ground state),Li (n=2) + Li (n=6),1500.0,K,2.7e-26,cm6/s,,,2.0,6.0,
171,Li2+ (ground state) → Li (n=2) + Li (n=6),Li2+ (ground state),Li (n=2) + Li (n=6),2000.0,K,1e-26,cm6/s,,,2.0,6.0,
171,Li2+ (ground state) → Li (n=2) + Li (n=6),Li2+ (ground state),Li (n=2) + Li (n=6),2500.0,K,5e-27,cm6/s,,,2.0,6.0,
171,Li2+ (ground state) → Li (n=2) + Li (n=6),Li2+ (ground state),Li (n=2) + Li (n=6),3000.0,K,2.9e-27,cm6/s,,,2.0,6.0,
171,Li2+ (ground state) → Li (n=2) + Li (n=6),Li2+ (ground state),Li (n=2) + Li (n=6),4000.0,K,1.3e-27,cm6/s,,,2.0,6.0,
171,Li2+ (ground state) → Li (n=2) + Li (n=6),Li2+ (ground state),Li (n=2) + Li (n=6),5000.0,K,7e-28,cm6/s,,,2.0,6.0,
172,Li2+ (ground state) → Li (n=2) + Li (n=7),Li2+ (ground state),Li (n=2) + Li (n=7),500.0,K,1.6e-24,cm6/s,,,2.0,7.0,
172,Li2+ (ground state) → Li (n=2) + Li (n=7),Li2+ (ground state),Li (n=2) + Li (n=7),600.0,K,5.9e-25,cm6/s,,,2.0,7.0,
172,Li2+ (ground state) → Li (n=2) + Li (n=7),Li2+ (ground state),Li (n=2) + Li (n=7),700.0,K,2.7e-25,cm6/s,,,2.0,7.0,
172,Li2+ (ground state) → Li (n=2) + Li (n=7),Li2+ (ground state),Li (n=2) + Li (n=7),800.0,K,1.5e-25,cm6/s,,,2.0,7.0,
172,Li2+ (ground state) → Li (n=2) + Li (n=7),Li2+ (ground state),Li (n=2) + Li (n=7),900.0,K,9.1e-26,cm6/s,,,2.0,7.0,
172,Li2+ (ground state) → Li (n=2) + Li (n=7),Li2+ (ground state),Li (n=2) + Li (n=7),1000.0,K,6e-26,cm6/s,,,2.0,7.0,
172,Li2+ (ground state) → Li (n=2) + Li (n=7),Li2+ (ground state),Li (n=2) + Li (n=7),1500.0,K,1.5e-26,cm6/s,,,2.0,7.0,
172,Li2+ (ground state) → Li (n=2) + Li (n=7),Li2+ (ground state),Li (n=2) + Li (n=7),2000.0,K,6e-27,cm6/s,,,2.0,7.0,
172,Li2+ (ground state) → Li (n=2) + Li (n=7),Li2+ (ground state),Li (n=2) + Li (n=7),2500.0,K,3.1e-27,cm6/s,,,2.0,7.0,
172,Li2+ (ground state) → Li (n=2) + Li (n=7),Li2+ (ground state),Li (n=2) + Li (n=7),3000.0,K,1.9e-27,cm6/s,,,2.0,7.0,
172,Li2+ (ground state) → Li (n=2) + Li (n=7),Li2+ (ground state),Li (n=2) + Li (n=7),4000.0,K,8.6e-28,cm6/s,,,2.0,7.0,
172,Li2+ (ground state) → Li (n=2) + Li (n=7),Li2+ (ground state),Li (n=2) + Li (n=7),5000.0,K,4.7e-28,cm6/s,,,2.0,7.0,
173,Li2+ (ground state) → Li (n=2) + Li (n=8),Li2+ (ground state),Li (n=2) + Li (n=8),500.0,K,5.9e-25,cm6/s,,,2.0,8.0,
173,Li2+ (ground state) → Li (n=2) + Li (n=8),Li2+ (ground state),Li (n=2) + Li (n=8),600.0,K,2.4e-25,cm6/s,,,2.0,8.0,
173,Li2+ (ground state) → Li (n=2) + Li (n=8),Li2+ (ground state),Li (n=2) + Li (n=8),700.0,K,1.3e-25,cm6/s,,,2.0,8.0,
173,Li2+ (ground state) → Li (n=2) + Li (n=8),Li2+ (ground state),Li (n=2) + Li (n=8),800.0,K,7.4e-26,cm6/s,,,2.0,8.0,
173,Li2+ (ground state) → Li (n=2) + Li (n=8),Li2+ (ground state),Li (n=2) + Li (n=8),900.0,K,4.8e-26,cm6/s,,,2.0,8.0,
173,Li2+ (ground state) → Li (n=2) + Li (n=8),Li2+ (ground state),Li (n=2) + Li (n=8),1000.0,K,3.3e-26,cm6/s,,,2.0,8.0,
173,Li2+ (ground state) → Li (n=2) + Li (n=8),Li2+ (ground state),Li (n=2) + Li (n=8),1500.0,K,9e-27,cm6/s,,,2.0,8.0,
173,Li2+ (ground state) → Li (n=2) + Li (n=8),Li2+ (ground state),Li (n=2) + Li (n=8),2000.0,K,3.9e-27,cm6/s,,,2.0,8.0,
173,Li2+ (ground state) → Li (n=2) + Li (n=8),Li2+ (ground state),Li (n=2) + Li (n=8),2500.0,K,2.1e-27,cm6/s,,,2.0,8.0,
173,Li2+ (ground state) → Li (n=2) + Li (n=8),Li2+ (ground state),Li (n=2) + Li (n=8),3000.0,K,1.3e-27,cm6/s,,,2.0,8.0,
173,Li2+ (ground state) → Li (n=2) + Li (n=8),Li2+ (ground state),Li (n=2) + Li (n=8),4000.0,K,6e-28,cm6/s,,,2.0,8.0,
173,Li2+ (ground state) → Li (n=2) + Li (n=8),Li2+ (ground state),Li (n=2) + Li (n=8),5000.0,K,3.3e-28,cm6/s,,,2.0,8.0,
174,Li2+ (ground state) → Li (n=2) + Li (n=9),Li2+ (ground state),Li (n=2) + Li (n=9),500.0,K,2.7e-25,cm6/s,,,2.0,9.0,
174,Li2+ (ground state) → Li (n=2) + Li (n=9),Li2+ (ground state),Li (n=2) + Li (n=9),600.0,K,1.3e-25,cm6/s,,,2.0,9.0,
174,Li2+ (ground state) → Li (n=2) + Li (n=9),Li2+ (ground state),Li (n=2) + Li (n=9),700.0,K,7e-26,cm6/s,,,2.0,9.0,
174,Li2+ (ground state) → Li (n=2) + Li (n=9),Li2+ (ground state),Li (n=2) + Li (n=9),800.0,K,4.3e-26,cm6/s,,,2.0,9.0,
174,Li2+ (ground state) → Li (n=2) + Li (n=9),Li2+ (ground state),Li (n=2) + Li (n=9),900.0,K,2.9e-26,cm6/s,,,2.0,9.0,
174,Li2+ (ground state) → Li (n=2) + Li (n=9),Li2+ (ground state),Li (n=2) + Li (n=9),1000.0,K,2.1e-26,cm6/s,,,2.0,9.0,
174,Li2+ (ground state) → Li (n=2) + Li (n=9),Li2+ (ground state),Li (n=2) + Li (n=9),1500.0,K,6.1e-27,cm6/s,,,2.0,9.0,
174,Li2+ (ground state) → Li (n=2) + Li (n=9),Li2+ (ground state),Li (n=2) + Li (n=9),2000.0,K,2.7e-27,cm6/s,,,2.0,9.0,
174,Li2+ (ground state) → Li (n=2) + Li (n=9),Li2+ (ground state),Li (n=2) + Li (n=9),2500.0,K,1.5e-27,cm6/s,,,2.0,9.0,
174,Li2+ (ground state) → Li (n=2) + Li (n=9),Li2+ (ground state),Li (n=2) + Li (n=9),3000.0,K,9.2e-28,cm6/s,,,2.0,9.0,
174,Li2+ (ground state) → Li (n=2) + Li (n=9),Li2+ (ground state),Li (n=2) + Li (n=9),4000.0,K,4.3e-28,cm6/s,,,2.0,9.0,
174,Li2+ (ground state) → Li (n=2) + Li (n=9),Li2+ (ground state),Li (n=2) + Li (n=9),5000.0,K,2.4e-28,cm6/s,,,2.0,9.0,
175,Li2+ (ground state) → Li (n=2) + Li (n=10),Li2+ (ground state),Li (n=2) + Li (n=10),500.0,K,1.5e-25,cm6/s,,,2.0,10.0,
175,Li2+ (ground state) → Li (n=2) + Li (n=10),Li2+ (ground state),Li (n=2) + Li (n=10),600.0,K,7.5e-26,cm6/s,,,2.0,10.0,
175,Li2+ (ground state) → Li (n=2) + Li (n=10),Li2+ (ground state),Li (n=2) + Li (n=10),700.0,K,4.4e-26,cm6/s,,,2.0,10.0,
175,Li2+ (ground state) → Li (n=2) + Li (n=10),Li2+ (ground state),Li (n=2) + Li (n=10),800.0,K,2.8e-26,cm6/s,,,2.0,10.0,
175,Li2+ (ground state) → Li (n=2) + Li (n=10),Li2+ (ground state),Li (n=2) + Li (n=10),900.0,K,1.9e-26,cm6/s,,,2.0,10.0,
175,Li2+ (ground state) → Li (n=2) + Li (n=10),Li2+ (ground state),Li (n=2) + Li (n=10),1000.0,K,1.4e-26,cm6/s,,,2.0,10.0,
175,Li2+ (ground state) → Li (n=2) + Li (n=10),Li2+ (ground state),Li (n=2) + Li (n=10),1500.0,K,4.3e-27,cm6/s,,,2.0,10.0,
175,Li2+ (ground state) → Li (n=2) + Li (n=10),Li2+ (ground state),Li (n=2) + Li (n=10),2000.0,K,2e-27,cm6/s,,,2.0,10.0,
175,Li2+ (ground state) → Li (n=2) + Li (n=10),Li2+ (ground state),Li (n=2) + Li (n=10),2500.0,K,1.1e-27,cm6/s,,,2.0,10.0,
175,Li2+ (ground state) → Li (n=2) + Li (n=10),Li2+ (ground state),Li (n=2) + Li (n=10),3000.0,K,6.8e-28,cm6/s,,,2.0,10.0,
175,Li2+ (ground state) → Li (n=2) + Li (n=10),Li2+ (ground state),Li (n=2) + Li (n=10),4000.0,K,3.2e-28,cm6/s,,,2.0,10.0,
175,Li2+ (ground state) → Li (n=2) + Li (n=10),Li2+ (ground state),Li (n=2) + Li (n=10),5000.0,K,1.8e-28,cm6/s,,,2.0,10.0,
176,Li2+ (ground state) → Li (n=2) + Li (n=11),Li2+ (ground state),Li (n=2) + Li (n=11),500.0,K,9.4e-26,cm6/s,,,2.0,11.0,
176,Li2+ (ground state) → Li (n=2) + Li (n=11),Li2+ (ground state),Li (n=2) + Li (n=11),600.0,K,4.9e-26,cm6/s,,,2.0,11.0,
176,Li2+ (ground state) → Li (n=2) + Li (n=11),Li2+ (ground state),Li (n=2) + Li (n=11),700.0,K,2.9e-26,cm6/s,,,2.0,11.0,
176,Li2+ (ground state) → Li (n=2) + Li (n=11),Li2+ (ground state),Li (n=2) + Li (n=11),800.0,K,1.9e-26,cm6/s,,,2.0,11.0,
176,Li2+ (ground state) → Li (n=2) + Li (n=11),Li2+ (ground state),Li (n=2) + Li (n=11),900.0,K,1.4e-26,cm6/s,,,2.0,11.0,
176,Li2+ (ground state) → Li (n=2) + Li (n=11),Li2+ (ground state),Li (n=2) + Li (n=11),1000.0,K,9.9e-27,cm6/s,,,2.0,11.0,
176,Li2+ (ground state) → Li (n=2) + Li (n=11),Li2+ (ground state),Li (n=2) + Li (n=11),1500.0,K,3.2e-27,cm6/s,,,2.0,11.0,
176,Li2+ (ground state) → Li (n=2) + Li (n=11),Li2+ (ground state),Li (n=2) + Li (n=11),2000.0,K,1.5e-27,cm6/s,,,2.0,11.0,
176,Li2+ (ground state) → Li (n=2) + Li (n=11),Li2+ (ground state),Li (n=2) + Li (n=11),2500.0,K,8.3e-28,cm6/s,,,2.0,11.0,
176,Li2+ (ground state) → Li (n=2) + Li (n=11),Li2+ (ground state),Li (n=2) + Li (n=11),3000.0,K,5.2e-28,cm6/s,,,2.0,11.0,
176,Li2+ (ground state) → Li (n=2) + Li (n=11),Li2+ (ground state),Li (n=2) + Li (n=11),4000.0,K,2.5e-28,cm6/s,,,2.0,11.0,
176,Li2+ (ground state) → Li (n=2) + Li (n=11),Li2+ (ground state),Li (n=2) + Li (n=11),5000.0,K,1.4e-28,cm6/s,,,2.0,11.0,
177,Li2+ (ground state) → Li (n=2) + Li (n=12),Li2+ (ground state),Li (n=2) + Li (n=12),500.0,K,6.3e-26,cm6/s,,,2.0,12.0,
177,Li2+ (ground state) → Li (n=2) + Li (n=12),Li2+ (ground state),Li (n=2) + Li (n=12),600.0,K,3.4e-26,cm6/s,,,2.0,12.0,
177,Li2+ (ground state) → Li (n=2) + Li (n=12),Li2+ (ground state),Li (n=2) + Li (n=12),700.0,K,2.1e-26,cm6/s,,,2.0,12.0,
177,Li2+ (ground state) → Li (n=2) + Li (n=12),Li2+ (ground state),Li (n=2) + Li (n=12),800.0,K,1.4e-26,cm6/s,,,2.0,12.0,
177,Li2+ (ground state) → Li (n=2) + Li (n=12),Li2+ (ground state),Li (n=2) + Li (n=12),900.0,K,1e-26,cm6/s,,,2.0,12.0,
177,Li2+ (ground state) → Li (n=2) + Li (n=12),Li2+ (ground state),Li (n=2) + Li (n=12),1000.0,K,7.4e-27,cm6/s,,,2.0,12.0,
177,Li2+ (ground state) → Li (n=2) + Li (n=12),Li2+ (ground state),Li (n=2) + Li (n=12),1500.0,K,2.4e-27,cm6/s,,,2.0,12.0,
177,Li2+ (ground state) → Li (n=2) + Li (n=12),Li2+ (ground state),Li (n=2) + Li (n=12),2000.0,K,1.2e-27,cm6/s,,,2.0,12.0,
177,Li2+ (ground state) → Li (n=2) + Li (n=12),Li2+ (ground state),Li (n=2) + Li (n=12),2500.0,K,6.5e-28,cm6/s,,,2.0,12.0,
177,Li2+ (ground state) → Li (n=2) + Li (n=12),Li2+ (ground state),Li (n=2) + Li (n=12),3000.0,K,4.1e-28,cm6/s,,,2.0,12.0,
177,Li2+ (ground state) → Li (n=2) + Li (n=12),Li2+ (ground state),Li (n=2) + Li (n=12),4000.0,K,2e-28,cm6/s,,,2.0,12.0,
177,Li2+ (ground state) → Li (n=2) + Li (n=12),Li2+ (ground state),Li (n=2) + Li (n=12),5000.0,K,1.1e-28,cm6/s,,,2.0,12.0,
178,Li2+ (ground state) → Li (n=2) + Li (n=13),Li2+ (ground state),Li (n=2) + Li (n=13),500.0,K,4.5e-26,cm6/s,,,2.0,13.0,
178,Li2+ (ground state) → Li (n=2) + Li (n=13),Li2+ (ground state),Li (n=2) + Li (n=13),600.0,K,2.5e-26,cm6/s,,,2.0,13.0,
178,Li2+ (ground state) → Li (n=2) + Li (n=13),Li2+ (ground state),Li (n=2) + Li (n=13),700.0,K,1.6e-26,cm6/s,,,2.0,13.0,
178,Li2+ (ground state) → Li (n=2) + Li (n=13),Li2+ (ground state),Li (n=2) + Li (n=13),800.0,K,1.1e-26,cm6/s,,,2.0,13.0,
178,Li2+ (ground state) → Li (n=2) + Li (n=13),Li2+ (ground state),Li (n=2) + Li (n=13),900.0,K,7.6e-27,cm6/s,,,2.0,13.0,
178,Li2+ (ground state) → Li (n=2) + Li (n=13),Li2+ (ground state),Li (n=2) + Li (n=13),1000.0,K,5.7e-27,cm6/s,,,2.0,13.0,
178,Li2+ (ground state) → Li (n=2) + Li (n=13),Li2+ (ground state),Li (n=2) + Li (n=13),1500.0,K,1.9e-27,cm6/s,,,2.0,13.0,
178,Li2+ (ground state) → Li (n=2) + Li (n=13),Li2+ (ground state),Li (n=2) + Li (n=13),2000.0,K,9.1e-28,cm6/s,,,2.0,13.0,
178,Li2+ (ground state) → Li (n=2) + Li (n=13),Li2+ (ground state),Li (n=2) + Li (n=13),2500.0,K,5.2e-28,cm6/s,,,2.0,13.0,
178,Li2+ (ground state) → Li (n=2) + Li (n=13),Li2+ (ground state),Li (n=2) + Li (n=13),3000.0,K,3.3e-28,cm6/s,,,2.0,13.0,
178,Li2+ (ground state) → Li (n=2) + Li (n=13),Li2+ (ground state),Li (n=2) + Li (n=13),4000.0,K,1.6e-28,cm6/s,,,2.0,13.0,
178,Li2+ (ground state) → Li (n=2) + Li (n=13),Li2+ (ground state),Li (n=2) + Li (n=13),5000.0,K,8.9e-29,cm6/s,,,2.0,13.0,
179,Li2+ (ground state) → Li (n=2) + Li (n=14),Li2+ (ground state),Li (n=2) + Li (n=14),500.0,K,3.3e-26,cm6/s,,,2.0,14.0,
179,Li2+ (ground state) → Li (n=2) + Li (n=14),Li2+ (ground state),Li (n=2) + Li (n=14),600.0,K,1.9e-26,cm6/s,,,2.0,14.0,
179,Li2+ (ground state) → Li (n=2) + Li (n=14),Li2+ (ground state),Li (n=2) + Li (n=14),700.0,K,1.2e-26,cm6/s,,,2.0,14.0,
179,Li2+ (ground state) → Li (n=2) + Li (n=14),Li2+ (ground state),Li (n=2) + Li (n=14),800.0,K,8.3e-27,cm6/s,,,2.0,14.0,
179,Li2+ (ground state) → Li (n=2) + Li (n=14),Li2+ (ground state),Li (n=2) + Li (n=14),900.0,K,6e-27,cm6/s,,,2.0,14.0,
179,Li2+ (ground state) → Li (n=2) + Li (n=14),Li2+ (ground state),Li (n=2) + Li (n=14),1000.0,K,4.5e-27,cm6/s,,,2.0,14.0,
179,Li2+ (ground state) → Li (n=2) + Li (n=14),Li2+ (ground state),Li (n=2) + Li (n=14),1500.0,K,1.5e-27,cm6/s,,,2.0,14.0,
179,Li2+ (ground state) → Li (n=2) + Li (n=14),Li2+ (ground state),Li (n=2) + Li (n=14),2000.0,K,7.4e-28,cm6/s,,,2.0,14.0,
179,Li2+ (ground state) → Li (n=2) + Li (n=14),Li2+ (ground state),Li (n=2) + Li (n=14),2500.0,K,4.2e-28,cm6/s,,,2.0,14.0,
179,Li2+ (ground state) → Li (n=2) + Li (n=14),Li2+ (ground state),Li (n=2) + Li (n=14),3000.0,K,2.6e-28,cm6/s,,,2.0,14.0,
179,Li2+ (ground state) → Li (n=2) + Li (n=14),Li2+ (ground state),Li (n=2) + Li (n=14),4000.0,K,1.3e-28,cm6/s,,,2.0,14.0,
179,Li2+ (ground state) → Li (n=2) + Li (n=14),Li2+ (ground state),Li (n=2) + Li (n=14),5000.0,K,7.2e-29,cm6/s,,,2.0,14.0,
180,Li2+ (ground state) → Li (n=2) + Li (n=15),Li2+ (ground state),Li (n=2) + Li (n=15),500.0,K,2.6e-26,cm6/s,,,2.0,15.0,
180,Li2+ (ground state) → Li (n=2) + Li (n=15),Li2+ (ground state),Li (n=2) + Li (n=15),600.0,K,1.5e-26,cm6/s,,,2.0,15.0,
180,Li2+ (ground state) → Li (n=2) + Li (n=15),Li2+ (ground state),Li (n=2) + Li (n=15),700.0,K,9.6e-27,cm6/s,,,2.0,15.0,
180,Li2+ (ground state) → Li (n=2) + Li (n=15),Li2+ (ground state),Li (n=2) + Li (n=15),800.0,K,6.6e-27,cm6/s,,,2.0,15.0,
180,Li2+ (ground state) → Li (n=2) + Li (n=15),Li2+ (ground state),Li (n=2) + Li (n=15),900.0,K,4.8e-27,cm6/s,,,2.0,15.0,
180,Li2+ (ground state) → Li (n=2) + Li (n=15),Li2+ (ground state),Li (n=2) + Li (n=15),1000.0,K,3.6e-27,cm6/s,,,2.0,15.0,
180,Li2+ (ground state) → Li (n=2) + Li (n=15),Li2+ (ground state),Li (n=2) + Li (n=15),1500.0,K,1.3e-27,cm6/s,,,2.0,15.0,
180,Li2+ (ground state) → Li (n=2) + Li (n=15),Li2+ (ground state),Li (n=2) + Li (n=15),2000.0,K,6e-28,cm6/s,,,2.0,15.0,
180,Li2+ (ground state) → Li (n=2) + Li (n=15),Li2+ (ground state),Li (n=2) + Li (n=15),2500.0,K,3.4e-28,cm6/s,,,2.0,15.0,
180,Li2+ (ground state) → Li (n=2) + Li (n=15),Li2+ (ground state),Li (n=2) + Li (n=15),3000.0,K,2.2e-28,cm6/s,,,2.0,15.0,
180,Li2+ (ground state) → Li (n=2) + Li (n=15),Li2+ (ground state),Li (n=2) + Li (n=15),4000.0,K,1e-28,cm6/s,,,2.0,15.0,
180,Li2+ (ground state) → Li (n=2) + Li (n=15),Li2+ (ground state),Li (n=2) + Li (n=15),5000.0,K,5.9e-29,cm6/s,,,2.0,15.0,
181,Li2+ (ground state) → Li (n=2) + Li (n=16),Li2+ (ground state),Li (n=2) + Li (n=16),500.0,K,2e-26,cm6/s,,,2.0,16.0,
181,Li2+ (ground state) → Li (n=2) + Li (n=16),Li2+ (ground state),Li (n=2) + Li (n=16),600.0,K,1.2e-26,cm6/s,,,2.0,16.0,
181,Li2+ (ground state) → Li (n=2) + Li (n=16),Li2+ (ground state),Li (n=2) + Li (n=16),700.0,K,7.7e-27,cm6/s,,,2.0,16.0,
181,Li2+ (ground state) → Li (n=2) + Li (n=16),Li2+ (ground state),Li (n=2) + Li (n=16),800.0,K,5.4e-27,cm6/s,,,2.0,16.0,
181,Li2+ (ground state) → Li (n=2) + Li (n=16),Li2+ (ground state),Li (n=2) + Li (n=16),900.0,K,3.9e-27,cm6/s,,,2.0,16.0,
181,Li2+ (ground state) → Li (n=2) + Li (n=16),Li2+ (ground state),Li (n=2) + Li (n=16),1000.0,K,3e-27,cm6/s,,,2.0,16.0,
181,Li2+ (ground state) → Li (n=2) + Li (n=16),Li2+ (ground state),Li (n=2) + Li (n=16),1500.0,K,1e-27,cm6/s,,,2.0,16.0,
181,Li2+ (ground state) → Li (n=2) + Li (n=16),Li2+ (ground state),Li (n=2) + Li (n=16),2000.0,K,5e-28,cm6/s,,,2.0,16.0,
181,Li2+ (ground state) → Li (n=2) + Li (n=16),Li2+ (ground state),Li (n=2) + Li (n=16),2500.0,K,2.9e-28,cm6/s,,,2.0,16.0,
181,Li2+ (ground state) → Li (n=2) + Li (n=16),Li2+ (ground state),Li (n=2) + Li (n=16),3000.0,K,1.8e-28,cm6/s,,,2.0,16.0,
181,Li2+ (ground state) → Li (n=2) + Li (n=16),Li2+ (ground state),Li (n=2) + Li (n=16),4000.0,K,8.8e-29,cm6/s,,,2.0,16.0,
181,Li2+ (ground state) → Li (n=2) + Li (n=16),Li2+ (ground state),Li (n=2) + Li (n=16),5000.0,K,5e-29,cm6/s,,,2.0,16.0,
182,Li2+ (ground state) → Li (n=2) + Li (n=17),Li2+ (ground state),Li (n=2) + Li (n=17),500.0,K,1.6e-26,cm6/s,,,2.0,17.0,
182,Li2+ (ground state) → Li (n=2) + Li (n=17),Li2+ (ground state),Li (n=2) + Li (n=17),600.0,K,9.7e-27,cm6/s,,,2.0,17.0,
182,Li2+ (ground state) → Li (n=2) + Li (n=17),Li2+ (ground state),Li (n=2) + Li (n=17),700.0,K,6.3e-27,cm6/s,,,2.0,17.0,
182,Li2+ (ground state) → Li (n=2) + Li (n=17),Li2+ (ground state),Li (n=2) + Li (n=17),800.0,K,4.4e-27,cm6/s,,,2.0,17.0,
182,Li2+ (ground state) → Li (n=2) + Li (n=17),Li2+ (ground state),Li (n=2) + Li (n=17),900.0,K,3.2e-27,cm6/s,,,2.0,17.0,
182,Li2+ (ground state) → Li (n=2) + Li (n=17),Li2+ (ground state),Li (n=2) + Li (n=17),1000.0,K,2.5e-27,cm6/s,,,2.0,17.0,
182,Li2+ (ground state) → Li (n=2) + Li (n=17),Li2+ (ground state),Li (n=2) + Li (n=17),1500.0,K,8.7e-28,cm6/s,,,2.0,17.0,
182,Li2+ (ground state) → Li (n=2) + Li (n=17),Li2+ (ground state),Li (n=2) + Li (n=17),2000.0,K,4.2e-28,cm6/s,,,2.0,17.0,
182,Li2+ (ground state) → Li (n=2) + Li (n=17),Li2+ (ground state),Li (n=2) + Li (n=17),2500.0,K,2.4e-28,cm6/s,,,2.0,17.0,
182,Li2+ (ground state) → Li (n=2) + Li (n=17),Li2+ (ground state),Li (n=2) + Li (n=17),3000.0,K,1.5e-28,cm6/s,,,2.0,17.0,
182,Li2+ (ground state) → Li (n=2) + Li (n=17),Li2+ (ground state),Li (n=2) + Li (n=17),4000.0,K,7.4e-29,cm6/s,,,2.0,17.0,
182,Li2+ (ground state) → Li (n=2) + Li (n=17),Li2+ (ground state),Li (n=2) + Li (n=17),5000.0,K,4.2e-29,cm6/s,,,2.0,17.0,
183,Li2+ (ground state) → Li (n=2) + Li (n=18),Li2+ (ground state),Li (n=2) + Li (n=18),500.0,K,1.3e-26,cm6/s,,,2.0,18.0,
183,Li2+ (ground state) → Li (n=2) + Li (n=18),Li2+ (ground state),Li (n=2) + Li (n=18),600.0,K,8.1e-27,cm6/s,,,2.0,18.0,
183,Li2+ (ground state) → Li (n=2) + Li (n=18),Li2+ (ground state),Li (n=2) + Li (n=18),700.0,K,5.3e-27,cm6/s,,,2.0,18.0,
183,Li2+ (ground state) → Li (n=2) + Li (n=18),Li2+ (ground state),Li (n=2) + Li (n=18),800.0,K,3.7e-27,cm6/s,,,2.0,18.0,
183,Li2+ (ground state) → Li (n=2) + Li (n=18),Li2+ (ground state),Li (n=2) + Li (n=18),900.0,K,2.7e-27,cm6/s,,,2.0,18.0,
183,Li2+ (ground state) → Li (n=2) + Li (n=18),Li2+ (ground state),Li (n=2) + Li (n=18),1000.0,K,2.1e-27,cm6/s,,,2.0,18.0,
183,Li2+ (ground state) → Li (n=2) + Li (n=18),Li2+ (ground state),Li (n=2) + Li (n=18),1500.0,K,7.4e-28,cm6/s,,,2.0,18.0,
183,Li2+ (ground state) → Li (n=2) + Li (n=18),Li2+ (ground state),Li (n=2) + Li (n=18),2000.0,K,3.6e-28,cm6/s,,,2.0,18.0,
183,Li2+ (ground state) → Li (n=2) + Li (n=18),Li2+ (ground state),Li (n=2) + Li (n=18),2500.0,K,2e-28,cm6/s,,,2.0,18.0,
183,Li2+ (ground state) → Li (n=2) + Li (n=18),Li2+ (ground state),Li (n=2) + Li (n=18),3000.0,K,1.3e-28,cm6/s,,,2.0,18.0,
183,Li2+ (ground state) → Li (n=2) + Li (n=18),Li2+ (ground state),Li (n=2) + Li (n=18),4000.0,K,6.3e-29,cm6/s,,,2.0,18.0,
183,Li2+ (ground state) → Li (n=2) + Li (n=18),Li2+ (ground state),Li (n=2) + Li (n=18),5000.0,K,3.6e-29,cm6/s,,,2.0,18.0,
184,Li2+ (ground state) → Li (n=2) + Li (n=19),Li2+ (ground state),Li (n=2) + Li (n=19),500.0,K,1.1e-26,cm6/s,,,2.0,19.0,
184,Li2+ (ground state) → Li (n=2) + Li (n=19),Li2+ (ground state),Li (n=2) + Li (n=19),600.0,K,6.8e-27,cm6/s,,,2.0,19.0,
184,Li2+ (ground state) → Li (n=2) + Li (n=19),Li2+ (ground state),Li (n=2) + Li (n=19),700.0,K,4.5e-27,cm6/s,,,2.0,19.0,
184,Li2+ (ground state) → Li (n=2) + Li (n=19),Li2+ (ground state),Li (n=2) + Li (n=19),800.0,K,3.1e-27,cm6/s,,,2.0,19.0,
184,Li2+ (ground state) → Li (n=2) + Li (n=19),Li2+ (ground state),Li (n=2) + Li (n=19),900.0,K,2.3e-27,cm6/s,,,2.0,19.0,
184,Li2+ (ground state) → Li (n=2) + Li (n=19),Li2+ (ground state),Li (n=2) + Li (n=19),1000.0,K,1.8e-27,cm6/s,,,2.0,19.0,
184,Li2+ (ground state) → Li (n=2) + Li (n=19),Li2+ (ground state),Li (n=2) + Li (n=19),1500.0,K,6.3e-28,cm6/s,,,2.0,19.0,
184,Li2+ (ground state) → Li (n=2) + Li (n=19),Li2+ (ground state),Li (n=2) + Li (n=19),2000.0,K,3.1e-28,cm6/s,,,2.0,19.0,
184,Li2+ (ground state) → Li (n=2) + Li (n=19),Li2+ (ground state),Li (n=2) + Li (n=19),2500.0,K,1.8e-28,cm6/s,,,2.0,19.0,
184,Li2+ (ground state) → Li (n=2) + Li (n=19),Li2+ (ground state),Li (n=2) + Li (n=19),3000.0,K,1.1e-28,cm6/s,,,2.0,19.0,
184,Li2+ (ground state) → Li (n=2) + Li (n=19),Li2+ (ground state),Li (n=2) + Li (n=19),4000.0,K,5.4e-29,cm6/s,,,2.0,19.0,
184,Li2+ (ground state) → Li (n=2) + Li (n=19),Li2+ (ground state),Li (n=2) + Li (n=19),5000.0,K,3.1e-29,cm6/s,,,2.0,19.0,
185,Li2+ (ground state) → Li (n=2) + Li (n=20),Li2+ (ground state),Li (n=2) + Li (n=20),500.0,K,9.5e-27,cm6/s,,,2.0,20.0,
185,Li2+ (ground state) → Li (n=2) + Li (n=20),Li2+ (ground state),Li (n=2) + Li (n=20),600.0,K,5.8e-27,cm6/s,,,2.0,20.0,
185,Li2+ (ground state) → Li (n=2) + Li (n=20),Li2+ (ground state),Li (n=2) + Li (n=20),700.0,K,3.8e-27,cm6/s,,,2.0,20.0,
185,Li2+ (ground state) → Li (n=2) + Li (n=20),Li2+ (ground state),Li (n=2) + Li (n=20),800.0,K,2.7e-27,cm6/s,,,2.0,20.0,
185,Li2+ (ground state) → Li (n=2) + Li (n=20),Li2+ (ground state),Li (n=2) + Li (n=20),900.0,K,2e-27,cm6/s,,,2.0,20.0,
185,Li2+ (ground state) → Li (n=2) + Li (n=20),Li2+ (ground state),Li (n=2) + Li (n=20),1000.0,K,1.5e-27,cm6/s,,,2.0,20.0,
185,Li2+ (ground state) → Li (n=2) + Li (n=20),Li2+ (ground state),Li (n=2) + Li (n=20),1500.0,K,5.4e-28,cm6/s,,,2.0,20.0,
185,Li2+ (ground state) → Li (n=2) + Li (n=20),Li2+ (ground state),Li (n=2) + Li (n=20),2000.0,K,2.6e-28,cm6/s,,,2.0,20.0,
185,Li2+ (ground state) → Li (n=2) + Li (n=20),Li2+ (ground state),Li (n=2) + Li (n=20),2500.0,K,1.5e-28,cm6/s,,,2.0,20.0,
185,Li2+ (ground state) → Li (n=2) + Li (n=20),Li2+ (ground state),Li (n=2) + Li (n=20),3000.0,K,9.6e-29,cm6/s,,,2.0,20.0,
185,Li2+ (ground state) → Li (n=2) + Li (n=20),Li2+ (ground state),Li (n=2) + Li (n=20),4000.0,K,4.7e-29,cm6/s,,,2.0,20.0,
185,Li2+ (ground state) → Li (n=2) + Li (n=20),Li2+ (ground state),Li (n=2) + Li (n=20),5000.0,K,2.6e-29,cm6/s,,,2.0,20.0,
201,Na2+ (ground state) → Na (n=3) + Na (n=6),Na2+ (ground state),Na (n=3) + Na (n=6),500.0,K,7e-24,cm6/s,,,3.0,6.0,
201,Na2+ (ground state) → Na (n=3) + Na (n=6),Na2+ (ground state),Na (n=3) + Na (n=6),600.0,K,2e-24,cm6/s,,,3.0,6.0,
201,Na2+ (ground state) → Na (n=3) + Na (n=6),Na2+ (ground state),Na (n=3) + Na (n=6),700.0,K,8.1e-25,cm6/s,,,3.0,6.0,
201,Na2+ (ground state) → Na (n=3) + Na (n=6),Na2+ (ground state),Na (n=3) + Na (n=6),800.0,K,4e-25,cm6/s,,,3.0,6.0,
201,Na2+ (ground state) → Na (n=3) + Na (n=6),Na2+ (ground state),Na (n=3) + Na (n=6),900.0,K,2.3e-25,cm6/s,,,3.0,6.0,
201,Na2+ (ground state) → Na (n=3) + Na (n=6),Na2+ (ground state),Na (n=3) + Na (n=6),1000.0,K,1.4e-25,cm6/s,,,3.0,6.0,
201,Na2+ (ground state) → Na (n=3) + Na (n=6),Na2+ (ground state),Na (n=3) + Na (n=6),1500.0,K,2.9e-26,cm6/s,,,3.0,6.0,
201,Na2+ (ground state) → Na (n=3) + Na (n=6),Na2+ (ground state),Na (n=3) + Na (n=6),2000.0,K,1.1e-26,cm6/s,,,3.0,6.0,
201,Na2+ (ground state) → Na (n=3) + Na (n=6),Na2+ (ground state),Na (n=3) + Na (n=6),2500.0,K,5.6e-27,cm6/s,,,3.0,6.0,
201,Na2+ (ground state) → Na (n=3) + Na (n=6),Na2+ (ground state),Na (n=3) + Na (n=6),3000.0,K,3.3e-27,cm6/s,,,3.0,6.0,
201,Na2+ (ground state) → Na (n=3) + Na (n=6),Na2+ (ground state),Na (n=3) + Na (n=6),4000.0,K,1.4e-27,cm6/s,,,3.0,6.0,
201,Na2+ (ground state) → Na (n=3) + Na (n=6),Na2+ (ground state),Na (n=3) + Na (n=6),5000.0,K,7.8e-28,cm6/s,,,3.0,6.0,
202,Na2+ (ground state) → Na (n=3) + Na (n=7),Na2+ (ground state),Na (n=3) + Na (n=7),500.0,K,1.7e-24,cm6/s,,,3.0,7.0,
202,Na2+ (ground state) → Na (n=3) + Na (n=7),Na2+ (ground state),Na (n=3) + Na (n=7),600.0,K,6.2e-25,cm6/s,,,3.0,7.0,
202,Na2+ (ground state) → Na (n=3) + Na (n=7),Na2+ (ground state),Na (n=3) + Na (n=7),700.0,K,2.9e-25,cm6/s,,,3.0,7.0,
202,Na2+ (ground state) → Na (n=3) + Na (n=7),Na2+ (ground state),Na (n=3) + Na (n=7),800.0,K,1.6e-25,cm6/s,,,3.0,7.0,
202,Na2+ (ground state) → Na (n=3) + Na (n=7),Na2+ (ground state),Na (n=3) + Na (n=7),900.0,K,9.8e-26,cm6/s,,,3.0,7.0,
202,Na2+ (ground state) → Na (n=3) + Na (n=7),Na2+ (ground state),Na (n=3) + Na (n=7),1000.0,K,6.5e-26,cm6/s,,,3.0,7.0,
202,Na2+ (ground state) → Na (n=3) + Na (n=7),Na2+ (ground state),Na (n=3) + Na (n=7),1500.0,K,1.6e-26,cm6/s,,,3.0,7.0,
202,Na2+ (ground state) → Na (n=3) + Na (n=7),Na2+ (ground state),Na (n=3) + Na (n=7),2000.0,K,6.7e-27,cm6/s,,,3.0,7.0,
202,Na2+ (ground state) → Na (n=3) + Na (n=7),Na2+ (ground state),Na (n=3) + Na (n=7),2500.0,K,3.5e-27,cm6/s,,,3.0,7.0,
202,Na2+ (ground state) → Na (n=3) + Na (n=7),Na2+ (ground state),Na (n=3) + Na (n=7),3000.0,K,2.1e-27,cm6/s,,,3.0,7.0,
202,Na2+ (ground state) → Na (n=3) + Na (n=7),Na2+ (ground state),Na (n=3) + Na (n=7),4000.0,K,9.6e-28,cm6/s,,,3.0,7.0,
202,Na2+ (ground state) → Na (n=3) + Na (n=7),Na2+ (ground state),Na (n=3) + Na (n=7),5000.0,K,5.3e-28,cm6/s,,,3.0,7.0,
203,Na2+ (ground state) → Na (n=3) + Na (n=8),Na2+ (ground state),Na (n=3) + Na (n=8),500.0,K,6.2e-25,cm6/s,,,3.0,8.0,
203,Na2+ (ground state) → Na (n=3) + Na (n=8),Na2+ (ground state),Na (n=3) + Na (n=8),600.0,K,2.6e-25,cm6/s,,,3.0,8.0,
203,Na2+ (ground state) → Na (n=3) + Na (n=8),Na2+ (ground state),Na (n=3) + Na (n=8),700.0,K,1.4e-25,cm6/s,,,3.0,8.0,
203,Na2+ (ground state) → Na (n=3) + Na (n=8),Na2+ (ground state),Na (n=3) + Na (n=8),800.0,K,8.1e-26,cm6/s,,,3.0,8.0,
203,Na2+ (ground state) → Na (n=3) + Na (n=8),Na2+ (ground state),Na (n=3) + Na (n=8),900.0,K,5.3e-26,cm6/s,,,3.0,8.0,
203,Na2+ (ground state) → Na (n=3) + Na (n=8),Na2+ (ground state),Na (n=3) + Na (n=8),1000.0,K,3.6e-26,cm6/s,,,3.0,8.0,
203,Na2+ (ground state) → Na (n=3) + Na (n=8),Na2+ (ground state),Na (n=3) + Na (n=8),1500.0,K,1e-26,cm6/s,,,3.0,8.0,
203,Na2+ (ground state) → Na (n=3) + Na (n=8),Na2+ (ground state),Na (n=3) + Na (n=8),2000.0,K,4.4e-27,cm6/s,,,3.0,8.0,
203,Na2+ (ground state) → Na (n=3) + Na (n=8),Na2+ (ground state),Na (n=3) + Na (n=8),2500.0,K,2.4e-27,cm6/s,,,3.0,8.0,
203,Na2+ (ground state) → Na (n=3) + Na (n=8),Na2+ (ground state),Na (n=3) + Na (n=8),3000.0,K,1.4e-27,cm6/s,,,3.0,8.0,
203,Na2+ (ground state) → Na (n=3) + Na (n=8),Na2+ (ground state),Na (n=3) + Na (n=8),4000.0,K,6.7e-28,cm6/s,,,3.0,8.0,
203,Na2+ (ground state) → Na (n=3) + Na (n=8),Na2+ (ground state),Na (n=3) + Na (n=8),5000.0,K,3.7e-28,cm6/s,,,3.0,8.0,
204,Na2+ (ground state) → Na (n=3) + Na (n=9),Na2+ (ground state),Na (n=3) + Na (n=9),500.0,K,2.9e-25,cm6/s,,,3.0,9.0,
204,Na2+ (ground state) → Na (n=3) + Na (n=9),Na2+ (ground state),Na (n=3) + Na (n=9),600.0,K,1.4e-25,cm6/s,,,3.0,9.0,
204,Na2+ (ground state) → Na (n=3) + Na (n=9),Na2+ (ground state),Na (n=3) + Na (n=9),700.0,K,7.7e-26,cm6/s,,,3.0,9.0,
204,Na2+ (ground state) → Na (n=3) + Na (n=9),Na2+ (ground state),Na (n=3) + Na (n=9),800.0,K,4.8e-26,cm6/s,,,3.0,9.0,
204,Na2+ (ground state) → Na (n=3) + Na (n=9),Na2+ (ground state),Na (n=3) + Na (n=9),900.0,K,3.2e-26,cm6/s,,,3.0,9.0,
204,Na2+ (ground state) → Na (n=3) + Na (n=9),Na2+ (ground state),Na (n=3) + Na (n=9),1000.0,K,2.3e-26,cm6/s,,,3.0,9.0,
204,Na2+ (ground state) → Na (n=3) + Na (n=9),Na2+ (ground state),Na (n=3) + Na (n=9),1500.0,K,6.8e-27,cm6/s,,,3.0,9.0,
204,Na2+ (ground state) → Na (n=3) + Na (n=9),Na2+ (ground state),Na (n=3) + Na (n=9),2000.0,K,3.1e-27,cm6/s,,,3.0,9.0,
204,Na2+ (ground state) → Na (n=3) + Na (n=9),Na2+ (ground state),Na (n=3) + Na (n=9),2500.0,K,1.7e-27,cm6/s,,,3.0,9.0,
204,Na2+ (ground state) → Na (n=3) + Na (n=9),Na2+ (ground state),Na (n=3) + Na (n=9),3000.0,K,1e-27,cm6/s,,,3.0,9.0,
204,Na2+ (ground state) → Na (n=3) + Na (n=9),Na2+ (ground state),Na (n=3) + Na (n=9),4000.0,K,4.9e-28,cm6/s,,,3.0,9.0,
204,Na2+ (ground state) → Na (n=3) + Na (n=9),Na2+ (ground state),Na (n=3) + Na (n=9),5000.0,K,2.7e-28,cm6/s,,,3.0,9.0,
205,Na2+ (ground state) → Na (n=3) + Na (n=10),Na2+ (ground state),Na (n=3) + Na (n=10),500.0,K,1.6e-25,cm6/s,,,3.0,10.0,
205,Na2+ (ground state) → Na (n=3) + Na (n=10),Na2+ (ground state),Na (n=3) + Na (n=10),600.0,K,8.2e-26,cm6/s,,,3.0,10.0,
205,Na2+ (ground state) → Na (n=3) + Na (n=10),Na2+ (ground state),Na (n=3) + Na (n=10),700.0,K,4.8e-26,cm6/s,,,3.0,10.0,
205,Na2+ (ground state) → Na (n=3) + Na (n=10),Na2+ (ground state),Na (n=3) + Na (n=10),800.0,K,3.1e-26,cm6/s,,,3.0,10.0,
205,Na2+ (ground state) → Na (n=3) + Na (n=10),Na2+ (ground state),Na (n=3) + Na (n=10),900.0,K,2.1e-26,cm6/s,,,3.0,10.0,
205,Na2+ (ground state) → Na (n=3) + Na (n=10),Na2+ (ground state),Na (n=3) + Na (n=10),1000.0,K,1.5e-26,cm6/s,,,3.0,10.0,
205,Na2+ (ground state) → Na (n=3) + Na (n=10),Na2+ (ground state),Na (n=3) + Na (n=10),1500.0,K,4.9e-27,cm6/s,,,3.0,10.0,
205,Na2+ (ground state) → Na (n=3) + Na (n=10),Na2+ (ground state),Na (n=3) + Na (n=10),2000.0,K,2.2e-27,cm6/s,,,3.0,10.0,
205,Na2+ (ground state) → Na (n=3) + Na (n=10),Na2+ (ground state),Na (n=3) + Na (n=10),2500.0,K,1.2e-27,cm6/s,,,3.0,10.0,
205,Na2+ (ground state) → Na (n=3) + Na (n=10),Na2+ (ground state),Na (n=3) + Na (n=10),3000.0,K,7.7e-28,cm6/s,,,3.0,10.0,
205,Na2+ (ground state) → Na (n=3) + Na (n=10),Na2+ (ground state),Na (n=3) + Na (n=10),4000.0,K,3.7e-28,cm6/s,,,3.0,10.0,
205,Na2+ (ground state) → Na (n=3) + Na (n=10),Na2+ (ground state),Na (n=3) + Na (n=10),5000.0,K,2.1e-28,cm6/s,,,3.0,10.0,
206,Na2+ (ground state) → Na (n=3) + Na (n=11),Na2+ (ground state),Na (n=3) + Na (n=11),500.0,K,1e-25,cm6/s,,,3.0,11.0,
206,Na2+ (ground state) → Na (n=3) + Na (n=11),Na2+ (ground state),Na (n=3) + Na (n=11),600.0,K,5.4e-26,cm6/s,,,3.0,11.0,
206,Na2+ (ground state) → Na (n=3) + Na (n=11),Na2+ (ground state),Na (n=3) + Na (n=11),700.0,K,3.3e-26,cm6/s,,,3.0,11.0,
206,Na2+ (ground state) → Na (n=3) + Na (n=11),Na2+ (ground state),Na (n=3) + Na (n=11),800.0,K,2.1e-26,cm6/s,,,3.0,11.0,
206,Na2+ (ground state) → Na (n=3) + Na (n=11),Na2+ (ground state),Na (n=3) + Na (n=11),900.0,K,1.5e-26,cm6/s,,,3.0,11.0,
206,Na2+ (ground state) → Na (n=3) + Na (n=11),Na2+ (ground state),Na (n=3) + Na (n=11),1000.0,K,1.1e-26,cm6/s,,,3.0,11.0,
206,Na2+ (ground state) → Na (n=3) + Na (n=11),Na2+ (ground state),Na (n=3) + Na (n=11),1500.0,K,3.6e-27,cm6/s,,,3.0,11.0,
206,Na2+ (ground state) → Na (n=3) + Na (n=11),Na2+ (ground state),Na (n=3) + Na (n=11),2000.0,K,1.7e-27,cm6/s,,,3.0,11.0,
206,Na2+ (ground state) → Na (n=3) + Na (n=11),Na2+ (ground state),Na (n=3) + Na (n=11),2500.0,K,9.4e-28,cm6/s,,,3.0,11.0,
206,Na2+ (ground state) → Na (n=3) + Na (n=11),Na2+ (ground state),Na (n=3) + Na (n=11),3000.0,K,5.9e-28,cm6/s,,,3.0,11.0,
206,Na2+ (ground state) → Na (n=3) + Na (n=11),Na2+ (ground state),Na (n=3) + Na (n=11),4000.0,K,2.8e-28,cm6/s,,,3.0,11.0,
206,Na2+ (ground state) → Na (n=3) + Na (n=11),Na2+ (ground state),Na (n=3) + Na (n=11),5000.0,K,1.6e-28,cm6/s,,,3.0,11.0,
207,Na2+ (ground state) → Na (n=3) + Na (n=12),Na2+ (ground state),Na (n=3) + Na (n=12),500.0,K,6.9e-26,cm6/s,,,3.0,12.0,
207,Na2+ (ground state) → Na (n=3) + Na (n=12),Na2+ (ground state),Na (n=3) + Na (n=12),600.0,K,3.8e-26,cm6/s,,,3.0,12.0,
207,Na2+ (ground state) → Na (n=3) + Na (n=12),Na2+ (ground state),Na (n=3) + Na (n=12),700.0,K,2.3e-26,cm6/s,,,3.0,12.0,
207,Na2+ (ground state) → Na (n=3) + Na (n=12),Na2+ (ground state),Na (n=3) + Na (n=12),800.0,K,1.6e-26,cm6/s,,,3.0,12.0,
207,Na2+ (ground state) → Na (n=3) + Na (n=12),Na2+ (ground state),Na (n=3) + Na (n=12),900.0,K,1.1e-26,cm6/s,,,3.0,12.0,
207,Na2+ (ground state) → Na (n=3) + Na (n=12),Na2+ (ground state),Na (n=3) + Na (n=12),1000.0,K,8.3e-27,cm6/s,,,3.0,12.0,
207,Na2+ (ground state) → Na (n=3) + Na (n=12),Na2+ (ground state),Na (n=3) + Na (n=12),1500.0,K,2.8e-27,cm6/s,,,3.0,12.0,
207,Na2+ (ground state) → Na (n=3) + Na (n=12),Na2+ (ground state),Na (n=3) + Na (n=12),2000.0,K,1.3e-27,cm6/s,,,3.0,12.0,
207,Na2+ (ground state) → Na (n=3) + Na (n=12),Na2+ (ground state),Na (n=3) + Na (n=12),2500.0,K,7.4e-28,cm6/s,,,3.0,12.0,
207,Na2+ (ground state) → Na (n=3) + Na (n=12),Na2+ (ground state),Na (n=3) + Na (n=12),3000.0,K,4.6e-28,cm6/s,,,3.0,12.0,
207,Na2+ (ground state) → Na (n=3) + Na (n=12),Na2+ (ground state),Na (n=3) + Na (n=12),4000.0,K,2.2e-28,cm6/s,,,3.0,12.0,
207,Na2+ (ground state) → Na (n=3) + Na (n=12),Na2+ (ground state),Na (n=3) + Na (n=12),5000.0,K,1.3e-28,cm6/s,,,3.0,12.0,
208,Na2+ (ground state) → Na (n=3) + Na (n=13),Na2+ (ground state),Na (n=3) + Na (n=13),500.0,K,4.9e-26,cm6/s,,,3.0,13.0,
208,Na2+ (ground state) → Na (n=3) + Na (n=13),Na2+ (ground state),Na (n=3) + Na (n=13),600.0,K,2.8e-26,cm6/s,,,3.0,13.0,
208,Na2+ (ground state) → Na (n=3) + Na (n=13),Na2+ (ground state),Na (n=3) + Na (n=13),700.0,K,1.7e-26,cm6/s,,,3.0,13.0,
208,Na2+ (ground state) → Na (n=3) + Na (n=13),Na2+ (ground state),Na (n=3) + Na (n=13),800.0,K,1.2e-26,cm6/s,,,3.0,13.0,
208,Na2+ (ground state) → Na (n=3) + Na (n=13),Na2+ (ground state),Na (n=3) + Na (n=13),900.0,K,8.5e-27,cm6/s,,,3.0,13.0,
208,Na2+ (ground state) → Na (n=3) + Na (n=13),Na2+ (ground state),Na (n=3) + Na (n=13),1000.0,K,6.4e-27,cm6/s,,,3.0,13.0,
208,Na2+ (ground state) → Na (n=3) + Na (n=13),Na2+ (ground state),Na (n=3) + Na (n=13),1500.0,K,2.2e-27,cm6/s,,,3.0,13.0,
208,Na2+ (ground state) → Na (n=3) + Na (n=13),Na2+ (ground state),Na (n=3) + Na (n=13),2000.0,K,1e-27,cm6/s,,,3.0,13.0,
208,Na2+ (ground state) → Na (n=3) + Na (n=13),Na2+ (ground state),Na (n=3) + Na (n=13),2500.0,K,5.9e-28,cm6/s,,,3.0,13.0,
208,Na2+ (ground state) → Na (n=3) + Na (n=13),Na2+ (ground state),Na (n=3) + Na (n=13),3000.0,K,3.7e-28,cm6/s,,,3.0,13.0,
208,Na2+ (ground state) → Na (n=3) + Na (n=13),Na2+ (ground state),Na (n=3) + Na (n=13),4000.0,K,1.8e-28,cm6/s,,,3.0,13.0,
208,Na2+ (ground state) → Na (n=3) + Na (n=13),Na2+ (ground state),Na (n=3) + Na (n=13),5000.0,K,1e-28,cm6/s,,,3.0,13.0,
209,Na2+ (ground state) → Na (n=3) + Na (n=14),Na2+ (ground state),Na (n=3) + Na (n=14),500.0,K,3.7e-26,cm6/s,,,3.0,14.0,
209,Na2+ (ground state) → Na (n=3) + Na (n=14),Na2+ (ground state),Na (n=3) + Na (n=14),600.0,K,2.1e-26,cm6/s,,,3.0,14.0,
209,Na2+ (ground state) → Na (n=3) + Na (n=14),Na2+ (ground state),Na (n=3) + Na (n=14),700.0,K,1.3e-26,cm6/s,,,3.0,14.0,
209,Na2+ (ground state) → Na (n=3) + Na (n=14),Na2+ (ground state),Na (n=3) + Na (n=14),800.0,K,9.2e-27,cm6/s,,,3.0,14.0,
209,Na2+ (ground state) → Na (n=3) + Na (n=14),Na2+ (ground state),Na (n=3) + Na (n=14),900.0,K,6.7e-27,cm6/s,,,3.0,14.0,
209,Na2+ (ground state) → Na (n=3) + Na (n=14),Na2+ (ground state),Na (n=3) + Na (n=14),1000.0,K,5e-27,cm6/s,,,3.0,14.0,
209,Na2+ (ground state) → Na (n=3) + Na (n=14),Na2+ (ground state),Na (n=3) + Na (n=14),1500.0,K,1.7e-27,cm6/s,,,3.0,14.0,
209,Na2+ (ground state) → Na (n=3) + Na (n=14),Na2+ (ground state),Na (n=3) + Na (n=14),2000.0,K,8.3e-28,cm6/s,,,3.0,14.0,
209,Na2+ (ground state) → Na (n=3) + Na (n=14),Na2+ (ground state),Na (n=3) + Na (n=14),2500.0,K,4.7e-28,cm6/s,,,3.0,14.0,
209,Na2+ (ground state) → Na (n=3) + Na (n=14),Na2+ (ground state),Na (n=3) + Na (n=14),3000.0,K,3e-28,cm6/s,,,3.0,14.0,
209,Na2+ (ground state) → Na (n=3) + Na (n=14),Na2+ (ground state),Na (n=3) + Na (n=14),4000.0,K,1.4e-28,cm6/s,,,3.0,14.0,
209,Na2+ (ground state) → Na (n=3) + Na (n=14),Na2+ (ground state),Na (n=3) + Na (n=14),5000.0,K,8.2e-29,cm6/s,,,3.0,14.0,
210,Na2+ (ground state) → Na (n=3) + Na (n=15),Na2+ (ground state),Na (n=3) + Na (n=15),500.0,K,2.8e-26,cm6/s,,,3.0,15.0,
210,Na2+ (ground state) → Na (n=3) + Na (n=15),Na2+ (ground state),Na (n=3) + Na (n=15),600.0,K,1.7e-26,cm6/s,,,3.0,15.0,
210,Na2+ (ground state) → Na (n=3) + Na (n=15),Na2+ (ground state),Na (n=3) + Na (n=15),700.0,K,1.1e-26,cm6/s,,,3.0,15.0,
210,Na2+ (ground state) → Na (n=3) + Na (n=15),Na2+ (ground state),Na (n=3) + Na (n=15),800.0,K,7.4e-27,cm6/s,,,3.0,15.0,
210,Na2+ (ground state) → Na (n=3) + Na (n=15),Na2+ (ground state),Na (n=3) + Na (n=15),900.0,K,5.4e-27,cm6/s,,,3.0,15.0,
210,Na2+ (ground state) → Na (n=3) + Na (n=15),Na2+ (ground state),Na (n=3) + Na (n=15),1000.0,K,4e-27,cm6/s,,,3.0,15.0,
210,Na2+ (ground state) → Na (n=3) + Na (n=15),Na2+ (ground state),Na (n=3) + Na (n=15),1500.0,K,1.4e-27,cm6/s,,,3.0,15.0,
210,Na2+ (ground state) → Na (n=3) + Na (n=15),Na2+ (ground state),Na (n=3) + Na (n=15),2000.0,K,6.8e-28,cm6/s,,,3.0,15.0,
210,Na2+ (ground state) → Na (n=3) + Na (n=15),Na2+ (ground state),Na (n=3) + Na (n=15),2500.0,K,3.9e-28,cm6/s,,,3.0,15.0,
210,Na2+ (ground state) → Na (n=3) + Na (n=15),Na2+ (ground state),Na (n=3) + Na (n=15),3000.0,K,2.5e-28,cm6/s,,,3.0,15.0,
210,Na2+ (ground state) → Na (n=3) + Na (n=15),Na2+ (ground state),Na (n=3) + Na (n=15),4000.0,K,1.2e-28,cm6/s,,,3.0,15.0,
210,Na2+ (ground state) → Na (n=3) + Na (n=15),Na2+ (ground state),Na (n=3) + Na (n=15),5000.0,K,6.8e-29,cm6/s,,,3.0,15.0,
211,Na2+ (ground state) → Na (n=3) + Na (n=16),Na2+ (ground state),Na (n=3) + Na (n=16),500.0,K,2.2e-26,cm6/s,,,3.0,16.0,
211,Na2+ (ground state) → Na (n=3) + Na (n=16),Na2+ (ground state),Na (n=3) + Na (n=16),600.0,K,1.3e-26,cm6/s,,,3.0,16.0,
211,Na2+ (ground state) → Na (n=3) + Na (n=16),Na2+ (ground state),Na (n=3) + Na (n=16),700.0,K,8.6e-27,cm6/s,,,3.0,16.0,
211,Na2+ (ground state) → Na (n=3) + Na (n=16),Na2+ (ground state),Na (n=3) + Na (n=16),800.0,K,6e-27,cm6/s,,,3.0,16.0,
211,Na2+ (ground state) → Na (n=3) + Na (n=16),Na2+ (ground state),Na (n=3) + Na (n=16),900.0,K,4.4e-27,cm6/s,,,3.0,16.0,
211,Na2+ (ground state) → Na (n=3) + Na (n=16),Na2+ (ground state),Na (n=3) + Na (n=16),1000.0,K,3.3e-27,cm6/s,,,3.0,16.0,
211,Na2+ (ground state) → Na (n=3) + Na (n=16),Na2+ (ground state),Na (n=3) + Na (n=16),1500.0,K,1.2e-27,cm6/s,,,3.0,16.0,
211,Na2+ (ground state) → Na (n=3) + Na (n=16),Na2+ (ground state),Na (n=3) + Na (n=16),2000.0,K,5.7e-28,cm6/s,,,3.0,16.0,
211,Na2+ (ground state) → Na (n=3) + Na (n=16),Na2+ (ground state),Na (n=3) + Na (n=16),2500.0,K,3.2e-28,cm6/s,,,3.0,16.0,
211,Na2+ (ground state) → Na (n=3) + Na (n=16),Na2+ (ground state),Na (n=3) + Na (n=16),3000.0,K,2.1e-28,cm6/s,,,3.0,16.0,
211,Na2+ (ground state) → Na (n=3) + Na (n=16),Na2+ (ground state),Na (n=3) + Na (n=16),4000.0,K,9.9e-29,cm6/s,,,3.0,16.0,
211,Na2+ (ground state) → Na (n=3) + Na (n=16),Na2+ (ground state),Na (n=3) + Na (n=16),5000.0,K,5.6e-29,cm6/s,,,3.0,16.0,
212,Na2+ (ground state) → Na (n=3) + Na (n=17),Na2+ (ground state),Na (n=3) + Na (n=17),500.0,K,1.8e-26,cm6/s,,,3.0,17.0,
212,Na2+ (ground state) → Na (n=3) + Na (n=17),Na2+ (ground state),Na (n=3) + Na (n=17),600.0,K,1.1e-26,cm6/s,,,3.0,17.0,
212,Na2+ (ground state) → Na (n=3) + Na (n=17),Na2+ (ground state),Na (n=3) + Na (n=17),700.0,K,7.1e-27,cm6/s,,,3.0,17.0,
212,Na2+ (ground state) → Na (n=3) + Na (n=17),Na2+ (ground state),Na (n=3) + Na (n=17),800.0,K,4.9e-27,cm6/s,,,3.0,17.0,
212,Na2+ (ground state) → Na (n=3) + Na (n=17),Na2+ (ground state),Na (n=3) + Na (n=17),900.0,K,3.6e-27,cm6/s,,,3.0,17.0,
212,Na2+ (ground state) → Na (n=3) + Na (n=17),Na2+ (ground state),Na (n=3) + Na (n=17),1000.0,K,2.8e-27,cm6/s,,,3.0,17.0,
212,Na2+ (ground state) → Na (n=3) + Na (n=17),Na2+ (ground state),Na (n=3) + Na (n=17),1500.0,K,9.8e-28,cm6/s,,,3.0,17.0,
212,Na2+ (ground state) → Na (n=3) + Na (n=17),Na2+ (ground state),Na (n=3) + Na (n=17),2000.0,K,4.8e-28,cm6/s,,,3.0,17.0,
212,Na2+ (ground state) → Na (n=3) + Na (n=17),Na2+ (ground state),Na (n=3) + Na (n=17),2500.0,K,2.7e-28,cm6/s,,,3.0,17.0,
212,Na2+ (ground state) → Na (n=3) + Na (n=17),Na2+ (ground state),Na (n=3) + Na (n=17),3000.0,K,1.7e-28,cm6/s,,,3.0,17.0,
212,Na2+ (ground state) → Na (n=3) + Na (n=17),Na2+ (ground state),Na (n=3) + Na (n=17),4000.0,K,8.4e-29,cm6/s,,,3.0,17.0,
212,Na2+ (ground state) → Na (n=3) + Na (n=17),Na2+ (ground state),Na (n=3) + Na (n=17),5000.0,K,4.8e-29,cm6/s,,,3.0,17.0,
213,Na2+ (ground state) → Na (n=3) + Na (n=18),Na2+ (ground state),Na (n=3) + Na (n=18),500.0,K,1.5e-26,cm6/s,,,3.0,18.0,
213,Na2+ (ground state) → Na (n=3) + Na (n=18),Na2+ (ground state),Na (n=3) + Na (n=18),600.0,K,9e-27,cm6/s,,,3.0,18.0,
213,Na2+ (ground state) → Na (n=3) + Na (n=18),Na2+ (ground state),Na (n=3) + Na (n=18),700.0,K,5.9e-27,cm6/s,,,3.0,18.0,
213,Na2+ (ground state) → Na (n=3) + Na (n=18),Na2+ (ground state),Na (n=3) + Na (n=18),800.0,K,4.1e-27,cm6/s,,,3.0,18.0,
213,Na2+ (ground state) → Na (n=3) + Na (n=18),Na2+ (ground state),Na (n=3) + Na (n=18),900.0,K,3e-27,cm6/s,,,3.0,18.0,
213,Na2+ (ground state) → Na (n=3) + Na (n=18),Na2+ (ground state),Na (n=3) + Na (n=18),1000.0,K,2.3e-27,cm6/s,,,3.0,18.0,
213,Na2+ (ground state) → Na (n=3) + Na (n=18),Na2+ (ground state),Na (n=3) + Na (n=18),1500.0,K,8.3e-28,cm6/s,,,3.0,18.0,
213,Na2+ (ground state) → Na (n=3) + Na (n=18),Na2+ (ground state),Na (n=3) + Na (n=18),2000.0,K,4e-28,cm6/s,,,3.0,18.0,
213,Na2+ (ground state) → Na (n=3) + Na (n=18),Na2+ (ground state),Na (n=3) + Na (n=18),2500.0,K,2.3e-28,cm6/s,,,3.0,18.0,
213,Na2+ (ground state) → Na (n=3) + Na (n=18),Na2+ (ground state),Na (n=3) + Na (n=18),3000.0,K,1.5e-28,cm6/s,,,3.0,18.0,
213,Na2+ (ground state) → Na (n=3) + Na (n=18),Na2+ (ground state),Na (n=3) + Na (n=18),4000.0,K,7.1e-29,cm6/s,,,3.0,18.0,
213,Na2+ (ground state) → Na (n=3) + Na (n=18),Na2+ (ground state),Na (n=3) + Na (n=18),5000.0,K,4e-29,cm6/s,,,3.0,18.0,
214,Na2+ (ground state) → Na (n=3) + Na (n=19),Na2+ (ground state),Na (n=3) + Na (n=19),500.0,K,1.2e-26,cm6/s,,,3.0,19.0,
214,Na2+ (ground state) → Na (n=3) + Na (n=19),Na2+ (ground state),Na (n=3) + Na (n=19),600.0,K,7.5e-27,cm6/s,,,3.0,19.0,
214,Na2+ (ground state) → Na (n=3) + Na (n=19),Na2+ (ground state),Na (n=3) + Na (n=19),700.0,K,5e-27,cm6/s,,,3.0,19.0,
214,Na2+ (ground state) → Na (n=3) + Na (n=19),Na2+ (ground state),Na (n=3) + Na (n=19),800.0,K,3.5e-27,cm6/s,,,3.0,19.0,
214,Na2+ (ground state) → Na (n=3) + Na (n=19),Na2+ (ground state),Na (n=3) + Na (n=19),900.0,K,2.6e-27,cm6/s,,,3.0,19.0,
214,Na2+ (ground state) → Na (n=3) + Na (n=19),Na2+ (ground state),Na (n=3) + Na (n=19),1000.0,K,2e-27,cm6/s,,,3.0,19.0,
214,Na2+ (ground state) → Na (n=3) + Na (n=19),Na2+ (ground state),Na (n=3) + Na (n=19),1500.0,K,7.1e-28,cm6/s,,,3.0,19.0,
214,Na2+ (ground state) → Na (n=3) + Na (n=19),Na2+ (ground state),Na (n=3) + Na (n=19),2000.0,K,3.5e-28,cm6/s,,,3.0,19.0,
214,Na2+ (ground state) → Na (n=3) + Na (n=19),Na2+ (ground state),Na (n=3) + Na (n=19),2500.0,K,2e-28,cm6/s,,,3.0,19.0,
214,Na2+ (ground state) → Na (n=3) + Na (n=19),Na2+ (ground state),Na (n=3) + Na (n=19),3000.0,K,1.3e-28,cm6/s,,,3.0,19.0,
214,Na2+ (ground state) → Na (n=3) + Na (n=19),Na2+ (ground state),Na (n=3) + Na (n=19),4000.0,K,6.1e-29,cm6/s,,,3.0,19.0,
214,Na2+ (ground state) → Na (n=3) + Na (n=19),Na2+ (ground state),Na (n=3) + Na (n=19),5000.0,K,3.5e-29,cm6/s,,,3.0,19.0,
215,Na2+ (ground state) → Na (n=3) + Na (n=20),Na2+ (ground state),Na (n=3) + Na (n=20),500.0,K,1.1e-26,cm6/s,,,3.0,20.0,
215,Na2+ (ground state) → Na (n=3) + Na (n=20),Na2+ (ground state),Na (n=3) + Na (n=20),600.0,K,6.4e-27,cm6/s,,,3.0,20.0,
215,Na2+ (ground state) → Na (n=3) + Na (n=20),Na2+ (ground state),Na (n=3) + Na (n=20),700.0,K,4.3e-27,cm6/s,,,3.0,20.0,
215,Na2+ (ground state) → Na (n=3) + Na (n=20),Na2+ (ground state),Na (n=3) + Na (n=20),800.0,K,3e-27,cm6/s,,,3.0,20.0,
215,Na2+ (ground state) → Na (n=3) + Na (n=20),Na2+ (ground state),Na (n=3) + Na (n=20),900.0,K,2.2e-27,cm6/s,,,3.0,20.0,
215,Na2+ (ground state) → Na (n=3) + Na (n=20),Na2+ (ground state),Na (n=3) + Na (n=20),1000.0,K,1.7e-27,cm6/s,,,3.0,20.0,
215,Na2+ (ground state) → Na (n=3) + Na (n=20),Na2+ (ground state),Na (n=3) + Na (n=20),1500.0,K,6.1e-28,cm6/s,,,3.0,20.0,
215,Na2+ (ground state) → Na (n=3) + Na (n=20),Na2+ (ground state),Na (n=3) + Na (n=20),2000.0,K,3e-28,cm6/s,,,3.0,20.0,
215,Na2+ (ground state) → Na (n=3) + Na (n=20),Na2+ (ground state),Na (n=3) + Na (n=20),2500.0,K,1.7e-28,cm6/s,,,3.0,20.0,
215,Na2+ (ground state) → Na (n=3) + Na (n=20),Na2+ (ground state),Na (n=3) + Na (n=20),3000.0,K,1.1e-28,cm6/s,,,3.0,20.0,
215,Na2+ (ground state) → Na (n=3) + Na (n=20),Na2+ (ground state),Na (n=3) + Na (n=20),4000.0,K,5.3e-29,cm6/s,,,3.0,20.0,
215,Na2+ (ground state) → Na (n=3) + Na (n=20),Na2+ (ground state),Na (n=3) + Na (n=20),5000.0,K,3e-29,cm6/s,,,3.0,20.0,
269,H2+ (ground state) → H (n=1) + H (n=2),H2+ (ground state),H (n=1) + H (n=2),3000.0,K,7.21e-28,cm6/s,,,1.0,2.0,
269,H2+ (ground state) → H (n=1) + H (n=2),H2+ (ground state),H (n=1) + H (n=2),3500.0,K,3.79e-28,cm6/s,,,1.0,2.0,
269,H2+ (ground state) → H (n=1) + H (n=2),H2+ (ground state),H (n=1) + H (n=2),4000.0,K,1.8962e-28,cm6/s,,,1.0,2.0,
269,H2+ (ground state) → H (n=1) + H (n=2),H2+ (ground state),H (n=1) + H (n=2),4500.0,K,8.48232e-29,cm6/s,,,1.0,2.0,
269,H2+ (ground state) → H (n=1) + H (n=2),H2+ (ground state),H (n=1) + H (n=2),5000.0,K,4.14414e-29,cm6/s,,,1.0,2.0,
269,H2+ (ground state) → H (n=1) + H (n=2),H2+ (ground state),H (n=1) + H (n=2),5500.0,K,2.38651e-29,cm6/s,,,1.0,2.0,
269,H2+ (ground state) → H (n=1) + H (n=2),H2+ (ground state),H (n=1) + H (n=2),6000.0,K,1.46091e-29,cm6/s,,,1.0,2.0,
269,H2+ (ground state) → H (n=1) + H (n=2),H2+ (ground state),H (n=1) + H (n=2),6500.0,K,9.6096e-30,cm6/s,,,1.0,2.0,
269,H2+ (ground state) → H (n=1) + H (n=2),H2+ (ground state),H (n=1) + H (n=2),7000.0,K,6.5886e-30,cm6/s,,,1.0,2.0,
269,H2+ (ground state) → H (n=1) + H (n=2),H2+ (ground state),H (n=1) + H (n=2),7500.0,K,4.7196e-30,cm6/s,,,1.0,2.0,
269,H2+ (ground state) → H (n=1) + H (n=2),H2+ (ground state),H (n=1) + H (n=2),8000.0,K,3.49932e-30,cm6/s,,,1.0,2.0,
269,H2+ (ground state) → H (n=1) + H (n=2),H2+ (ground state),H (n=1) + H (n=2),8500.0,K,2.67714e-30,cm6/s,,,1.0,2.0,
269,H2+ (ground state) → H (n=1) + H (n=2),H2+ (ground state),H (n=1) + H (n=2),9000.0,K,2.09797e-30,cm6/s,,,1.0,2.0,
269,H2+ (ground state) → H (n=1) + H (n=2),H2+ (ground state),H (n=1) + H (n=2),9500.0,K,1.68732e-30,cm6/s,,,1.0,2.0,
269,H2+ (ground state) → H (n=1) + H (n=2),H2+ (ground state),H (n=1) + H (n=2),10000.0,K,1.3806e-30,cm6/s,,,1.0,2.0,
269,H2+ (ground state) → H (n=1) + H (n=2),H2+ (ground state),H (n=1) + H (n=2),11000.0,K,9.5254e-31,cm6/s,,,1.0,2.0,
269,H2+ (ground state) → H (n=1) + H (n=2),H2+ (ground state),H (n=1) + H (n=2),12000.0,K,7.157e-31,cm6/s,,,1.0,2.0,
269,H2+ (ground state) → H (n=1) + H (n=2),H2+ (ground state),H (n=1) + H (n=2),13000.0,K,5.535e-31,cm6/s,,,1.0,2.0,
269,H2+ (ground state) → H (n=1) + H (n=2),H2+ (ground state),H (n=1) + H (n=2),14000.0,K,4.4145e-31,cm6/s,,,1.0,2.0,
269,H2+ (ground state) → H (n=1) + H (n=2),H2+ (ground state),H (n=1) + H (n=2),15000.0,K,3.6456e-31,cm6/s,,,1.0,2.0,
269,H2+ (ground state) → H (n=1) + H (n=2),H2+ (ground state),H (n=1) + H (n=2),16000.0,K,3.0856e-31,cm6/s,,,1.0,2.0,
269,H2+ (ground state) → H (n=1) + H (n=2),H2+ (ground state),H (n=1) + H (n=2),17000.0,K,2.6244e-31,cm6/s,,,1.0,2.0,
269,H2+ (ground state) → H (n=1) + H (n=2),H2+ (ground state),H (n=1) + H (n=2),18000.0,K,2.2746e-31,cm6/s,,,1.0,2.0,
269,H2+ (ground state) → H (n=1) + H (n=2),H2+ (ground state),H (n=1) + H (n=2),19000.0,K,1.9982e-31,cm6/s,,,1.0,2.0,
269,H2+ (ground state) → H (n=1) + H (n=2),H2+ (ground state),H (n=1) + H (n=2),20000.0,K,1.7763e-31,cm6/s,,,1.0,2.0,
270,H2+ (ground state) → H (n=3) + H (n=1),H2+ (ground state),H (n=3) + H (n=1),3000.0,K,5.49568e-27,cm6/s,,,1.0,3.0,
270,H2+ (ground state) → H (n=3) + H (n=1),H2+ (ground state),H (n=3) + H (n=1),3500.0,K,1.97181e-27,cm6/s,,,1.0,3.0,
270,H2+ (ground state) → H (n=3) + H (n=1),H2+ (ground state),H (n=3) + H (n=1),4000.0,K,6.9906e-28,cm6/s,,,1.0,3.0,
270,H2+ (ground state) → H (n=3) + H (n=1),H2+ (ground state),H (n=3) + H (n=1),4500.0,K,2.76635e-28,cm6/s,,,1.0,3.0,
270,H2+ (ground state) → H (n=3) + H (n=1),H2+ (ground state),H (n=3) + H (n=1),5000.0,K,1.49118e-28,cm6/s,,,1.0,3.0,
270,H2+ (ground state) → H (n=3) + H (n=1),H2+ (ground state),H (n=3) + H (n=1),5500.0,K,8.88e-29,cm6/s,,,1.0,3.0,
270,H2+ (ground state) → H (n=3) + H (n=1),H2+ (ground state),H (n=3) + H (n=1),6000.0,K,5.32168e-29,cm6/s,,,1.0,3.0,
270,H2+ (ground state) → H (n=3) + H (n=1),H2+ (ground state),H (n=3) + H (n=1),6500.0,K,3.68256e-29,cm6/s,,,1.0,3.0,
270,H2+ (ground state) → H (n=3) + H (n=1),H2+ (ground state),H (n=3) + H (n=1),7000.0,K,2.5681e-29,cm6/s,,,1.0,3.0,
270,H2+ (ground state) → H (n=3) + H (n=1),H2+ (ground state),H (n=3) + H (n=1),7500.0,K,1.90278e-29,cm6/s,,,1.0,3.0,
270,H2+ (ground state) → H (n=3) + H (n=1),H2+ (ground state),H (n=3) + H (n=1),8000.0,K,1.4484e-29,cm6/s,,,1.0,3.0,
270,H2+ (ground state) → H (n=3) + H (n=1),H2+ (ground state),H (n=3) + H (n=1),8500.0,K,1.13967e-29,cm6/s,,,1.0,3.0,
270,H2+ (ground state) → H (n=3) + H (n=1),H2+ (ground state),H (n=3) + H (n=1),9000.0,K,9.0519e-30,cm6/s,,,1.0,3.0,
270,H2+ (ground state) → H (n=3) + H (n=1),H2+ (ground state),H (n=3) + H (n=1),9500.0,K,7.4426e-30,cm6/s,,,1.0,3.0,
270,H2+ (ground state) → H (n=3) + H (n=1),H2+ (ground state),H (n=3) + H (n=1),10000.0,K,6.3544e-30,cm6/s,,,1.0,3.0,
270,H2+ (ground state) → H (n=3) + H (n=1),H2+ (ground state),H (n=3) + H (n=1),11000.0,K,2.5109e-30,cm6/s,,,1.0,3.0,
270,H2+ (ground state) → H (n=3) + H (n=1),H2+ (ground state),H (n=3) + H (n=1),12000.0,K,1.8128e-30,cm6/s,,,1.0,3.0,
270,H2+ (ground state) → H (n=3) + H (n=1),H2+ (ground state),H (n=3) + H (n=1),13000.0,K,1.35e-30,cm6/s,,,1.0,3.0,
270,H2+ (ground state) → H (n=3) + H (n=1),H2+ (ground state),H (n=3) + H (n=1),14000.0,K,1.03587e-30,cm6/s,,,1.0,3.0,
270,H2+ (ground state) → H (n=3) + H (n=1),H2+ (ground state),H (n=3) + H (n=1),15000.0,K,8.1088e-31,cm6/s,,,1.0,3.0,
270,H2+ (ground state) → H (n=3) + H (n=1),H2+ (ground state),H (n=3) + H (n=1),16000.0,K,6.5241e-31,cm6/s,,,1.0,3.0,
270,H2+ (ground state) → H (n=3) + H (n=1),H2+ (ground state),H (n=3) + H (n=1),17000.0,K,5.2635e-31,cm6/s,,,1.0,3.0,
270,H2+ (ground state) → H (n=3) + H (n=1),H2+ (ground state),H (n=3) + H (n=1),18000.0,K,4.3524e-31,cm6/s,,,1.0,3.0,
270,H2+ (ground state) → H (n=3) + H (n=1),H2+ (ground state),H (n=3) + H (n=1),19000.0,K,3.692e-31,cm6/s,,,1.0,3.0,
270,H2+ (ground state) → H (n=3) + H (n=1),H2+ (ground state),H (n=3) + H (n=1),20000.0,K,3.1525e-31,cm6/s,,,1.0,3.0,
271,H2+ (ground state) → H (n=1) + H (n=4),H2+ (ground state),H (n=1) + H (n=4),3000.0,K,1.65292e-27,cm6/s,,,1.0,4.0,
271,H2+ (ground state) → H (n=1) + H (n=4),H2+ (ground state),H (n=1) + H (n=4),3500.0,K,8.19e-28,cm6/s,,,1.0,4.0,
271,H2+ (ground state) → H (n=1) + H (n=4),H2+ (ground state),H (n=1) + H (n=4),4000.0,K,3.4203e-28,cm6/s,,,1.0,4.0,
271,H2+ (ground state) → H (n=1) + H (n=4),H2+ (ground state),H (n=1) + H (n=4),4500.0,K,1.35405e-28,cm6/s,,,1.0,4.0,
271,H2+ (ground state) → H (n=1) + H (n=4),H2+ (ground state),H (n=1) + H (n=4),5000.0,K,7.304e-29,cm6/s,,,1.0,4.0,
271,H2+ (ground state) → H (n=1) + H (n=4),H2+ (ground state),H (n=1) + H (n=4),5500.0,K,4.33384e-29,cm6/s,,,1.0,4.0,
271,H2+ (ground state) → H (n=1) + H (n=4),H2+ (ground state),H (n=1) + H (n=4),6000.0,K,2.60028e-29,cm6/s,,,1.0,4.0,
271,H2+ (ground state) → H (n=1) + H (n=4),H2+ (ground state),H (n=1) + H (n=4),6500.0,K,1.79949e-29,cm6/s,,,1.0,4.0,
271,H2+ (ground state) → H (n=1) + H (n=4),H2+ (ground state),H (n=1) + H (n=4),7000.0,K,1.25664e-29,cm6/s,,,1.0,4.0,
271,H2+ (ground state) → H (n=1) + H (n=4),H2+ (ground state),H (n=1) + H (n=4),7500.0,K,9.3058e-30,cm6/s,,,1.0,4.0,
271,H2+ (ground state) → H (n=1) + H (n=4),H2+ (ground state),H (n=1) + H (n=4),8000.0,K,7.075e-30,cm6/s,,,1.0,4.0,
271,H2+ (ground state) → H (n=1) + H (n=4),H2+ (ground state),H (n=1) + H (n=4),8500.0,K,5.566e-30,cm6/s,,,1.0,4.0,
271,H2+ (ground state) → H (n=1) + H (n=4),H2+ (ground state),H (n=1) + H (n=4),9000.0,K,4.4197e-30,cm6/s,,,1.0,4.0,
271,H2+ (ground state) → H (n=1) + H (n=4),H2+ (ground state),H (n=1) + H (n=4),9500.0,K,3.6366e-30,cm6/s,,,1.0,4.0,
271,H2+ (ground state) → H (n=1) + H (n=4),H2+ (ground state),H (n=1) + H (n=4),10000.0,K,3.104e-30,cm6/s,,,1.0,4.0,
271,H2+ (ground state) → H (n=1) + H (n=4),H2+ (ground state),H (n=1) + H (n=4),11000.0,K,3.8824e-30,cm6/s,,,1.0,4.0,
271,H2+ (ground state) → H (n=1) + H (n=4),H2+ (ground state),H (n=1) + H (n=4),12000.0,K,3.078e-30,cm6/s,,,1.0,4.0,
271,H2+ (ground state) → H (n=1) + H (n=4),H2+ (ground state),H (n=1) + H (n=4),13000.0,K,2.4768e-30,cm6/s,,,1.0,4.0,
271,H2+ (ground state) → H (n=1) + H (n=4),H2+ (ground state),H (n=1) + H (n=4),14000.0,K,2.0382e-30,cm6/s,,,1.0,4.0,
271,H2+ (ground state) → H (n=1) + H (n=4),H2+ (ground state),H (n=1) + H (n=4),15000.0,K,1.6965e-30,cm6/s,,,1.0,4.0,
271,H2+ (ground state) → H (n=1) + H (n=4),H2+ (ground state),H (n=1) + H (n=4),16000.0,K,1.4445e-30,cm6/s,,,1.0,4.0,
271,H2+ (ground state) → H (n=1) + H (n=4),H2+ (ground state),H (n=1) + H (n=4),17000.0,K,1.23984e-30,cm6/s,,,1.0,4.0,
271,H2+ (ground state) → H (n=1) + H (n=4),H2+ (ground state),H (n=1) + H (n=4),18000.0,K,1.0738e-30,cm6/s,,,1.0,4.0,
271,H2+ (ground state) → H (n=1) + H (n=4),H2+ (ground state),H (n=1) + H (n=4),19000.0,K,9.3795e-31,cm6/s,,,1.0,4.0,
271,H2+ (ground state) → H (n=1) + H (n=4),H2+ (ground state),H (n=1) + H (n=4),20000.0,K,8.2845e-31,cm6/s,,,1.0,4.0,
272,H2+ (ground state) → H (n=1) + H (n=5),H2+ (ground state),H (n=1) + H (n=5),3000.0,K,1.2772e-28,cm6/s,,,1.0,5.0,
272,H2+ (ground state) → H (n=1) + H (n=5),H2+ (ground state),H (n=1) + H (n=5),3500.0,K,8.3291e-29,cm6/s,,,1.0,5.0,
272,H2+ (ground state) → H (n=1) + H (n=5),H2+ (ground state),H (n=1) + H (n=5),4000.0,K,5.7798e-29,cm6/s,,,1.0,5.0,
272,H2+ (ground state) → H (n=1) + H (n=5),H2+ (ground state),H (n=1) + H (n=5),4500.0,K,4.23182e-29,cm6/s,,,1.0,5.0,
272,H2+ (ground state) → H (n=1) + H (n=5),H2+ (ground state),H (n=1) + H (n=5),5000.0,K,3.20875e-29,cm6/s,,,1.0,5.0,
272,H2+ (ground state) → H (n=1) + H (n=5),H2+ (ground state),H (n=1) + H (n=5),5500.0,K,2.51127e-29,cm6/s,,,1.0,5.0,
272,H2+ (ground state) → H (n=1) + H (n=5),H2+ (ground state),H (n=1) + H (n=5),6000.0,K,2.00564e-29,cm6/s,,,1.0,5.0,
272,H2+ (ground state) → H (n=1) + H (n=5),H2+ (ground state),H (n=1) + H (n=5),6500.0,K,1.63398e-29,cm6/s,,,1.0,5.0,
272,H2+ (ground state) → H (n=1) + H (n=5),H2+ (ground state),H (n=1) + H (n=5),7000.0,K,1.35359e-29,cm6/s,,,1.0,5.0,
272,H2+ (ground state) → H (n=1) + H (n=5),H2+ (ground state),H (n=1) + H (n=5),7500.0,K,1.13454e-29,cm6/s,,,1.0,5.0,
272,H2+ (ground state) → H (n=1) + H (n=5),H2+ (ground state),H (n=1) + H (n=5),8000.0,K,9.66000000000001e-30,cm6/s,,,1.0,5.0,
272,H2+ (ground state) → H (n=1) + H (n=5),H2+ (ground state),H (n=1) + H (n=5),8500.0,K,8.2896e-30,cm6/s,,,1.0,5.0,
272,H2+ (ground state) → H (n=1) + H (n=5),H2+ (ground state),H (n=1) + H (n=5),9000.0,K,7.175e-30,cm6/s,,,1.0,5.0,
272,H2+ (ground state) → H (n=1) + H (n=5),H2+ (ground state),H (n=1) + H (n=5),9500.0,K,6.2568e-30,cm6/s,,,1.0,5.0,
272,H2+ (ground state) → H (n=1) + H (n=5),H2+ (ground state),H (n=1) + H (n=5),10000.0,K,5.5125e-30,cm6/s,,,1.0,5.0,
272,H2+ (ground state) → H (n=1) + H (n=5),H2+ (ground state),H (n=1) + H (n=5),11000.0,K,4.346e-30,cm6/s,,,1.0,5.0,
272,H2+ (ground state) → H (n=1) + H (n=5),H2+ (ground state),H (n=1) + H (n=5),12000.0,K,3.4782e-30,cm6/s,,,1.0,5.0,
272,H2+ (ground state) → H (n=1) + H (n=5),H2+ (ground state),H (n=1) + H (n=5),13000.0,K,2.8552e-30,cm6/s,,,1.0,5.0,
272,H2+ (ground state) → H (n=1) + H (n=5),H2+ (ground state),H (n=1) + H (n=5),14000.0,K,2.3691e-30,cm6/s,,,1.0,5.0,
272,H2+ (ground state) → H (n=1) + H (n=5),H2+ (ground state),H (n=1) + H (n=5),15000.0,K,1.998e-30,cm6/s,,,1.0,5.0,
272,H2+ (ground state) → H (n=1) + H (n=5),H2+ (ground state),H (n=1) + H (n=5),16000.0,K,1.6974e-30,cm6/s,,,1.0,5.0,
272,H2+ (ground state) → H (n=1) + H (n=5),H2+ (ground state),H (n=1) + H (n=5),17000.0,K,1.4577e-30,cm6/s,,,1.0,5.0,
272,H2+ (ground state) → H (n=1) + H (n=5),H2+ (ground state),H (n=1) + H (n=5),18000.0,K,1.2584e-30,cm6/s,,,1.0,5.0,
272,H2+ (ground state) → H (n=1) + H (n=5),H2+ (ground state),H (n=1) + H (n=5),19000.0,K,1.0944e-30,cm6/s,,,1.0,5.0,
272,H2+ (ground state) → H (n=1) + H (n=5),H2+ (ground state),H (n=1) + H (n=5),20000.0,K,9.6444e-31,cm6/s,,,1.0,5.0,
273,H2+ (ground state) → H (n=1) + H (n=6),H2+ (ground state),H (n=1) + H (n=6),3000.0,K,8.3985e-29,cm6/s,,,1.0,6.0,
273,H2+ (ground state) → H (n=1) + H (n=6),H2+ (ground state),H (n=1) + H (n=6),3500.0,K,5.6172e-29,cm6/s,,,1.0,6.0,
273,H2+ (ground state) → H (n=1) + H (n=6),H2+ (ground state),H (n=1) + H (n=6),4000.0,K,3.98616e-29,cm6/s,,,1.0,6.0,
273,H2+ (ground state) → H (n=1) + H (n=6),H2+ (ground state),H (n=1) + H (n=6),4500.0,K,2.96429e-29,cm6/s,,,1.0,6.0,
273,H2+ (ground state) → H (n=1) + H (n=6),H2+ (ground state),H (n=1) + H (n=6),5000.0,K,2.27469e-29,cm6/s,,,1.0,6.0,
273,H2+ (ground state) → H (n=1) + H (n=6),H2+ (ground state),H (n=1) + H (n=6),5500.0,K,1.794e-29,cm6/s,,,1.0,6.0,
273,H2+ (ground state) → H (n=1) + H (n=6),H2+ (ground state),H (n=1) + H (n=6),6000.0,K,1.44e-29,cm6/s,,,1.0,6.0,
273,H2+ (ground state) → H (n=1) + H (n=6),H2+ (ground state),H (n=1) + H (n=6),6500.0,K,1.18188e-29,cm6/s,,,1.0,6.0,
273,H2+ (ground state) → H (n=1) + H (n=6),H2+ (ground state),H (n=1) + H (n=6),7000.0,K,9.825e-30,cm6/s,,,1.0,6.0,
273,H2+ (ground state) → H (n=1) + H (n=6),H2+ (ground state),H (n=1) + H (n=6),7500.0,K,8.319e-30,cm6/s,,,1.0,6.0,
273,H2+ (ground state) → H (n=1) + H (n=6),H2+ (ground state),H (n=1) + H (n=6),8000.0,K,7.0941e-30,cm6/s,,,1.0,6.0,
273,H2+ (ground state) → H (n=1) + H (n=6),H2+ (ground state),H (n=1) + H (n=6),8500.0,K,6.0944e-30,cm6/s,,,1.0,6.0,
273,H2+ (ground state) → H (n=1) + H (n=6),H2+ (ground state),H (n=1) + H (n=6),9000.0,K,5.2993e-30,cm6/s,,,1.0,6.0,
273,H2+ (ground state) → H (n=1) + H (n=6),H2+ (ground state),H (n=1) + H (n=6),9500.0,K,4.6376e-30,cm6/s,,,1.0,6.0,
273,H2+ (ground state) → H (n=1) + H (n=6),H2+ (ground state),H (n=1) + H (n=6),10000.0,K,4.071e-30,cm6/s,,,1.0,6.0,
273,H2+ (ground state) → H (n=1) + H (n=6),H2+ (ground state),H (n=1) + H (n=6),11000.0,K,3.22e-30,cm6/s,,,1.0,6.0,
273,H2+ (ground state) → H (n=1) + H (n=6),H2+ (ground state),H (n=1) + H (n=6),12000.0,K,2.5872e-30,cm6/s,,,1.0,6.0,
273,H2+ (ground state) → H (n=1) + H (n=6),H2+ (ground state),H (n=1) + H (n=6),13000.0,K,2.1352e-30,cm6/s,,,1.0,6.0,
273,H2+ (ground state) → H (n=1) + H (n=6),H2+ (ground state),H (n=1) + H (n=6),14000.0,K,1.7766e-30,cm6/s,,,1.0,6.0,
273,H2+ (ground state) → H (n=1) + H (n=6),H2+ (ground state),H (n=1) + H (n=6),15000.0,K,1.4976e-30,cm6/s,,,1.0,6.0,
273,H2+ (ground state) → H (n=1) + H (n=6),H2+ (ground state),H (n=1) + H (n=6),16000.0,K,1.2644e-30,cm6/s,,,1.0,6.0,
273,H2+ (ground state) → H (n=1) + H (n=6),H2+ (ground state),H (n=1) + H (n=6),17000.0,K,1.0914e-30,cm6/s,,,1.0,6.0,
273,H2+ (ground state) → H (n=1) + H (n=6),H2+ (ground state),H (n=1) + H (n=6),18000.0,K,9.4368e-31,cm6/s,,,1.0,6.0,
273,H2+ (ground state) → H (n=1) + H (n=6),H2+ (ground state),H (n=1) + H (n=6),19000.0,K,8.19e-31,cm6/s,,,1.0,6.0,
273,H2+ (ground state) → H (n=1) + H (n=6),H2+ (ground state),H (n=1) + H (n=6),20000.0,K,7.191e-31,cm6/s,,,1.0,6.0,
274,H2+ (ground state) → H (n=7) + H (n=1),H2+ (ground state),H (n=7) + H (n=1),3000.0,K,5.7105e-29,cm6/s,,,1.0,7.0,
274,H2+ (ground state) → H (n=7) + H (n=1),H2+ (ground state),H (n=7) + H (n=1),3500.0,K,3.8896e-29,cm6/s,,,1.0,7.0,
274,H2+ (ground state) → H (n=7) + H (n=1),H2+ (ground state),H (n=7) + H (n=1),4000.0,K,2.78385e-29,cm6/s,,,1.0,7.0,
274,H2+ (ground state) → H (n=7) + H (n=1),H2+ (ground state),H (n=7) + H (n=1),4500.0,K,2.08464e-29,cm6/s,,,1.0,7.0,
274,H2+ (ground state) → H (n=7) + H (n=1),H2+ (ground state),H (n=7) + H (n=1),5000.0,K,1.61214e-29,cm6/s,,,1.0,7.0,
274,H2+ (ground state) → H (n=7) + H (n=1),H2+ (ground state),H (n=7) + H (n=1),5500.0,K,1.27508e-29,cm6/s,,,1.0,7.0,
274,H2+ (ground state) → H (n=7) + H (n=1),H2+ (ground state),H (n=7) + H (n=1),6000.0,K,1.034e-29,cm6/s,,,1.0,7.0,
274,H2+ (ground state) → H (n=7) + H (n=1),H2+ (ground state),H (n=7) + H (n=1),6500.0,K,8.4802e-30,cm6/s,,,1.0,7.0,
274,H2+ (ground state) → H (n=7) + H (n=1),H2+ (ground state),H (n=7) + H (n=1),7000.0,K,7.0992e-30,cm6/s,,,1.0,7.0,
274,H2+ (ground state) → H (n=7) + H (n=1),H2+ (ground state),H (n=7) + H (n=1),7500.0,K,5.966e-30,cm6/s,,,1.0,7.0,
274,H2+ (ground state) → H (n=7) + H (n=1),H2+ (ground state),H (n=7) + H (n=1),8000.0,K,5.1194e-30,cm6/s,,,1.0,7.0,
274,H2+ (ground state) → H (n=7) + H (n=1),H2+ (ground state),H (n=7) + H (n=1),8500.0,K,4.4109e-30,cm6/s,,,1.0,7.0,
274,H2+ (ground state) → H (n=7) + H (n=1),H2+ (ground state),H (n=7) + H (n=1),9000.0,K,3.84e-30,cm6/s,,,1.0,7.0,
274,H2+ (ground state) → H (n=7) + H (n=1),H2+ (ground state),H (n=7) + H (n=1),9500.0,K,3.3522e-30,cm6/s,,,1.0,7.0,
274,H2+ (ground state) → H (n=7) + H (n=1),H2+ (ground state),H (n=7) + H (n=1),10000.0,K,2.9664e-30,cm6/s,,,1.0,7.0,
274,H2+ (ground state) → H (n=7) + H (n=1),H2+ (ground state),H (n=7) + H (n=1),11000.0,K,2.3449e-30,cm6/s,,,1.0,7.0,
274,H2+ (ground state) → H (n=7) + H (n=1),H2+ (ground state),H (n=7) + H (n=1),12000.0,K,1.8802e-30,cm6/s,,,1.0,7.0,
274,H2+ (ground state) → H (n=7) + H (n=1),H2+ (ground state),H (n=7) + H (n=1),13000.0,K,1.551e-30,cm6/s,,,1.0,7.0,
274,H2+ (ground state) → H (n=7) + H (n=1),H2+ (ground state),H (n=7) + H (n=1),14000.0,K,1.2852e-30,cm6/s,,,1.0,7.0,
274,H2+ (ground state) → H (n=7) + H (n=1),H2+ (ground state),H (n=7) + H (n=1),15000.0,K,1.083e-30,cm6/s,,,1.0,7.0,
274,H2+ (ground state) → H (n=7) + H (n=1),H2+ (ground state),H (n=7) + H (n=1),16000.0,K,9.152e-31,cm6/s,,,1.0,7.0,
274,H2+ (ground state) → H (n=7) + H (n=1),H2+ (ground state),H (n=7) + H (n=1),17000.0,K,7.9431e-31,cm6/s,,,1.0,7.0,
274,H2+ (ground state) → H (n=7) + H (n=1),H2+ (ground state),H (n=7) + H (n=1),18000.0,K,6.8718e-31,cm6/s,,,1.0,7.0,
274,H2+ (ground state) → H (n=7) + H (n=1),H2+ (ground state),H (n=7) + H (n=1),19000.0,K,5.9495e-31,cm6/s,,,1.0,7.0,
274,H2+ (ground state) → H (n=7) + H (n=1),H2+ (ground state),H (n=7) + H (n=1),20000.0,K,5.2302e-31,cm6/s,,,1.0,7.0,
275,H2+ (ground state) → H (n=8) + H (n=1),H2+ (ground state),H (n=8) + H (n=1),3000.0,K,3.9984e-29,cm6/s,,,1.0,8.0,
275,H2+ (ground state) → H (n=8) + H (n=1),H2+ (ground state),H (n=8) + H (n=1),3500.0,K,2.7475e-29,cm6/s,,,1.0,8.0,
275,H2+ (ground state) → H (n=8) + H (n=1),H2+ (ground state),H (n=8) + H (n=1),4000.0,K,1.99229e-29,cm6/s,,,1.0,8.0,
275,H2+ (ground state) → H (n=8) + H (n=1),H2+ (ground state),H (n=8) + H (n=1),4500.0,K,1.50114e-29,cm6/s,,,1.0,8.0,
275,H2+ (ground state) → H (n=8) + H (n=1),H2+ (ground state),H (n=8) + H (n=1),5000.0,K,1.16193e-29,cm6/s,,,1.0,8.0,
275,H2+ (ground state) → H (n=8) + H (n=1),H2+ (ground state),H (n=8) + H (n=1),5500.0,K,9.2432e-30,cm6/s,,,1.0,8.0,
275,H2+ (ground state) → H (n=8) + H (n=1),H2+ (ground state),H (n=8) + H (n=1),6000.0,K,7.4872e-30,cm6/s,,,1.0,8.0,
275,H2+ (ground state) → H (n=8) + H (n=1),H2+ (ground state),H (n=8) + H (n=1),6500.0,K,6.1698e-30,cm6/s,,,1.0,8.0,
275,H2+ (ground state) → H (n=8) + H (n=1),H2+ (ground state),H (n=8) + H (n=1),7000.0,K,5.1376e-30,cm6/s,,,1.0,8.0,
275,H2+ (ground state) → H (n=8) + H (n=1),H2+ (ground state),H (n=8) + H (n=1),7500.0,K,4.345e-30,cm6/s,,,1.0,8.0,
275,H2+ (ground state) → H (n=8) + H (n=1),H2+ (ground state),H (n=8) + H (n=1),8000.0,K,3.725e-30,cm6/s,,,1.0,8.0,
275,H2+ (ground state) → H (n=8) + H (n=1),H2+ (ground state),H (n=8) + H (n=1),8500.0,K,3.2289e-30,cm6/s,,,1.0,8.0,
275,H2+ (ground state) → H (n=8) + H (n=1),H2+ (ground state),H (n=8) + H (n=1),9000.0,K,2.8063e-30,cm6/s,,,1.0,8.0,
275,H2+ (ground state) → H (n=8) + H (n=1),H2+ (ground state),H (n=8) + H (n=1),9500.0,K,2.457e-30,cm6/s,,,1.0,8.0,
275,H2+ (ground state) → H (n=8) + H (n=1),H2+ (ground state),H (n=8) + H (n=1),10000.0,K,2.172e-30,cm6/s,,,1.0,8.0,
275,H2+ (ground state) → H (n=8) + H (n=1),H2+ (ground state),H (n=8) + H (n=1),11000.0,K,1.7113e-30,cm6/s,,,1.0,8.0,
275,H2+ (ground state) → H (n=8) + H (n=1),H2+ (ground state),H (n=8) + H (n=1),12000.0,K,1.3761e-30,cm6/s,,,1.0,8.0,
275,H2+ (ground state) → H (n=8) + H (n=1),H2+ (ground state),H (n=8) + H (n=1),13000.0,K,1.1408e-30,cm6/s,,,1.0,8.0,
275,H2+ (ground state) → H (n=8) + H (n=1),H2+ (ground state),H (n=8) + H (n=1),14000.0,K,9.435e-31,cm6/s,,,1.0,8.0,
275,H2+ (ground state) → H (n=8) + H (n=1),H2+ (ground state),H (n=8) + H (n=1),15000.0,K,7.979e-31,cm6/s,,,1.0,8.0,
275,H2+ (ground state) → H (n=8) + H (n=1),H2+ (ground state),H (n=8) + H (n=1),16000.0,K,6.7858e-31,cm6/s,,,1.0,8.0,
275,H2+ (ground state) → H (n=8) + H (n=1),H2+ (ground state),H (n=8) + H (n=1),17000.0,K,5.796e-31,cm6/s,,,1.0,8.0,
275,H2+ (ground state) → H (n=8) + H (n=1),H2+ (ground state),H (n=8) + H (n=1),18000.0,K,5.031e-31,cm6/s,,,1.0,8.0,
275,H2+ (ground state) → H (n=8) + H (n=1),H2+ (ground state),H (n=8) + H (n=1),19000.0,K,4.3676e-31,cm6/s,,,1.0,8.0,
275,H2+ (ground state) → H (n=8) + H (n=1),H2+ (ground state),H (n=8) + H (n=1),20000.0,K,3.857e-31,cm6/s,,,1.0,8.0,
276,H2+ (ground state) → H (n=9) + H (n=1),H2+ (ground state),H (n=9) + H (n=1),3000.0,K,2.91006e-29,cm6/s,,,1.0,9.0,
276,H2+ (ground state) → H (n=9) + H (n=1),H2+ (ground state),H (n=9) + H (n=1),3500.0,K,2.01212e-29,cm6/s,,,1.0,9.0,
276,H2+ (ground state) → H (n=9) + H (n=1),H2+ (ground state),H (n=9) + H (n=1),4000.0,K,1.45551e-29,cm6/s,,,1.0,9.0,
276,H2+ (ground state) → H (n=9) + H (n=1),H2+ (ground state),H (n=9) + H (n=1),4500.0,K,1.1016e-29,cm6/s,,,1.0,9.0,
276,H2+ (ground state) → H (n=9) + H (n=1),H2+ (ground state),H (n=9) + H (n=1),5000.0,K,8.5695e-30,cm6/s,,,1.0,9.0,
276,H2+ (ground state) → H (n=9) + H (n=1),H2+ (ground state),H (n=9) + H (n=1),5500.0,K,6.804e-30,cm6/s,,,1.0,9.0,
276,H2+ (ground state) → H (n=9) + H (n=1),H2+ (ground state),H (n=9) + H (n=1),6000.0,K,5.5112e-30,cm6/s,,,1.0,9.0,
276,H2+ (ground state) → H (n=9) + H (n=1),H2+ (ground state),H (n=9) + H (n=1),6500.0,K,4.5584e-30,cm6/s,,,1.0,9.0,
276,H2+ (ground state) → H (n=9) + H (n=1),H2+ (ground state),H (n=9) + H (n=1),7000.0,K,3.816e-30,cm6/s,,,1.0,9.0,
276,H2+ (ground state) → H (n=9) + H (n=1),H2+ (ground state),H (n=9) + H (n=1),7500.0,K,3.24e-30,cm6/s,,,1.0,9.0,
276,H2+ (ground state) → H (n=9) + H (n=1),H2+ (ground state),H (n=9) + H (n=1),8000.0,K,2.7686e-30,cm6/s,,,1.0,9.0,
276,H2+ (ground state) → H (n=9) + H (n=1),H2+ (ground state),H (n=9) + H (n=1),8500.0,K,2.4e-30,cm6/s,,,1.0,9.0,
276,H2+ (ground state) → H (n=9) + H (n=1),H2+ (ground state),H (n=9) + H (n=1),9000.0,K,2.0792e-30,cm6/s,,,1.0,9.0,
276,H2+ (ground state) → H (n=9) + H (n=1),H2+ (ground state),H (n=9) + H (n=1),9500.0,K,1.819e-30,cm6/s,,,1.0,9.0,
276,H2+ (ground state) → H (n=9) + H (n=1),H2+ (ground state),H (n=9) + H (n=1),10000.0,K,1.6116e-30,cm6/s,,,1.0,9.0,
276,H2+ (ground state) → H (n=9) + H (n=1),H2+ (ground state),H (n=9) + H (n=1),11000.0,K,1.2834e-30,cm6/s,,,1.0,9.0,
276,H2+ (ground state) → H (n=9) + H (n=1),H2+ (ground state),H (n=9) + H (n=1),12000.0,K,1.0164e-30,cm6/s,,,1.0,9.0,
276,H2+ (ground state) → H (n=9) + H (n=1),H2+ (ground state),H (n=9) + H (n=1),13000.0,K,8.424e-31,cm6/s,,,1.0,9.0,
276,H2+ (ground state) → H (n=9) + H (n=1),H2+ (ground state),H (n=9) + H (n=1),14000.0,K,6.9984e-31,cm6/s,,,1.0,9.0,
276,H2+ (ground state) → H (n=9) + H (n=1),H2+ (ground state),H (n=9) + H (n=1),15000.0,K,5.896e-31,cm6/s,,,1.0,9.0,
276,H2+ (ground state) → H (n=9) + H (n=1),H2+ (ground state),H (n=9) + H (n=1),16000.0,K,5.0463e-31,cm6/s,,,1.0,9.0,
276,H2+ (ground state) → H (n=9) + H (n=1),H2+ (ground state),H (n=9) + H (n=1),17000.0,K,4.3306e-31,cm6/s,,,1.0,9.0,
276,H2+ (ground state) → H (n=9) + H (n=1),H2+ (ground state),H (n=9) + H (n=1),18000.0,K,3.718e-31,cm6/s,,,1.0,9.0,
276,H2+ (ground state) → H (n=9) + H (n=1),H2+ (ground state),H (n=9) + H (n=1),19000.0,K,3.25e-31,cm6/s,,,1.0,9.0,
276,H2+ (ground state) → H (n=9) + H (n=1),H2+ (ground state),H (n=9) + H (n=1),20000.0,K,2.8469e-31,cm6/s,,,1.0,9.0,
277,H2+ (ground state) → H (n=10) + H (n=1),H2+ (ground state),H (n=10) + H (n=1),3000.0,K,2.17056e-29,cm6/s,,,1.0,10.0,
277,H2+ (ground state) → H (n=10) + H (n=1),H2+ (ground state),H (n=10) + H (n=1),3500.0,K,1.50285e-29,cm6/s,,,1.0,10.0,
277,H2+ (ground state) → H (n=10) + H (n=1),H2+ (ground state),H (n=10) + H (n=1),4000.0,K,1.09824e-29,cm6/s,,,1.0,10.0,
277,H2+ (ground state) → H (n=10) + H (n=1),H2+ (ground state),H (n=10) + H (n=1),4500.0,K,8.2841e-30,cm6/s,,,1.0,10.0,
277,H2+ (ground state) → H (n=10) + H (n=1),H2+ (ground state),H (n=10) + H (n=1),5000.0,K,6.443e-30,cm6/s,,,1.0,10.0,
277,H2+ (ground state) → H (n=10) + H (n=1),H2+ (ground state),H (n=10) + H (n=1),5500.0,K,5.1324e-30,cm6/s,,,1.0,10.0,
277,H2+ (ground state) → H (n=10) + H (n=1),H2+ (ground state),H (n=10) + H (n=1),6000.0,K,4.176e-30,cm6/s,,,1.0,10.0,
277,H2+ (ground state) → H (n=10) + H (n=1),H2+ (ground state),H (n=10) + H (n=1),6500.0,K,3.4314e-30,cm6/s,,,1.0,10.0,
277,H2+ (ground state) → H (n=10) + H (n=1),H2+ (ground state),H (n=10) + H (n=1),7000.0,K,2.9e-30,cm6/s,,,1.0,10.0,
277,H2+ (ground state) → H (n=10) + H (n=1),H2+ (ground state),H (n=10) + H (n=1),7500.0,K,2.457e-30,cm6/s,,,1.0,10.0,
277,H2+ (ground state) → H (n=10) + H (n=1),H2+ (ground state),H (n=10) + H (n=1),8000.0,K,2.0819e-30,cm6/s,,,1.0,10.0,
277,H2+ (ground state) → H (n=10) + H (n=1),H2+ (ground state),H (n=10) + H (n=1),8500.0,K,1.8025e-30,cm6/s,,,1.0,10.0,
277,H2+ (ground state) → H (n=10) + H (n=1),H2+ (ground state),H (n=10) + H (n=1),9000.0,K,1.5778e-30,cm6/s,,,1.0,10.0,
277,H2+ (ground state) → H (n=10) + H (n=1),H2+ (ground state),H (n=10) + H (n=1),9500.0,K,1.3857e-30,cm6/s,,,1.0,10.0,
277,H2+ (ground state) → H (n=10) + H (n=1),H2+ (ground state),H (n=10) + H (n=1),10000.0,K,1.2144e-30,cm6/s,,,1.0,10.0,
277,H2+ (ground state) → H (n=10) + H (n=1),H2+ (ground state),H (n=10) + H (n=1),11000.0,K,9.6e-31,cm6/s,,,1.0,10.0,
277,H2+ (ground state) → H (n=10) + H (n=1),H2+ (ground state),H (n=10) + H (n=1),12000.0,K,7.738e-31,cm6/s,,,1.0,10.0,
277,H2+ (ground state) → H (n=10) + H (n=1),H2+ (ground state),H (n=10) + H (n=1),13000.0,K,6.3449e-31,cm6/s,,,1.0,10.0,
277,H2+ (ground state) → H (n=10) + H (n=1),H2+ (ground state),H (n=10) + H (n=1),14000.0,K,5.2762e-31,cm6/s,,,1.0,10.0,
277,H2+ (ground state) → H (n=10) + H (n=1),H2+ (ground state),H (n=10) + H (n=1),15000.0,K,4.466e-31,cm6/s,,,1.0,10.0,
277,H2+ (ground state) → H (n=10) + H (n=1),H2+ (ground state),H (n=10) + H (n=1),16000.0,K,3.7854e-31,cm6/s,,,1.0,10.0,
277,H2+ (ground state) → H (n=10) + H (n=1),H2+ (ground state),H (n=10) + H (n=1),17000.0,K,3.2742e-31,cm6/s,,,1.0,10.0,
277,H2+ (ground state) → H (n=10) + H (n=1),H2+ (ground state),H (n=10) + H (n=1),18000.0,K,2.8368e-31,cm6/s,,,1.0,10.0,
277,H2+ (ground state) → H (n=10) + H (n=1),H2+ (ground state),H (n=10) + H (n=1),19000.0,K,2.4615e-31,cm6/s,,,1.0,10.0,
277,H2+ (ground state) → H (n=10) + H (n=1),H2+ (ground state),H (n=10) + H (n=1),20000.0,K,2.1844e-31,cm6/s,,,1.0,10.0,
278,H2+ (ground state) → H (n=1) + H (n=11),H2+ (ground state),H (n=1) + H (n=11),3000.0,K,1.65672e-29,cm6/s,,,1.0,11.0,
278,H2+ (ground state) → H (n=1) + H (n=11),H2+ (ground state),H (n=1) + H (n=11),3500.0,K,1.1521e-29,cm6/s,,,1.0,11.0,
278,H2+ (ground state) → H (n=1) + H (n=11),H2+ (ground state),H (n=1) + H (n=11),4000.0,K,8.3902e-30,cm6/s,,,1.0,11.0,
278,H2+ (ground state) → H (n=1) + H (n=11),H2+ (ground state),H (n=1) + H (n=11),4500.0,K,6.3855e-30,cm6/s,,,1.0,11.0,
278,H2+ (ground state) → H (n=1) + H (n=11),H2+ (ground state),H (n=1) + H (n=11),5000.0,K,4.9468e-30,cm6/s,,,1.0,11.0,
278,H2+ (ground state) → H (n=1) + H (n=11),H2+ (ground state),H (n=1) + H (n=11),5500.0,K,3.9593e-30,cm6/s,,,1.0,11.0,
278,H2+ (ground state) → H (n=1) + H (n=11),H2+ (ground state),H (n=1) + H (n=11),6000.0,K,3.213e-30,cm6/s,,,1.0,11.0,
278,H2+ (ground state) → H (n=1) + H (n=11),H2+ (ground state),H (n=1) + H (n=11),6500.0,K,2.6559e-30,cm6/s,,,1.0,11.0,
278,H2+ (ground state) → H (n=1) + H (n=11),H2+ (ground state),H (n=1) + H (n=11),7000.0,K,2.2236e-30,cm6/s,,,1.0,11.0,
278,H2+ (ground state) → H (n=1) + H (n=11),H2+ (ground state),H (n=1) + H (n=11),7500.0,K,1.8768e-30,cm6/s,,,1.0,11.0,
278,H2+ (ground state) → H (n=1) + H (n=11),H2+ (ground state),H (n=1) + H (n=11),8000.0,K,1.6128e-30,cm6/s,,,1.0,11.0,
278,H2+ (ground state) → H (n=1) + H (n=11),H2+ (ground state),H (n=1) + H (n=11),8500.0,K,1.4014e-30,cm6/s,,,1.0,11.0,
278,H2+ (ground state) → H (n=1) + H (n=11),H2+ (ground state),H (n=1) + H (n=11),9000.0,K,1.2212e-30,cm6/s,,,1.0,11.0,
278,H2+ (ground state) → H (n=1) + H (n=11),H2+ (ground state),H (n=1) + H (n=11),9500.0,K,1.0611e-30,cm6/s,,,1.0,11.0,
278,H2+ (ground state) → H (n=1) + H (n=11),H2+ (ground state),H (n=1) + H (n=11),10000.0,K,9.394e-31,cm6/s,,,1.0,11.0,
278,H2+ (ground state) → H (n=1) + H (n=11),H2+ (ground state),H (n=1) + H (n=11),11000.0,K,7.42e-31,cm6/s,,,1.0,11.0,
278,H2+ (ground state) → H (n=1) + H (n=11),H2+ (ground state),H (n=1) + H (n=11),12000.0,K,5.9776e-31,cm6/s,,,1.0,11.0,
278,H2+ (ground state) → H (n=1) + H (n=11),H2+ (ground state),H (n=1) + H (n=11),13000.0,K,4.9088e-31,cm6/s,,,1.0,11.0,
278,H2+ (ground state) → H (n=1) + H (n=11),H2+ (ground state),H (n=1) + H (n=11),14000.0,K,4.114e-31,cm6/s,,,1.0,11.0,
278,H2+ (ground state) → H (n=1) + H (n=11),H2+ (ground state),H (n=1) + H (n=11),15000.0,K,3.4527e-31,cm6/s,,,1.0,11.0,
278,H2+ (ground state) → H (n=1) + H (n=11),H2+ (ground state),H (n=1) + H (n=11),16000.0,K,2.9568e-31,cm6/s,,,1.0,11.0,
278,H2+ (ground state) → H (n=1) + H (n=11),H2+ (ground state),H (n=1) + H (n=11),17000.0,K,2.538e-31,cm6/s,,,1.0,11.0,
278,H2+ (ground state) → H (n=1) + H (n=11),H2+ (ground state),H (n=1) + H (n=11),18000.0,K,2.184e-31,cm6/s,,,1.0,11.0,
278,H2+ (ground state) → H (n=1) + H (n=11),H2+ (ground state),H (n=1) + H (n=11),19000.0,K,1.92e-31,cm6/s,,,1.0,11.0,
278,H2+ (ground state) → H (n=1) + H (n=11),H2+ (ground state),H (n=1) + H (n=11),20000.0,K,1.6502e-31,cm6/s,,,1.0,11.0,
279,H2+ (ground state) → H (n=1) + H (n=12),H2+ (ground state),H (n=1) + H (n=12),3000.0,K,1.29789e-29,cm6/s,,,1.0,12.0,
279,H2+ (ground state) → H (n=1) + H (n=12),H2+ (ground state),H (n=1) + H (n=12),3500.0,K,9.0402e-30,cm6/s,,,1.0,12.0,
279,H2+ (ground state) → H (n=1) + H (n=12),H2+ (ground state),H (n=1) + H (n=12),4000.0,K,6.6178e-30,cm6/s,,,1.0,12.0,
279,H2+ (ground state) → H (n=1) + H (n=12),H2+ (ground state),H (n=1) + H (n=12),4500.0,K,4.9786e-30,cm6/s,,,1.0,12.0,
279,H2+ (ground state) → H (n=1) + H (n=12),H2+ (ground state),H (n=1) + H (n=12),5000.0,K,3.8969e-30,cm6/s,,,1.0,12.0,
279,H2+ (ground state) → H (n=1) + H (n=12),H2+ (ground state),H (n=1) + H (n=12),5500.0,K,3.111e-30,cm6/s,,,1.0,12.0,
279,H2+ (ground state) → H (n=1) + H (n=12),H2+ (ground state),H (n=1) + H (n=12),6000.0,K,2.52e-30,cm6/s,,,1.0,12.0,
279,H2+ (ground state) → H (n=1) + H (n=12),H2+ (ground state),H (n=1) + H (n=12),6500.0,K,2.08e-30,cm6/s,,,1.0,12.0,
279,H2+ (ground state) → H (n=1) + H (n=12),H2+ (ground state),H (n=1) + H (n=12),7000.0,K,1.746e-30,cm6/s,,,1.0,12.0,
279,H2+ (ground state) → H (n=1) + H (n=12),H2+ (ground state),H (n=1) + H (n=12),7500.0,K,1.4833e-30,cm6/s,,,1.0,12.0,
279,H2+ (ground state) → H (n=1) + H (n=12),H2+ (ground state),H (n=1) + H (n=12),8000.0,K,1.258e-30,cm6/s,,,1.0,12.0,
279,H2+ (ground state) → H (n=1) + H (n=12),H2+ (ground state),H (n=1) + H (n=12),8500.0,K,1.1016e-30,cm6/s,,,1.0,12.0,
279,H2+ (ground state) → H (n=1) + H (n=12),H2+ (ground state),H (n=1) + H (n=12),9000.0,K,9.5e-31,cm6/s,,,1.0,12.0,
279,H2+ (ground state) → H (n=1) + H (n=12),H2+ (ground state),H (n=1) + H (n=12),9500.0,K,8.352e-31,cm6/s,,,1.0,12.0,
279,H2+ (ground state) → H (n=1) + H (n=12),H2+ (ground state),H (n=1) + H (n=12),10000.0,K,7.383e-31,cm6/s,,,1.0,12.0,
279,H2+ (ground state) → H (n=1) + H (n=12),H2+ (ground state),H (n=1) + H (n=12),11000.0,K,5.8032e-31,cm6/s,,,1.0,12.0,
279,H2+ (ground state) → H (n=1) + H (n=12),H2+ (ground state),H (n=1) + H (n=12),12000.0,K,4.7082e-31,cm6/s,,,1.0,12.0,
279,H2+ (ground state) → H (n=1) + H (n=12),H2+ (ground state),H (n=1) + H (n=12),13000.0,K,3.8955e-31,cm6/s,,,1.0,12.0,
279,H2+ (ground state) → H (n=1) + H (n=12),H2+ (ground state),H (n=1) + H (n=12),14000.0,K,3.234e-31,cm6/s,,,1.0,12.0,
279,H2+ (ground state) → H (n=1) + H (n=12),H2+ (ground state),H (n=1) + H (n=12),15000.0,K,2.691e-31,cm6/s,,,1.0,12.0,
279,H2+ (ground state) → H (n=1) + H (n=12),H2+ (ground state),H (n=1) + H (n=12),16000.0,K,2.2848e-31,cm6/s,,,1.0,12.0,
279,H2+ (ground state) → H (n=1) + H (n=12),H2+ (ground state),H (n=1) + H (n=12),17000.0,K,1.992e-31,cm6/s,,,1.0,12.0,
279,H2+ (ground state) → H (n=1) + H (n=12),H2+ (ground state),H (n=1) + H (n=12),18000.0,K,1.6983e-31,cm6/s,,,1.0,12.0,
279,H2+ (ground state) → H (n=1) + H (n=12),H2+ (ground state),H (n=1) + H (n=12),19000.0,K,1.484e-31,cm6/s,,,1.0,12.0,
279,H2+ (ground state) → H (n=1) + H (n=12),H2+ (ground state),H (n=1) + H (n=12),20000.0,K,1.3002e-31,cm6/s,,,1.0,12.0,
280,H2+ (ground state) → H (n=1) + H (n=13),H2+ (ground state),H (n=1) + H (n=13),3000.0,K,1.03024e-29,cm6/s,,,1.0,13.0,
280,H2+ (ground state) → H (n=1) + H (n=13),H2+ (ground state),H (n=1) + H (n=13),3500.0,K,7.1668e-30,cm6/s,,,1.0,13.0,
280,H2+ (ground state) → H (n=1) + H (n=13),H2+ (ground state),H (n=1) + H (n=13),4000.0,K,5.256e-30,cm6/s,,,1.0,13.0,
280,H2+ (ground state) → H (n=1) + H (n=13),H2+ (ground state),H (n=1) + H (n=13),4500.0,K,3.9693e-30,cm6/s,,,1.0,13.0,
280,H2+ (ground state) → H (n=1) + H (n=13),H2+ (ground state),H (n=1) + H (n=13),5000.0,K,3.094e-30,cm6/s,,,1.0,13.0,
280,H2+ (ground state) → H (n=1) + H (n=13),H2+ (ground state),H (n=1) + H (n=13),5500.0,K,2.497e-30,cm6/s,,,1.0,13.0,
280,H2+ (ground state) → H (n=1) + H (n=13),H2+ (ground state),H (n=1) + H (n=13),6000.0,K,2.02e-30,cm6/s,,,1.0,13.0,
280,H2+ (ground state) → H (n=1) + H (n=13),H2+ (ground state),H (n=1) + H (n=13),6500.0,K,1.6732e-30,cm6/s,,,1.0,13.0,
280,H2+ (ground state) → H (n=1) + H (n=13),H2+ (ground state),H (n=1) + H (n=13),7000.0,K,1.392e-30,cm6/s,,,1.0,13.0,
280,H2+ (ground state) → H (n=1) + H (n=13),H2+ (ground state),H (n=1) + H (n=13),7500.0,K,1.189e-30,cm6/s,,,1.0,13.0,
280,H2+ (ground state) → H (n=1) + H (n=13),H2+ (ground state),H (n=1) + H (n=13),8000.0,K,1.0164e-30,cm6/s,,,1.0,13.0,
280,H2+ (ground state) → H (n=1) + H (n=13),H2+ (ground state),H (n=1) + H (n=13),8500.0,K,8.712e-31,cm6/s,,,1.0,13.0,
280,H2+ (ground state) → H (n=1) + H (n=13),H2+ (ground state),H (n=1) + H (n=13),9000.0,K,7.548e-31,cm6/s,,,1.0,13.0,
280,H2+ (ground state) → H (n=1) + H (n=13),H2+ (ground state),H (n=1) + H (n=13),9500.0,K,6.695e-31,cm6/s,,,1.0,13.0,
280,H2+ (ground state) → H (n=1) + H (n=13),H2+ (ground state),H (n=1) + H (n=13),10000.0,K,5.921e-31,cm6/s,,,1.0,13.0,
280,H2+ (ground state) → H (n=1) + H (n=13),H2+ (ground state),H (n=1) + H (n=13),11000.0,K,4.6592e-31,cm6/s,,,1.0,13.0,
280,H2+ (ground state) → H (n=1) + H (n=13),H2+ (ground state),H (n=1) + H (n=13),12000.0,K,3.7383e-31,cm6/s,,,1.0,13.0,
280,H2+ (ground state) → H (n=1) + H (n=13),H2+ (ground state),H (n=1) + H (n=13),13000.0,K,3.0691e-31,cm6/s,,,1.0,13.0,
280,H2+ (ground state) → H (n=1) + H (n=13),H2+ (ground state),H (n=1) + H (n=13),14000.0,K,2.5828e-31,cm6/s,,,1.0,13.0,
280,H2+ (ground state) → H (n=1) + H (n=13),H2+ (ground state),H (n=1) + H (n=13),15000.0,K,2.1771e-31,cm6/s,,,1.0,13.0,
280,H2+ (ground state) → H (n=1) + H (n=13),H2+ (ground state),H (n=1) + H (n=13),16000.0,K,1.8354e-31,cm6/s,,,1.0,13.0,
280,H2+ (ground state) → H (n=1) + H (n=13),H2+ (ground state),H (n=1) + H (n=13),17000.0,K,1.5948e-31,cm6/s,,,1.0,13.0,
280,H2+ (ground state) → H (n=1) + H (n=13),H2+ (ground state),H (n=1) + H (n=13),18000.0,K,1.3838e-31,cm6/s,,,1.0,13.0,
280,H2+ (ground state) → H (n=1) + H (n=13),H2+ (ground state),H (n=1) + H (n=13),19000.0,K,1.2032e-31,cm6/s,,,1.0,13.0,
280,H2+ (ground state) → H (n=1) + H (n=13),H2+ (ground state),H (n=1) + H (n=13),20000.0,K,1.047e-31,cm6/s,,,1.0,13.0,
281,H2+ (ground state) → H (n=1) + H (n=14),H2+ (ground state),H (n=1) + H (n=14),3000.0,K,8.296e-30,cm6/s,,,1.0,14.0,
281,H2+ (ground state) → H (n=1) + H (n=14),H2+ (ground state),H (n=1) + H (n=14),3500.0,K,5.811e-30,cm6/s,,,1.0,14.0,
281,H2+ (ground state) → H (n=1) + H (n=14),H2+ (ground state),H (n=1) + H (n=14),4000.0,K,4.2372e-30,cm6/s,,,1.0,14.0,
281,H2+ (ground state) → H (n=1) + H (n=14),H2+ (ground state),H (n=1) + H (n=14),4500.0,K,3.213e-30,cm6/s,,,1.0,14.0,
281,H2+ (ground state) → H (n=1) + H (n=14),H2+ (ground state),H (n=1) + H (n=14),5000.0,K,2.5056e-30,cm6/s,,,1.0,14.0,
281,H2+ (ground state) → H (n=1) + H (n=14),H2+ (ground state),H (n=1) + H (n=14),5500.0,K,1.9998e-30,cm6/s,,,1.0,14.0,
281,H2+ (ground state) → H (n=1) + H (n=14),H2+ (ground state),H (n=1) + H (n=14),6000.0,K,1.6198e-30,cm6/s,,,1.0,14.0,
281,H2+ (ground state) → H (n=1) + H (n=14),H2+ (ground state),H (n=1) + H (n=14),6500.0,K,1.3515e-30,cm6/s,,,1.0,14.0,
281,H2+ (ground state) → H (n=1) + H (n=14),H2+ (ground state),H (n=1) + H (n=14),7000.0,K,1.1297e-30,cm6/s,,,1.0,14.0,
281,H2+ (ground state) → H (n=1) + H (n=14),H2+ (ground state),H (n=1) + H (n=14),7500.0,K,9.546e-31,cm6/s,,,1.0,14.0,
281,H2+ (ground state) → H (n=1) + H (n=14),H2+ (ground state),H (n=1) + H (n=14),8000.0,K,8.26e-31,cm6/s,,,1.0,14.0,
281,H2+ (ground state) → H (n=1) + H (n=14),H2+ (ground state),H (n=1) + H (n=14),8500.0,K,7.128e-31,cm6/s,,,1.0,14.0,
281,H2+ (ground state) → H (n=1) + H (n=14),H2+ (ground state),H (n=1) + H (n=14),9000.0,K,6.1566e-31,cm6/s,,,1.0,14.0,
281,H2+ (ground state) → H (n=1) + H (n=14),H2+ (ground state),H (n=1) + H (n=14),9500.0,K,5.4221e-31,cm6/s,,,1.0,14.0,
281,H2+ (ground state) → H (n=1) + H (n=14),H2+ (ground state),H (n=1) + H (n=14),10000.0,K,4.7768e-31,cm6/s,,,1.0,14.0,
281,H2+ (ground state) → H (n=1) + H (n=14),H2+ (ground state),H (n=1) + H (n=14),11000.0,K,3.7893e-31,cm6/s,,,1.0,14.0,
281,H2+ (ground state) → H (n=1) + H (n=14),H2+ (ground state),H (n=1) + H (n=14),12000.0,K,3.0785e-31,cm6/s,,,1.0,14.0,
281,H2+ (ground state) → H (n=1) + H (n=14),H2+ (ground state),H (n=1) + H (n=14),13000.0,K,2.5069e-31,cm6/s,,,1.0,14.0,
281,H2+ (ground state) → H (n=1) + H (n=14),H2+ (ground state),H (n=1) + H (n=14),14000.0,K,2.096e-31,cm6/s,,,1.0,14.0,
281,H2+ (ground state) → H (n=1) + H (n=14),H2+ (ground state),H (n=1) + H (n=14),15000.0,K,1.7538e-31,cm6/s,,,1.0,14.0,
281,H2+ (ground state) → H (n=1) + H (n=14),H2+ (ground state),H (n=1) + H (n=14),16000.0,K,1.5085e-31,cm6/s,,,1.0,14.0,
281,H2+ (ground state) → H (n=1) + H (n=14),H2+ (ground state),H (n=1) + H (n=14),17000.0,K,1.264e-31,cm6/s,,,1.0,14.0,
281,H2+ (ground state) → H (n=1) + H (n=14),H2+ (ground state),H (n=1) + H (n=14),18000.0,K,1.1253e-31,cm6/s,,,1.0,14.0,
281,H2+ (ground state) → H (n=1) + H (n=14),H2+ (ground state),H (n=1) + H (n=14),19000.0,K,9.744e-32,cm6/s,,,1.0,14.0,
281,H2+ (ground state) → H (n=1) + H (n=14),H2+ (ground state),H (n=1) + H (n=14),20000.0,K,8.424e-32,cm6/s,,,1.0,14.0,
282,H2+ (ground state) → H (n=15) + H (n=1),H2+ (ground state),H (n=15) + H (n=1),3000.0,K,6.8172e-30,cm6/s,,,1.0,15.0,
282,H2+ (ground state) → H (n=15) + H (n=1),H2+ (ground state),H (n=15) + H (n=1),3500.0,K,4.7464e-30,cm6/s,,,1.0,15.0,
282,H2+ (ground state) → H (n=15) + H (n=1),H2+ (ground state),H (n=15) + H (n=1),4000.0,K,3.4848e-30,cm6/s,,,1.0,15.0,
282,H2+ (ground state) → H (n=15) + H (n=1),H2+ (ground state),H (n=15) + H (n=1),4500.0,K,2.6487e-30,cm6/s,,,1.0,15.0,
282,H2+ (ground state) → H (n=15) + H (n=1),H2+ (ground state),H (n=15) + H (n=1),5000.0,K,2.0691e-30,cm6/s,,,1.0,15.0,
282,H2+ (ground state) → H (n=15) + H (n=1),H2+ (ground state),H (n=15) + H (n=1),5500.0,K,1.6562e-30,cm6/s,,,1.0,15.0,
282,H2+ (ground state) → H (n=15) + H (n=1),H2+ (ground state),H (n=15) + H (n=1),6000.0,K,1.344e-30,cm6/s,,,1.0,15.0,
282,H2+ (ground state) → H (n=15) + H (n=1),H2+ (ground state),H (n=15) + H (n=1),6500.0,K,1.1154e-30,cm6/s,,,1.0,15.0,
282,H2+ (ground state) → H (n=15) + H (n=1),H2+ (ground state),H (n=15) + H (n=1),7000.0,K,9.216e-31,cm6/s,,,1.0,15.0,
282,H2+ (ground state) → H (n=15) + H (n=1),H2+ (ground state),H (n=15) + H (n=1),7500.0,K,7.888e-31,cm6/s,,,1.0,15.0,
282,H2+ (ground state) → H (n=15) + H (n=1),H2+ (ground state),H (n=15) + H (n=1),8000.0,K,6.784e-31,cm6/s,,,1.0,15.0,
282,H2+ (ground state) → H (n=15) + H (n=1),H2+ (ground state),H (n=15) + H (n=1),8500.0,K,5.814e-31,cm6/s,,,1.0,15.0,
282,H2+ (ground state) → H (n=15) + H (n=1),H2+ (ground state),H (n=15) + H (n=1),9000.0,K,5.0844e-31,cm6/s,,,1.0,15.0,
282,H2+ (ground state) → H (n=15) + H (n=1),H2+ (ground state),H (n=15) + H (n=1),9500.0,K,4.455e-31,cm6/s,,,1.0,15.0,
282,H2+ (ground state) → H (n=15) + H (n=1),H2+ (ground state),H (n=15) + H (n=1),10000.0,K,3.9066e-31,cm6/s,,,1.0,15.0,
282,H2+ (ground state) → H (n=15) + H (n=1),H2+ (ground state),H (n=15) + H (n=1),11000.0,K,3.1349e-31,cm6/s,,,1.0,15.0,
282,H2+ (ground state) → H (n=15) + H (n=1),H2+ (ground state),H (n=15) + H (n=1),12000.0,K,2.5284e-31,cm6/s,,,1.0,15.0,
282,H2+ (ground state) → H (n=15) + H (n=1),H2+ (ground state),H (n=15) + H (n=1),13000.0,K,2.0436e-31,cm6/s,,,1.0,15.0,
282,H2+ (ground state) → H (n=15) + H (n=1),H2+ (ground state),H (n=15) + H (n=1),14000.0,K,1.692e-31,cm6/s,,,1.0,15.0,
282,H2+ (ground state) → H (n=15) + H (n=1),H2+ (ground state),H (n=15) + H (n=1),15000.0,K,1.445e-31,cm6/s,,,1.0,15.0,
282,H2+ (ground state) → H (n=15) + H (n=1),H2+ (ground state),H (n=15) + H (n=1),16000.0,K,1.2384e-31,cm6/s,,,1.0,15.0,
282,H2+ (ground state) → H (n=15) + H (n=1),H2+ (ground state),H (n=15) + H (n=1),17000.0,K,1.062e-31,cm6/s,,,1.0,15.0,
282,H2+ (ground state) → H (n=15) + H (n=1),H2+ (ground state),H (n=15) + H (n=1),18000.0,K,9.128e-32,cm6/s,,,1.0,15.0,
282,H2+ (ground state) → H (n=15) + H (n=1),H2+ (ground state),H (n=15) + H (n=1),19000.0,K,7.826e-32,cm6/s,,,1.0,15.0,
282,H2+ (ground state) → H (n=15) + H (n=1),H2+ (ground state),H (n=15) + H (n=1),20000.0,K,7e-32,cm6/s,,,1.0,15.0,
283,H2+ (ground state) → H (n=16) + H (n=1),H2+ (ground state),H (n=16) + H (n=1),3000.0,K,5.6342e-30,cm6/s,,,1.0,16.0,
283,H2+ (ground state) → H (n=16) + H (n=1),H2+ (ground state),H (n=16) + H (n=1),3500.0,K,3.9375e-30,cm6/s,,,1.0,16.0,
283,H2+ (ground state) → H (n=16) + H (n=1),H2+ (ground state),H (n=16) + H (n=1),4000.0,K,2.886e-30,cm6/s,,,1.0,16.0,
283,H2+ (ground state) → H (n=16) + H (n=1),H2+ (ground state),H (n=16) + H (n=1),4500.0,K,2.19e-30,cm6/s,,,1.0,16.0,
283,H2+ (ground state) → H (n=16) + H (n=1),H2+ (ground state),H (n=16) + H (n=1),5000.0,K,1.7108e-30,cm6/s,,,1.0,16.0,
283,H2+ (ground state) → H (n=16) + H (n=1),H2+ (ground state),H (n=16) + H (n=1),5500.0,K,1.3776e-30,cm6/s,,,1.0,16.0,
283,H2+ (ground state) → H (n=16) + H (n=1),H2+ (ground state),H (n=16) + H (n=1),6000.0,K,1.1165e-30,cm6/s,,,1.0,16.0,
283,H2+ (ground state) → H (n=16) + H (n=1),H2+ (ground state),H (n=16) + H (n=1),6500.0,K,9.159e-31,cm6/s,,,1.0,16.0,
283,H2+ (ground state) → H (n=16) + H (n=1),H2+ (ground state),H (n=16) + H (n=1),7000.0,K,7.772e-31,cm6/s,,,1.0,16.0,
283,H2+ (ground state) → H (n=16) + H (n=1),H2+ (ground state),H (n=16) + H (n=1),7500.0,K,6.51e-31,cm6/s,,,1.0,16.0,
283,H2+ (ground state) → H (n=16) + H (n=1),H2+ (ground state),H (n=16) + H (n=1),8000.0,K,5.6345e-31,cm6/s,,,1.0,16.0,
283,H2+ (ground state) → H (n=16) + H (n=1),H2+ (ground state),H (n=16) + H (n=1),8500.0,K,4.807e-31,cm6/s,,,1.0,16.0,
283,H2+ (ground state) → H (n=16) + H (n=1),H2+ (ground state),H (n=16) + H (n=1),9000.0,K,4.186e-31,cm6/s,,,1.0,16.0,
283,H2+ (ground state) → H (n=16) + H (n=1),H2+ (ground state),H (n=16) + H (n=1),9500.0,K,3.72e-31,cm6/s,,,1.0,16.0,
283,H2+ (ground state) → H (n=16) + H (n=1),H2+ (ground state),H (n=16) + H (n=1),10000.0,K,3.2477e-31,cm6/s,,,1.0,16.0,
283,H2+ (ground state) → H (n=16) + H (n=1),H2+ (ground state),H (n=16) + H (n=1),11000.0,K,2.5886e-31,cm6/s,,,1.0,16.0,
283,H2+ (ground state) → H (n=16) + H (n=1),H2+ (ground state),H (n=16) + H (n=1),12000.0,K,2.067e-31,cm6/s,,,1.0,16.0,
283,H2+ (ground state) → H (n=16) + H (n=1),H2+ (ground state),H (n=16) + H (n=1),13000.0,K,1.6992e-31,cm6/s,,,1.0,16.0,
283,H2+ (ground state) → H (n=16) + H (n=1),H2+ (ground state),H (n=16) + H (n=1),14000.0,K,1.4416e-31,cm6/s,,,1.0,16.0,
283,H2+ (ground state) → H (n=16) + H (n=1),H2+ (ground state),H (n=16) + H (n=1),15000.0,K,1.1873e-31,cm6/s,,,1.0,16.0,
283,H2+ (ground state) → H (n=16) + H (n=1),H2+ (ground state),H (n=16) + H (n=1),16000.0,K,1.0121e-31,cm6/s,,,1.0,16.0,
283,H2+ (ground state) → H (n=16) + H (n=1),H2+ (ground state),H (n=16) + H (n=1),17000.0,K,8.613e-32,cm6/s,,,1.0,16.0,
283,H2+ (ground state) → H (n=16) + H (n=1),H2+ (ground state),H (n=16) + H (n=1),18000.0,K,7.644e-32,cm6/s,,,1.0,16.0,
283,H2+ (ground state) → H (n=16) + H (n=1),H2+ (ground state),H (n=16) + H (n=1),19000.0,K,6.528e-32,cm6/s,,,1.0,16.0,
283,H2+ (ground state) → H (n=16) + H (n=1),H2+ (ground state),H (n=16) + H (n=1),20000.0,K,5.796e-32,cm6/s,,,1.0,16.0,
284,H2+ (ground state) → H (n=17) + H (n=1),H2+ (ground state),H (n=17) + H (n=1),3000.0,K,4.7124e-30,cm6/s,,,1.0,17.0,
284,H2+ (ground state) → H (n=17) + H (n=1),H2+ (ground state),H (n=17) + H (n=1),3500.0,K,3.3176e-30,cm6/s,,,1.0,17.0,
284,H2+ (ground state) → H (n=17) + H (n=1),H2+ (ground state),H (n=17) + H (n=1),4000.0,K,2.4205e-30,cm6/s,,,1.0,17.0,
284,H2+ (ground state) → H (n=17) + H (n=1),H2+ (ground state),H (n=17) + H (n=1),4500.0,K,1.8507e-30,cm6/s,,,1.0,17.0,
284,H2+ (ground state) → H (n=17) + H (n=1),H2+ (ground state),H (n=17) + H (n=1),5000.0,K,1.4364e-30,cm6/s,,,1.0,17.0,
284,H2+ (ground state) → H (n=17) + H (n=1),H2+ (ground state),H (n=17) + H (n=1),5500.0,K,1.1473e-30,cm6/s,,,1.0,17.0,
284,H2+ (ground state) → H (n=17) + H (n=1),H2+ (ground state),H (n=17) + H (n=1),6000.0,K,9.301e-31,cm6/s,,,1.0,17.0,
284,H2+ (ground state) → H (n=17) + H (n=1),H2+ (ground state),H (n=17) + H (n=1),6500.0,K,7.722e-31,cm6/s,,,1.0,17.0,
284,H2+ (ground state) → H (n=17) + H (n=1),H2+ (ground state),H (n=17) + H (n=1),7000.0,K,6.51e-31,cm6/s,,,1.0,17.0,
284,H2+ (ground state) → H (n=17) + H (n=1),H2+ (ground state),H (n=17) + H (n=1),7500.0,K,5.51e-31,cm6/s,,,1.0,17.0,
284,H2+ (ground state) → H (n=17) + H (n=1),H2+ (ground state),H (n=17) + H (n=1),8000.0,K,4.671e-31,cm6/s,,,1.0,17.0,
284,H2+ (ground state) → H (n=17) + H (n=1),H2+ (ground state),H (n=17) + H (n=1),8500.0,K,4.0443e-31,cm6/s,,,1.0,17.0,
284,H2+ (ground state) → H (n=17) + H (n=1),H2+ (ground state),H (n=17) + H (n=1),9000.0,K,3.504e-31,cm6/s,,,1.0,17.0,
284,H2+ (ground state) → H (n=17) + H (n=1),H2+ (ground state),H (n=17) + H (n=1),9500.0,K,3.105e-31,cm6/s,,,1.0,17.0,
284,H2+ (ground state) → H (n=17) + H (n=1),H2+ (ground state),H (n=17) + H (n=1),10000.0,K,2.7544e-31,cm6/s,,,1.0,17.0,
284,H2+ (ground state) → H (n=17) + H (n=1),H2+ (ground state),H (n=17) + H (n=1),11000.0,K,2.18e-31,cm6/s,,,1.0,17.0,
284,H2+ (ground state) → H (n=17) + H (n=1),H2+ (ground state),H (n=17) + H (n=1),12000.0,K,1.7316e-31,cm6/s,,,1.0,17.0,
284,H2+ (ground state) → H (n=17) + H (n=1),H2+ (ground state),H (n=17) + H (n=1),13000.0,K,1.4552e-31,cm6/s,,,1.0,17.0,
284,H2+ (ground state) → H (n=17) + H (n=1),H2+ (ground state),H (n=17) + H (n=1),14000.0,K,1.1904e-31,cm6/s,,,1.0,17.0,
284,H2+ (ground state) → H (n=17) + H (n=1),H2+ (ground state),H (n=17) + H (n=1),15000.0,K,1.0063e-31,cm6/s,,,1.0,17.0,
284,H2+ (ground state) → H (n=17) + H (n=1),H2+ (ground state),H (n=17) + H (n=1),16000.0,K,8.532e-32,cm6/s,,,1.0,17.0,
284,H2+ (ground state) → H (n=17) + H (n=1),H2+ (ground state),H (n=17) + H (n=1),17000.0,K,7.225e-32,cm6/s,,,1.0,17.0,
284,H2+ (ground state) → H (n=17) + H (n=1),H2+ (ground state),H (n=17) + H (n=1),18000.0,K,6.384e-32,cm6/s,,,1.0,17.0,
284,H2+ (ground state) → H (n=17) + H (n=1),H2+ (ground state),H (n=17) + H (n=1),19000.0,K,5.658e-32,cm6/s,,,1.0,17.0,
284,H2+ (ground state) → H (n=17) + H (n=1),H2+ (ground state),H (n=17) + H (n=1),20000.0,K,4.788e-32,cm6/s,,,1.0,17.0,
285,H2+ (ground state) → H (n=18) + H (n=1),H2+ (ground state),H (n=18) + H (n=1),3000.0,K,3.9975e-30,cm6/s,,,1.0,18.0,
285,H2+ (ground state) → H (n=18) + H (n=1),H2+ (ground state),H (n=18) + H (n=1),3500.0,K,2.808e-30,cm6/s,,,1.0,18.0,
285,H2+ (ground state) → H (n=18) + H (n=1),H2+ (ground state),H (n=18) + H (n=1),4000.0,K,2.0544e-30,cm6/s,,,1.0,18.0,
285,H2+ (ground state) → H (n=18) + H (n=1),H2+ (ground state),H (n=18) + H (n=1),4500.0,K,1.5566e-30,cm6/s,,,1.0,18.0,
285,H2+ (ground state) → H (n=18) + H (n=1),H2+ (ground state),H (n=18) + H (n=1),5000.0,K,1.209e-30,cm6/s,,,1.0,18.0,
285,H2+ (ground state) → H (n=18) + H (n=1),H2+ (ground state),H (n=18) + H (n=1),5500.0,K,9.72e-31,cm6/s,,,1.0,18.0,
285,H2+ (ground state) → H (n=18) + H (n=1),H2+ (ground state),H (n=18) + H (n=1),6000.0,K,7.854e-31,cm6/s,,,1.0,18.0,
285,H2+ (ground state) → H (n=18) + H (n=1),H2+ (ground state),H (n=18) + H (n=1),6500.0,K,6.572e-31,cm6/s,,,1.0,18.0,
285,H2+ (ground state) → H (n=18) + H (n=1),H2+ (ground state),H (n=18) + H (n=1),7000.0,K,5.4435e-31,cm6/s,,,1.0,18.0,
285,H2+ (ground state) → H (n=18) + H (n=1),H2+ (ground state),H (n=18) + H (n=1),7500.0,K,4.671e-31,cm6/s,,,1.0,18.0,
285,H2+ (ground state) → H (n=18) + H (n=1),H2+ (ground state),H (n=18) + H (n=1),8000.0,K,4.0188e-31,cm6/s,,,1.0,18.0,
285,H2+ (ground state) → H (n=18) + H (n=1),H2+ (ground state),H (n=18) + H (n=1),8500.0,K,3.4608e-31,cm6/s,,,1.0,18.0,
285,H2+ (ground state) → H (n=18) + H (n=1),H2+ (ground state),H (n=18) + H (n=1),9000.0,K,2.988e-31,cm6/s,,,1.0,18.0,
285,H2+ (ground state) → H (n=18) + H (n=1),H2+ (ground state),H (n=18) + H (n=1),9500.0,K,2.6402e-31,cm6/s,,,1.0,18.0,
285,H2+ (ground state) → H (n=18) + H (n=1),H2+ (ground state),H (n=18) + H (n=1),10000.0,K,2.337e-31,cm6/s,,,1.0,18.0,
285,H2+ (ground state) → H (n=18) + H (n=1),H2+ (ground state),H (n=18) + H (n=1),11000.0,K,1.8352e-31,cm6/s,,,1.0,18.0,
285,H2+ (ground state) → H (n=18) + H (n=1),H2+ (ground state),H (n=18) + H (n=1),12000.0,K,1.4858e-31,cm6/s,,,1.0,18.0,
285,H2+ (ground state) → H (n=18) + H (n=1),H2+ (ground state),H (n=18) + H (n=1),13000.0,K,1.2059e-31,cm6/s,,,1.0,18.0,
285,H2+ (ground state) → H (n=18) + H (n=1),H2+ (ground state),H (n=18) + H (n=1),14000.0,K,1.0121e-31,cm6/s,,,1.0,18.0,
285,H2+ (ground state) → H (n=18) + H (n=1),H2+ (ground state),H (n=18) + H (n=1),15000.0,K,8.532e-32,cm6/s,,,1.0,18.0,
285,H2+ (ground state) → H (n=18) + H (n=1),H2+ (ground state),H (n=18) + H (n=1),16000.0,K,7.175e-32,cm6/s,,,1.0,18.0,
285,H2+ (ground state) → H (n=18) + H (n=1),H2+ (ground state),H (n=18) + H (n=1),17000.0,K,6.312e-32,cm6/s,,,1.0,18.0,
285,H2+ (ground state) → H (n=18) + H (n=1),H2+ (ground state),H (n=18) + H (n=1),18000.0,K,5.324e-32,cm6/s,,,1.0,18.0,
285,H2+ (ground state) → H (n=18) + H (n=1),H2+ (ground state),H (n=18) + H (n=1),19000.0,K,4.683e-32,cm6/s,,,1.0,18.0,
285,H2+ (ground state) → H (n=18) + H (n=1),H2+ (ground state),H (n=18) + H (n=1),20000.0,K,4.14e-32,cm6/s,,,1.0,18.0,
286,H2+ (ground state) → H (n=1) + H (n=19),H2+ (ground state),H (n=1) + H (n=19),3000.0,K,3.4155e-30,cm6/s,,,1.0,19.0,
286,H2+ (ground state) → H (n=1) + H (n=19),H2+ (ground state),H (n=1) + H (n=19),3500.0,K,2.4038e-30,cm6/s,,,1.0,19.0,
286,H2+ (ground state) → H (n=1) + H (n=19),H2+ (ground state),H (n=1) + H (n=19),4000.0,K,1.764e-30,cm6/s,,,1.0,19.0,
286,H2+ (ground state) → H (n=1) + H (n=19),H2+ (ground state),H (n=1) + H (n=19),4500.0,K,1.3365e-30,cm6/s,,,1.0,19.0,
286,H2+ (ground state) → H (n=1) + H (n=19),H2+ (ground state),H (n=1) + H (n=19),5000.0,K,1.0366e-30,cm6/s,,,1.0,19.0,
286,H2+ (ground state) → H (n=1) + H (n=19),H2+ (ground state),H (n=1) + H (n=19),5500.0,K,8.308e-31,cm6/s,,,1.0,19.0,
286,H2+ (ground state) → H (n=1) + H (n=19),H2+ (ground state),H (n=1) + H (n=19),6000.0,K,6.758e-31,cm6/s,,,1.0,19.0,
286,H2+ (ground state) → H (n=1) + H (n=19),H2+ (ground state),H (n=1) + H (n=19),6500.0,K,5.6376e-31,cm6/s,,,1.0,19.0,
286,H2+ (ground state) → H (n=1) + H (n=19),H2+ (ground state),H (n=1) + H (n=19),7000.0,K,4.7142e-31,cm6/s,,,1.0,19.0,
286,H2+ (ground state) → H (n=1) + H (n=19),H2+ (ground state),H (n=1) + H (n=19),7500.0,K,3.95e-31,cm6/s,,,1.0,19.0,
286,H2+ (ground state) → H (n=1) + H (n=19),H2+ (ground state),H (n=1) + H (n=19),8000.0,K,3.384e-31,cm6/s,,,1.0,19.0,
286,H2+ (ground state) → H (n=1) + H (n=19),H2+ (ground state),H (n=1) + H (n=19),8500.0,K,2.9655e-31,cm6/s,,,1.0,19.0,
286,H2+ (ground state) → H (n=1) + H (n=19),H2+ (ground state),H (n=1) + H (n=19),9000.0,K,2.5494e-31,cm6/s,,,1.0,19.0,
286,H2+ (ground state) → H (n=1) + H (n=19),H2+ (ground state),H (n=1) + H (n=19),9500.0,K,2.244e-31,cm6/s,,,1.0,19.0,
286,H2+ (ground state) → H (n=1) + H (n=19),H2+ (ground state),H (n=1) + H (n=19),10000.0,K,1.976e-31,cm6/s,,,1.0,19.0,
286,H2+ (ground state) → H (n=1) + H (n=19),H2+ (ground state),H (n=1) + H (n=19),11000.0,K,1.5855e-31,cm6/s,,,1.0,19.0,
286,H2+ (ground state) → H (n=1) + H (n=19),H2+ (ground state),H (n=1) + H (n=19),12000.0,K,1.2768e-31,cm6/s,,,1.0,19.0,
286,H2+ (ground state) → H (n=1) + H (n=19),H2+ (ground state),H (n=1) + H (n=19),13000.0,K,1.0295e-31,cm6/s,,,1.0,19.0,
286,H2+ (ground state) → H (n=1) + H (n=19),H2+ (ground state),H (n=1) + H (n=19),14000.0,K,8.613e-32,cm6/s,,,1.0,19.0,
286,H2+ (ground state) → H (n=1) + H (n=19),H2+ (ground state),H (n=1) + H (n=19),15000.0,K,7.2e-32,cm6/s,,,1.0,19.0,
286,H2+ (ground state) → H (n=1) + H (n=19),H2+ (ground state),H (n=1) + H (n=19),16000.0,K,6.288e-32,cm6/s,,,1.0,19.0,
286,H2+ (ground state) → H (n=1) + H (n=19),H2+ (ground state),H (n=1) + H (n=19),17000.0,K,5.28e-32,cm6/s,,,1.0,19.0,
286,H2+ (ground state) → H (n=1) + H (n=19),H2+ (ground state),H (n=1) + H (n=19),18000.0,K,4.641e-32,cm6/s,,,1.0,19.0,
286,H2+ (ground state) → H (n=1) + H (n=19),H2+ (ground state),H (n=1) + H (n=19),19000.0,K,4.08e-32,cm6/s,,,1.0,19.0,
286,H2+ (ground state) → H (n=1) + H (n=19),H2+ (ground state),H (n=1) + H (n=19),20000.0,K,3.591e-32,cm6/s,,,1.0,19.0,
287,H2+ (ground state) → H (n=1) + H (n=20),H2+ (ground state),H (n=1) + H (n=20),3000.0,K,2.9376e-30,cm6/s,,,1.0,20.0,
287,H2+ (ground state) → H (n=1) + H (n=20),H2+ (ground state),H (n=1) + H (n=20),3500.0,K,2.071e-30,cm6/s,,,1.0,20.0,
287,H2+ (ground state) → H (n=1) + H (n=20),H2+ (ground state),H (n=1) + H (n=20),4000.0,K,1.512e-30,cm6/s,,,1.0,20.0,
287,H2+ (ground state) → H (n=1) + H (n=20),H2+ (ground state),H (n=1) + H (n=20),4500.0,K,1.1552e-30,cm6/s,,,1.0,20.0,
287,H2+ (ground state) → H (n=1) + H (n=20),H2+ (ground state),H (n=1) + H (n=20),5000.0,K,8.97e-31,cm6/s,,,1.0,20.0,
287,H2+ (ground state) → H (n=1) + H (n=20),H2+ (ground state),H (n=1) + H (n=20),5500.0,K,7.119e-31,cm6/s,,,1.0,20.0,
287,H2+ (ground state) → H (n=1) + H (n=20),H2+ (ground state),H (n=1) + H (n=20),6000.0,K,5.8e-31,cm6/s,,,1.0,20.0,
287,H2+ (ground state) → H (n=1) + H (n=20),H2+ (ground state),H (n=1) + H (n=20),6500.0,K,4.8114e-31,cm6/s,,,1.0,20.0,
287,H2+ (ground state) → H (n=1) + H (n=20),H2+ (ground state),H (n=1) + H (n=20),7000.0,K,4.005e-31,cm6/s,,,1.0,20.0,
287,H2+ (ground state) → H (n=1) + H (n=20),H2+ (ground state),H (n=1) + H (n=20),7500.0,K,3.4028e-31,cm6/s,,,1.0,20.0,
287,H2+ (ground state) → H (n=1) + H (n=20),H2+ (ground state),H (n=1) + H (n=20),8000.0,K,2.904e-31,cm6/s,,,1.0,20.0,
287,H2+ (ground state) → H (n=1) + H (n=20),H2+ (ground state),H (n=1) + H (n=20),8500.0,K,2.5368e-31,cm6/s,,,1.0,20.0,
287,H2+ (ground state) → H (n=1) + H (n=20),H2+ (ground state),H (n=1) + H (n=20),9000.0,K,2.224e-31,cm6/s,,,1.0,20.0,
287,H2+ (ground state) → H (n=1) + H (n=20),H2+ (ground state),H (n=1) + H (n=20),9500.0,K,1.9532e-31,cm6/s,,,1.0,20.0,
287,H2+ (ground state) → H (n=1) + H (n=20),H2+ (ground state),H (n=1) + H (n=20),10000.0,K,1.7172e-31,cm6/s,,,1.0,20.0,
287,H2+ (ground state) → H (n=1) + H (n=20),H2+ (ground state),H (n=1) + H (n=20),11000.0,K,1.328e-31,cm6/s,,,1.0,20.0,
287,H2+ (ground state) → H (n=1) + H (n=20),H2+ (ground state),H (n=1) + H (n=20),12000.0,K,1.098e-31,cm6/s,,,1.0,20.0,
287,H2+ (ground state) → H (n=1) + H (n=20),H2+ (ground state),H (n=1) + H (n=20),13000.0,K,8.802e-32,cm6/s,,,1.0,20.0,
287,H2+ (ground state) → H (n=1) + H (n=20),H2+ (ground state),H (n=1) + H (n=20),14000.0,K,7.3e-32,cm6/s,,,1.0,20.0,
287,H2+ (ground state) → H (n=1) + H (n=20),H2+ (ground state),H (n=1) + H (n=20),15000.0,K,6.336e-32,cm6/s,,,1.0,20.0,
287,H2+ (ground state) → H (n=1) + H (n=20),H2+ (ground state),H (n=1) + H (n=20),16000.0,K,5.28e-32,cm6/s,,,1.0,20.0,
287,H2+ (ground state) → H (n=1) + H (n=20),H2+ (ground state),H (n=1) + H (n=20),17000.0,K,4.62e-32,cm6/s,,,1.0,20.0,
287,H2+ (ground state) → H (n=1) + H (n=20),H2+ (ground state),H (n=1) + H (n=20),18000.0,K,4.04e-32,cm6/s,,,1.0,20.0,
287,H2+ (ground state) → H (n=1) + H (n=20),H2+ (ground state),H (n=1) + H (n=20),19000.0,K,3.366e-32,cm6/s,,,1.0,20.0,
287,H2+ (ground state) → H (n=1) + H (n=20),H2+ (ground state),H (n=1) + H (n=20),20000.0,K,2.941e-32,cm6/s,,,1.0,20.0,
323,He2+ (ground state) → He (n=1) + He (n=3),He2+ (ground state),He (n=1) + He (n=3),7000.0,K,1.72043078435801e-29,cm3/s,,,1.0,3.0,
323,He2+ (ground state) → He (n=1) + He (n=3),He2+ (ground state),He (n=1) + He (n=3),8000.0,K,1.20277188271729e-29,cm3/s,,,1.0,3.0,
323,He2+ (ground state) → He (n=1) + He (n=3),He2+ (ground state),He (n=1) + He (n=3),9000.0,K,8.61200045873875e-30,cm3/s,,,1.0,3.0,
323,He2+ (ground state) → He (n=1) + He (n=3),He2+ (ground state),He (n=1) + He (n=3),10000.0,K,6.47648583244024e-30,cm3/s,,,1.0,3.0,
323,He2+ (ground state) → He (n=1) + He (n=3),He2+ (ground state),He (n=1) + He (n=3),11000.0,K,5.05289736607031e-30,cm3/s,,,1.0,3.0,
323,He2+ (ground state) → He (n=1) + He (n=3),He2+ (ground state),He (n=1) + He (n=3),12000.0,K,3.96484276014854e-30,cm3/s,,,1.0,3.0,
323,He2+ (ground state) → He (n=1) + He (n=3),He2+ (ground state),He (n=1) + He (n=3),13000.0,K,3.22045794593912e-30,cm3/s,,,1.0,3.0,
323,He2+ (ground state) → He (n=1) + He (n=3),He2+ (ground state),He (n=1) + He (n=3),14000.0,K,2.64734539096841e-30,cm3/s,,,1.0,3.0,
323,He2+ (ground state) → He (n=1) + He (n=3),He2+ (ground state),He (n=1) + He (n=3),15000.0,K,2.23527963264212e-30,cm3/s,,,1.0,3.0,
323,He2+ (ground state) → He (n=1) + He (n=3),He2+ (ground state),He (n=1) + He (n=3),16000.0,K,1.89259144835987e-30,cm3/s,,,1.0,3.0,
323,He2+ (ground state) → He (n=1) + He (n=3),He2+ (ground state),He (n=1) + He (n=3),17000.0,K,1.61558548667257e-30,cm3/s,,,1.0,3.0,
323,He2+ (ground state) → He (n=1) + He (n=3),He2+ (ground state),He (n=1) + He (n=3),18000.0,K,1.37545149302253e-30,cm3/s,,,1.0,3.0,
323,He2+ (ground state) → He (n=1) + He (n=3),He2+ (ground state),He (n=1) + He (n=3),19000.0,K,1.20262158695978e-30,cm3/s,,,1.0,3.0,
323,He2+ (ground state) → He (n=1) + He (n=3),He2+ (ground state),He (n=1) + He (n=3),20000.0,K,1.04632899990222e-30,cm3/s,,,1.0,3.0,
323,He2+ (ground state) → He (n=1) + He (n=3),He2+ (ground state),He (n=1) + He (n=3),21000.0,K,9.25696411422766e-31,cm3/s,,,1.0,3.0,
323,He2+ (ground state) → He (n=1) + He (n=3),He2+ (ground state),He (n=1) + He (n=3),22000.0,K,8.21249888808726e-31,cm3/s,,,1.0,3.0,
323,He2+ (ground state) → He (n=1) + He (n=3),He2+ (ground state),He (n=1) + He (n=3),23000.0,K,7.19977909637206e-31,cm3/s,,,1.0,3.0,
323,He2+ (ground state) → He (n=1) + He (n=3),He2+ (ground state),He (n=1) + He (n=3),24000.0,K,6.58933080909717e-31,cm3/s,,,1.0,3.0,
323,He2+ (ground state) → He (n=1) + He (n=3),He2+ (ground state),He (n=1) + He (n=3),25000.0,K,5.89713571760839e-31,cm3/s,,,1.0,3.0,
323,He2+ (ground state) → He (n=1) + He (n=3),He2+ (ground state),He (n=1) + He (n=3),26000.0,K,5.31174296935352e-31,cm3/s,,,1.0,3.0,
323,He2+ (ground state) → He (n=1) + He (n=3),He2+ (ground state),He (n=1) + He (n=3),27000.0,K,4.80164790160154e-31,cm3/s,,,1.0,3.0,
323,He2+ (ground state) → He (n=1) + He (n=3),He2+ (ground state),He (n=1) + He (n=3),28000.0,K,4.33193120467205e-31,cm3/s,,,1.0,3.0,
323,He2+ (ground state) → He (n=1) + He (n=3),He2+ (ground state),He (n=1) + He (n=3),29000.0,K,3.98179272366904e-31,cm3/s,,,1.0,3.0,
323,He2+ (ground state) → He (n=1) + He (n=3),He2+ (ground state),He (n=1) + He (n=3),30000.0,K,3.6515333740667e-31,cm3/s,,,1.0,3.0,
324,He2+ (ground state) → He (n=1) + He (n=4),He2+ (ground state),He (n=1) + He (n=4),7000.0,K,7.58511414849416e-30,cm3/s,,,1.0,4.0,
324,He2+ (ground state) → He (n=1) + He (n=4),He2+ (ground state),He (n=1) + He (n=4),8000.0,K,5.50664733663034e-30,cm3/s,,,1.0,4.0,
324,He2+ (ground state) → He (n=1) + He (n=4),He2+ (ground state),He (n=1) + He (n=4),9000.0,K,4.01688052759383e-30,cm3/s,,,1.0,4.0,
324,He2+ (ground state) → He (n=1) + He (n=4),He2+ (ground state),He (n=1) + He (n=4),10000.0,K,3.10709185357946e-30,cm3/s,,,1.0,4.0,
324,He2+ (ground state) → He (n=1) + He (n=4),He2+ (ground state),He (n=1) + He (n=4),11000.0,K,2.41251347471783e-30,cm3/s,,,1.0,4.0,
324,He2+ (ground state) → He (n=1) + He (n=4),He2+ (ground state),He (n=1) + He (n=4),12000.0,K,1.94998776852118e-30,cm3/s,,,1.0,4.0,
324,He2+ (ground state) → He (n=1) + He (n=4),He2+ (ground state),He (n=1) + He (n=4),13000.0,K,1.57416513243593e-30,cm3/s,,,1.0,4.0,
324,He2+ (ground state) → He (n=1) + He (n=4),He2+ (ground state),He (n=1) + He (n=4),14000.0,K,1.33010428209167e-30,cm3/s,,,1.0,4.0,
324,He2+ (ground state) → He (n=1) + He (n=4),He2+ (ground state),He (n=1) + He (n=4),15000.0,K,1.11373352642325e-30,cm3/s,,,1.0,4.0,
324,He2+ (ground state) → He (n=1) + He (n=4),He2+ (ground state),He (n=1) + He (n=4),16000.0,K,9.42175034569125e-31,cm3/s,,,1.0,4.0,
324,He2+ (ground state) → He (n=1) + He (n=4),He2+ (ground state),He (n=1) + He (n=4),17000.0,K,8.02712217913167e-31,cm3/s,,,1.0,4.0,
324,He2+ (ground state) → He (n=1) + He (n=4),He2+ (ground state),He (n=1) + He (n=4),18000.0,K,6.92197336135626e-31,cm3/s,,,1.0,4.0,
324,He2+ (ground state) → He (n=1) + He (n=4),He2+ (ground state),He (n=1) + He (n=4),19000.0,K,6.02125361537597e-31,cm3/s,,,1.0,4.0,
324,He2+ (ground state) → He (n=1) + He (n=4),He2+ (ground state),He (n=1) + He (n=4),20000.0,K,5.33991789179854e-31,cm3/s,,,1.0,4.0,
324,He2+ (ground state) → He (n=1) + He (n=4),He2+ (ground state),He (n=1) + He (n=4),21000.0,K,4.62378351864192e-31,cm3/s,,,1.0,4.0,
324,He2+ (ground state) → He (n=1) + He (n=4),He2+ (ground state),He (n=1) + He (n=4),22000.0,K,4.14232728723183e-31,cm3/s,,,1.0,4.0,
324,He2+ (ground state) → He (n=1) + He (n=4),He2+ (ground state),He (n=1) + He (n=4),23000.0,K,3.69956815712232e-31,cm3/s,,,1.0,4.0,
324,He2+ (ground state) → He (n=1) + He (n=4),He2+ (ground state),He (n=1) + He (n=4),24000.0,K,3.31824465806597e-31,cm3/s,,,1.0,4.0,
324,He2+ (ground state) → He (n=1) + He (n=4),He2+ (ground state),He (n=1) + He (n=4),25000.0,K,3.020273278002e-31,cm3/s,,,1.0,4.0,
324,He2+ (ground state) → He (n=1) + He (n=4),He2+ (ground state),He (n=1) + He (n=4),26000.0,K,2.71308806913692e-31,cm3/s,,,1.0,4.0,
324,He2+ (ground state) → He (n=1) + He (n=4),He2+ (ground state),He (n=1) + He (n=4),27000.0,K,2.44808340856648e-31,cm3/s,,,1.0,4.0,
324,He2+ (ground state) → He (n=1) + He (n=4),He2+ (ground state),He (n=1) + He (n=4),28000.0,K,2.25160626394135e-31,cm3/s,,,1.0,4.0,
324,He2+ (ground state) → He (n=1) + He (n=4),He2+ (ground state),He (n=1) + He (n=4),29000.0,K,2.06538878960145e-31,cm3/s,,,1.0,4.0,
324,He2+ (ground state) → He (n=1) + He (n=4),He2+ (ground state),He (n=1) + He (n=4),30000.0,K,1.87342564681129e-31,cm3/s,,,1.0,4.0,
325,He2+ (ground state) → He (n=1) + He (n=5),He2+ (ground state),He (n=1) + He (n=5),7000.0,K,4.03970545287839e-30,cm3/s,,,1.0,5.0,
325,He2+ (ground state) → He (n=1) + He (n=5),He2+ (ground state),He (n=1) + He (n=5),8000.0,K,2.91220883524611e-30,cm3/s,,,1.0,5.0,
325,He2+ (ground state) → He (n=1) + He (n=5),He2+ (ground state),He (n=1) + He (n=5),9000.0,K,2.19665110313822e-30,cm3/s,,,1.0,5.0,
325,He2+ (ground state) → He (n=1) + He (n=5),He2+ (ground state),He (n=1) + He (n=5),10000.0,K,1.70601731560927e-30,cm3/s,,,1.0,5.0,
325,He2+ (ground state) → He (n=1) + He (n=5),He2+ (ground state),He (n=1) + He (n=5),11000.0,K,1.33081470026008e-30,cm3/s,,,1.0,5.0,
325,He2+ (ground state) → He (n=1) + He (n=5),He2+ (ground state),He (n=1) + He (n=5),12000.0,K,1.05535963069183e-30,cm3/s,,,1.0,5.0,
325,He2+ (ground state) → He (n=1) + He (n=5),He2+ (ground state),He (n=1) + He (n=5),13000.0,K,8.70792035087625e-31,cm3/s,,,1.0,5.0,
325,He2+ (ground state) → He (n=1) + He (n=5),He2+ (ground state),He (n=1) + He (n=5),14000.0,K,7.28588840372114e-31,cm3/s,,,1.0,5.0,
325,He2+ (ground state) → He (n=1) + He (n=5),He2+ (ground state),He (n=1) + He (n=5),15000.0,K,6.18918625322766e-31,cm3/s,,,1.0,5.0,
325,He2+ (ground state) → He (n=1) + He (n=5),He2+ (ground state),He (n=1) + He (n=5),16000.0,K,5.32257118421601e-31,cm3/s,,,1.0,5.0,
325,He2+ (ground state) → He (n=1) + He (n=5),He2+ (ground state),He (n=1) + He (n=5),17000.0,K,4.51080453564063e-31,cm3/s,,,1.0,5.0,
325,He2+ (ground state) → He (n=1) + He (n=5),He2+ (ground state),He (n=1) + He (n=5),18000.0,K,3.95512825434446e-31,cm3/s,,,1.0,5.0,
325,He2+ (ground state) → He (n=1) + He (n=5),He2+ (ground state),He (n=1) + He (n=5),19000.0,K,3.43983404207315e-31,cm3/s,,,1.0,5.0,
325,He2+ (ground state) → He (n=1) + He (n=5),He2+ (ground state),He (n=1) + He (n=5),20000.0,K,2.94136674988354e-31,cm3/s,,,1.0,5.0,
325,He2+ (ground state) → He (n=1) + He (n=5),He2+ (ground state),He (n=1) + He (n=5),21000.0,K,2.63064277923611e-31,cm3/s,,,1.0,5.0,
325,He2+ (ground state) → He (n=1) + He (n=5),He2+ (ground state),He (n=1) + He (n=5),22000.0,K,2.35310809261859e-31,cm3/s,,,1.0,5.0,
325,He2+ (ground state) → He (n=1) + He (n=5),He2+ (ground state),He (n=1) + He (n=5),23000.0,K,2.11034975151003e-31,cm3/s,,,1.0,5.0,
325,He2+ (ground state) → He (n=1) + He (n=5),He2+ (ground state),He (n=1) + He (n=5),24000.0,K,1.86816934846849e-31,cm3/s,,,1.0,5.0,
325,He2+ (ground state) → He (n=1) + He (n=5),He2+ (ground state),He (n=1) + He (n=5),25000.0,K,1.67832585773112e-31,cm3/s,,,1.0,5.0,
325,He2+ (ground state) → He (n=1) + He (n=5),He2+ (ground state),He (n=1) + He (n=5),26000.0,K,1.5433740992621e-31,cm3/s,,,1.0,5.0,
325,He2+ (ground state) → He (n=1) + He (n=5),He2+ (ground state),He (n=1) + He (n=5),27000.0,K,1.39111752444864e-31,cm3/s,,,1.0,5.0,
325,He2+ (ground state) → He (n=1) + He (n=5),He2+ (ground state),He (n=1) + He (n=5),28000.0,K,1.25094216966301e-31,cm3/s,,,1.0,5.0,
325,He2+ (ground state) → He (n=1) + He (n=5),He2+ (ground state),He (n=1) + He (n=5),29000.0,K,1.13461450404259e-31,cm3/s,,,1.0,5.0,
325,He2+ (ground state) → He (n=1) + He (n=5),He2+ (ground state),He (n=1) + He (n=5),30000.0,K,1.07767841724885e-31,cm3/s,,,1.0,5.0,
326,He2+ (ground state) → He (n=1) + He (n=6),He2+ (ground state),He (n=1) + He (n=6),7000.0,K,2.41755577506745e-30,cm3/s,,,1.0,6.0,
326,He2+ (ground state) → He (n=1) + He (n=6),He2+ (ground state),He (n=1) + He (n=6),8000.0,K,1.74274822488779e-30,cm3/s,,,1.0,6.0,
326,He2+ (ground state) → He (n=1) + He (n=6),He2+ (ground state),He (n=1) + He (n=6),9000.0,K,1.31502073979365e-30,cm3/s,,,1.0,6.0,
326,He2+ (ground state) → He (n=1) + He (n=6),He2+ (ground state),He (n=1) + He (n=6),10000.0,K,1.02388833156945e-30,cm3/s,,,1.0,6.0,
326,He2+ (ground state) → He (n=1) + He (n=6),He2+ (ground state),He (n=1) + He (n=6),11000.0,K,7.90869508443596e-31,cm3/s,,,1.0,6.0,
326,He2+ (ground state) → He (n=1) + He (n=6),He2+ (ground state),He (n=1) + He (n=6),12000.0,K,6.46322590123088e-31,cm3/s,,,1.0,6.0,
326,He2+ (ground state) → He (n=1) + He (n=6),He2+ (ground state),He (n=1) + He (n=6),13000.0,K,5.27323413540312e-31,cm3/s,,,1.0,6.0,
326,He2+ (ground state) → He (n=1) + He (n=6),He2+ (ground state),He (n=1) + He (n=6),14000.0,K,4.46754473913686e-31,cm3/s,,,1.0,6.0,
326,He2+ (ground state) → He (n=1) + He (n=6),He2+ (ground state),He (n=1) + He (n=6),15000.0,K,3.72814357859868e-31,cm3/s,,,1.0,6.0,
326,He2+ (ground state) → He (n=1) + He (n=6),He2+ (ground state),He (n=1) + He (n=6),16000.0,K,3.18932542038656e-31,cm3/s,,,1.0,6.0,
326,He2+ (ground state) → He (n=1) + He (n=6),He2+ (ground state),He (n=1) + He (n=6),17000.0,K,2.67525598948966e-31,cm3/s,,,1.0,6.0,
326,He2+ (ground state) → He (n=1) + He (n=6),He2+ (ground state),He (n=1) + He (n=6),18000.0,K,2.32722937634689e-31,cm3/s,,,1.0,6.0,
326,He2+ (ground state) → He (n=1) + He (n=6),He2+ (ground state),He (n=1) + He (n=6),19000.0,K,2.06096256957558e-31,cm3/s,,,1.0,6.0,
326,He2+ (ground state) → He (n=1) + He (n=6),He2+ (ground state),He (n=1) + He (n=6),20000.0,K,1.81471886260646e-31,cm3/s,,,1.0,6.0,
326,He2+ (ground state) → He (n=1) + He (n=6),He2+ (ground state),He (n=1) + He (n=6),21000.0,K,1.60340485743973e-31,cm3/s,,,1.0,6.0,
326,He2+ (ground state) → He (n=1) + He (n=6),He2+ (ground state),He (n=1) + He (n=6),22000.0,K,1.4277663919396e-31,cm3/s,,,1.0,6.0,
326,He2+ (ground state) → He (n=1) + He (n=6),He2+ (ground state),He (n=1) + He (n=6),23000.0,K,1.27330077122511e-31,cm3/s,,,1.0,6.0,
326,He2+ (ground state) → He (n=1) + He (n=6),He2+ (ground state),He (n=1) + He (n=6),24000.0,K,1.12019863428085e-31,cm3/s,,,1.0,6.0,
326,He2+ (ground state) → He (n=1) + He (n=6),He2+ (ground state),He (n=1) + He (n=6),25000.0,K,1.03542736595067e-31,cm3/s,,,1.0,6.0,
326,He2+ (ground state) → He (n=1) + He (n=6),He2+ (ground state),He (n=1) + He (n=6),26000.0,K,9.31300306763588e-32,cm3/s,,,1.0,6.0,
326,He2+ (ground state) → He (n=1) + He (n=6),He2+ (ground state),He (n=1) + He (n=6),27000.0,K,8.36904642885731e-32,cm3/s,,,1.0,6.0,
326,He2+ (ground state) → He (n=1) + He (n=6),He2+ (ground state),He (n=1) + He (n=6),28000.0,K,7.59052500504149e-32,cm3/s,,,1.0,6.0,
326,He2+ (ground state) → He (n=1) + He (n=6),He2+ (ground state),He (n=1) + He (n=6),29000.0,K,6.96234308735203e-32,cm3/s,,,1.0,6.0,
326,He2+ (ground state) → He (n=1) + He (n=6),He2+ (ground state),He (n=1) + He (n=6),30000.0,K,6.55291448242764e-32,cm3/s,,,1.0,6.0,
327,He2+ (ground state) → He (n=1) + He (n=7),He2+ (ground state),He (n=1) + He (n=7),7000.0,K,1.53508652616647e-30,cm3/s,,,1.0,7.0,
327,He2+ (ground state) → He (n=1) + He (n=7),He2+ (ground state),He (n=1) + He (n=7),8000.0,K,1.11176050440461e-30,cm3/s,,,1.0,7.0,
327,He2+ (ground state) → He (n=1) + He (n=7),He2+ (ground state),He (n=1) + He (n=7),9000.0,K,8.33460540641618e-31,cm3/s,,,1.0,7.0,
327,He2+ (ground state) → He (n=1) + He (n=7),He2+ (ground state),He (n=1) + He (n=7),10000.0,K,6.64700973373368e-31,cm3/s,,,1.0,7.0,
327,He2+ (ground state) → He (n=1) + He (n=7),He2+ (ground state),He (n=1) + He (n=7),11000.0,K,5.21325190910428e-31,cm3/s,,,1.0,7.0,
327,He2+ (ground state) → He (n=1) + He (n=7),He2+ (ground state),He (n=1) + He (n=7),12000.0,K,4.20401221727246e-31,cm3/s,,,1.0,7.0,
327,He2+ (ground state) → He (n=1) + He (n=7),He2+ (ground state),He (n=1) + He (n=7),13000.0,K,3.37193748839451e-31,cm3/s,,,1.0,7.0,
327,He2+ (ground state) → He (n=1) + He (n=7),He2+ (ground state),He (n=1) + He (n=7),14000.0,K,2.82827789022399e-31,cm3/s,,,1.0,7.0,
327,He2+ (ground state) → He (n=1) + He (n=7),He2+ (ground state),He (n=1) + He (n=7),15000.0,K,2.43089838993858e-31,cm3/s,,,1.0,7.0,
327,He2+ (ground state) → He (n=1) + He (n=7),He2+ (ground state),He (n=1) + He (n=7),16000.0,K,2.03759295855474e-31,cm3/s,,,1.0,7.0,
327,He2+ (ground state) → He (n=1) + He (n=7),He2+ (ground state),He (n=1) + He (n=7),17000.0,K,1.77921037256036e-31,cm3/s,,,1.0,7.0,
327,He2+ (ground state) → He (n=1) + He (n=7),He2+ (ground state),He (n=1) + He (n=7),18000.0,K,1.52826080678373e-31,cm3/s,,,1.0,7.0,
327,He2+ (ground state) → He (n=1) + He (n=7),He2+ (ground state),He (n=1) + He (n=7),19000.0,K,1.34884764744213e-31,cm3/s,,,1.0,7.0,
327,He2+ (ground state) → He (n=1) + He (n=7),He2+ (ground state),He (n=1) + He (n=7),20000.0,K,1.17891724006962e-31,cm3/s,,,1.0,7.0,
327,He2+ (ground state) → He (n=1) + He (n=7),He2+ (ground state),He (n=1) + He (n=7),21000.0,K,1.03896981564409e-31,cm3/s,,,1.0,7.0,
327,He2+ (ground state) → He (n=1) + He (n=7),He2+ (ground state),He (n=1) + He (n=7),22000.0,K,9.26077771935679e-32,cm3/s,,,1.0,7.0,
327,He2+ (ground state) → He (n=1) + He (n=7),He2+ (ground state),He (n=1) + He (n=7),23000.0,K,8.10357464191417e-32,cm3/s,,,1.0,7.0,
327,He2+ (ground state) → He (n=1) + He (n=7),He2+ (ground state),He (n=1) + He (n=7),24000.0,K,7.40779310149413e-32,cm3/s,,,1.0,7.0,
327,He2+ (ground state) → He (n=1) + He (n=7),He2+ (ground state),He (n=1) + He (n=7),25000.0,K,6.57332173570985e-32,cm3/s,,,1.0,7.0,
327,He2+ (ground state) → He (n=1) + He (n=7),He2+ (ground state),He (n=1) + He (n=7),26000.0,K,5.93587992175823e-32,cm3/s,,,1.0,7.0,
327,He2+ (ground state) → He (n=1) + He (n=7),He2+ (ground state),He (n=1) + He (n=7),27000.0,K,5.49951048400425e-32,cm3/s,,,1.0,7.0,
327,He2+ (ground state) → He (n=1) + He (n=7),He2+ (ground state),He (n=1) + He (n=7),28000.0,K,4.95626853105519e-32,cm3/s,,,1.0,7.0,
327,He2+ (ground state) → He (n=1) + He (n=7),He2+ (ground state),He (n=1) + He (n=7),29000.0,K,4.50221639330024e-32,cm3/s,,,1.0,7.0,
327,He2+ (ground state) → He (n=1) + He (n=7),He2+ (ground state),He (n=1) + He (n=7),30000.0,K,4.13174570307771e-32,cm3/s,,,1.0,7.0,
328,He2+ (ground state) → He (n=8) + He (n=1),He2+ (ground state),He (n=8) + He (n=1),7000.0,K,1.0263559556917e-30,cm3/s,,,1.0,8.0,
328,He2+ (ground state) → He (n=8) + He (n=1),He2+ (ground state),He (n=8) + He (n=1),8000.0,K,7.42584574928556e-31,cm3/s,,,1.0,8.0,
328,He2+ (ground state) → He (n=8) + He (n=1),He2+ (ground state),He (n=8) + He (n=1),9000.0,K,5.67733963966899e-31,cm3/s,,,1.0,8.0,
328,He2+ (ground state) → He (n=8) + He (n=1),He2+ (ground state),He (n=8) + He (n=1),10000.0,K,4.44516779770468e-31,cm3/s,,,1.0,8.0,
328,He2+ (ground state) → He (n=8) + He (n=1),He2+ (ground state),He (n=8) + He (n=1),11000.0,K,3.52871542959594e-31,cm3/s,,,1.0,8.0,
328,He2+ (ground state) → He (n=8) + He (n=1),He2+ (ground state),He (n=8) + He (n=1),12000.0,K,2.88095504620059e-31,cm3/s,,,1.0,8.0,
328,He2+ (ground state) → He (n=8) + He (n=1),He2+ (ground state),He (n=8) + He (n=1),13000.0,K,2.38830377830559e-31,cm3/s,,,1.0,8.0,
328,He2+ (ground state) → He (n=8) + He (n=1),He2+ (ground state),He (n=8) + He (n=1),14000.0,K,1.92945488099401e-31,cm3/s,,,1.0,8.0,
328,He2+ (ground state) → He (n=8) + He (n=1),He2+ (ground state),He (n=8) + He (n=1),15000.0,K,1.65273037725977e-31,cm3/s,,,1.0,8.0,
328,He2+ (ground state) → He (n=8) + He (n=1),He2+ (ground state),He (n=8) + He (n=1),16000.0,K,1.3957127747734e-31,cm3/s,,,1.0,8.0,
328,He2+ (ground state) → He (n=8) + He (n=1),He2+ (ground state),He (n=8) + He (n=1),17000.0,K,1.20212896961385e-31,cm3/s,,,1.0,8.0,
328,He2+ (ground state) → He (n=8) + He (n=1),He2+ (ground state),He (n=8) + He (n=1),18000.0,K,1.05131873683275e-31,cm3/s,,,1.0,8.0,
328,He2+ (ground state) → He (n=8) + He (n=1),He2+ (ground state),He (n=8) + He (n=1),19000.0,K,8.99209204139056e-32,cm3/s,,,1.0,8.0,
328,He2+ (ground state) → He (n=8) + He (n=1),He2+ (ground state),He (n=8) + He (n=1),20000.0,K,8.03414104629325e-32,cm3/s,,,1.0,8.0,
328,He2+ (ground state) → He (n=8) + He (n=1),He2+ (ground state),He (n=8) + He (n=1),21000.0,K,7.07825430115129e-32,cm3/s,,,1.0,8.0,
328,He2+ (ground state) → He (n=8) + He (n=1),He2+ (ground state),He (n=8) + He (n=1),22000.0,K,6.35866902189827e-32,cm3/s,,,1.0,8.0,
328,He2+ (ground state) → He (n=8) + He (n=1),He2+ (ground state),He (n=8) + He (n=1),23000.0,K,5.53534877434552e-32,cm3/s,,,1.0,8.0,
328,He2+ (ground state) → He (n=8) + He (n=1),He2+ (ground state),He (n=8) + He (n=1),24000.0,K,4.9733391440506e-32,cm3/s,,,1.0,8.0,
328,He2+ (ground state) → He (n=8) + He (n=1),He2+ (ground state),He (n=8) + He (n=1),25000.0,K,4.72377202839019e-32,cm3/s,,,1.0,8.0,
328,He2+ (ground state) → He (n=8) + He (n=1),He2+ (ground state),He (n=8) + He (n=1),26000.0,K,4.04323761521571e-32,cm3/s,,,1.0,8.0,
328,He2+ (ground state) → He (n=8) + He (n=1),He2+ (ground state),He (n=8) + He (n=1),27000.0,K,3.81980366966805e-32,cm3/s,,,1.0,8.0,
328,He2+ (ground state) → He (n=8) + He (n=1),He2+ (ground state),He (n=8) + He (n=1),28000.0,K,3.4240270706523e-32,cm3/s,,,1.0,8.0,
328,He2+ (ground state) → He (n=8) + He (n=1),He2+ (ground state),He (n=8) + He (n=1),29000.0,K,3.04240435386875e-32,cm3/s,,,1.0,8.0,
328,He2+ (ground state) → He (n=8) + He (n=1),He2+ (ground state),He (n=8) + He (n=1),30000.0,K,2.87272906319452e-32,cm3/s,,,1.0,8.0,
329,He2+ (ground state) → He (n=9) + He (n=1),He2+ (ground state),He (n=9) + He (n=1),7000.0,K,7.31986688665655e-31,cm3/s,,,1.0,9.0,
329,He2+ (ground state) → He (n=9) + He (n=1),He2+ (ground state),He (n=9) + He (n=1),8000.0,K,5.32847833609403e-31,cm3/s,,,1.0,9.0,
329,He2+ (ground state) → He (n=9) + He (n=1),He2+ (ground state),He (n=9) + He (n=1),9000.0,K,4.12710541703935e-31,cm3/s,,,1.0,9.0,
329,He2+ (ground state) → He (n=9) + He (n=1),He2+ (ground state),He (n=9) + He (n=1),10000.0,K,3.10759826145191e-31,cm3/s,,,1.0,9.0,
329,He2+ (ground state) → He (n=9) + He (n=1),He2+ (ground state),He (n=9) + He (n=1),11000.0,K,2.48481067995492e-31,cm3/s,,,1.0,9.0,
329,He2+ (ground state) → He (n=9) + He (n=1),He2+ (ground state),He (n=9) + He (n=1),12000.0,K,2.02522998109434e-31,cm3/s,,,1.0,9.0,
329,He2+ (ground state) → He (n=9) + He (n=1),He2+ (ground state),He (n=9) + He (n=1),13000.0,K,1.6801065176897e-31,cm3/s,,,1.0,9.0,
329,He2+ (ground state) → He (n=9) + He (n=1),He2+ (ground state),He (n=9) + He (n=1),14000.0,K,1.38618585994747e-31,cm3/s,,,1.0,9.0,
329,He2+ (ground state) → He (n=9) + He (n=1),He2+ (ground state),He (n=9) + He (n=1),15000.0,K,1.14920390733911e-31,cm3/s,,,1.0,9.0,
329,He2+ (ground state) → He (n=9) + He (n=1),He2+ (ground state),He (n=9) + He (n=1),16000.0,K,9.95687707593236e-32,cm3/s,,,1.0,9.0,
329,He2+ (ground state) → He (n=9) + He (n=1),He2+ (ground state),He (n=9) + He (n=1),17000.0,K,8.64201285972554e-32,cm3/s,,,1.0,9.0,
329,He2+ (ground state) → He (n=9) + He (n=1),He2+ (ground state),He (n=9) + He (n=1),18000.0,K,7.345460265246e-32,cm3/s,,,1.0,9.0,
329,He2+ (ground state) → He (n=9) + He (n=1),He2+ (ground state),He (n=9) + He (n=1),19000.0,K,6.33594917558819e-32,cm3/s,,,1.0,9.0,
329,He2+ (ground state) → He (n=9) + He (n=1),He2+ (ground state),He (n=9) + He (n=1),20000.0,K,5.58889780325223e-32,cm3/s,,,1.0,9.0,
329,He2+ (ground state) → He (n=9) + He (n=1),He2+ (ground state),He (n=9) + He (n=1),21000.0,K,5.02272672108587e-32,cm3/s,,,1.0,9.0,
329,He2+ (ground state) → He (n=9) + He (n=1),He2+ (ground state),He (n=9) + He (n=1),22000.0,K,4.50995083433216e-32,cm3/s,,,1.0,9.0,
329,He2+ (ground state) → He (n=9) + He (n=1),He2+ (ground state),He (n=9) + He (n=1),23000.0,K,4.01158451507963e-32,cm3/s,,,1.0,9.0,
329,He2+ (ground state) → He (n=9) + He (n=1),He2+ (ground state),He (n=9) + He (n=1),24000.0,K,3.51953249252751e-32,cm3/s,,,1.0,9.0,
329,He2+ (ground state) → He (n=9) + He (n=1),He2+ (ground state),He (n=9) + He (n=1),25000.0,K,3.27295692856057e-32,cm3/s,,,1.0,9.0,
329,He2+ (ground state) → He (n=9) + He (n=1),He2+ (ground state),He (n=9) + He (n=1),26000.0,K,2.99544585636907e-32,cm3/s,,,1.0,9.0,
329,He2+ (ground state) → He (n=9) + He (n=1),He2+ (ground state),He (n=9) + He (n=1),27000.0,K,2.6809044232065e-32,cm3/s,,,1.0,9.0,
329,He2+ (ground state) → He (n=9) + He (n=1),He2+ (ground state),He (n=9) + He (n=1),28000.0,K,2.47388827289014e-32,cm3/s,,,1.0,9.0,
329,He2+ (ground state) → He (n=9) + He (n=1),He2+ (ground state),He (n=9) + He (n=1),29000.0,K,2.20152067094368e-32,cm3/s,,,1.0,9.0,
329,He2+ (ground state) → He (n=9) + He (n=1),He2+ (ground state),He (n=9) + He (n=1),30000.0,K,1.99773970209753e-32,cm3/s,,,1.0,9.0,
330,He2+ (ground state) → He (n=10) + He (n=1),He2+ (ground state),He (n=10) + He (n=1),7000.0,K,5.33345074433973e-31,cm3/s,,,1.0,10.0,
330,He2+ (ground state) → He (n=10) + He (n=1),He2+ (ground state),He (n=10) + He (n=1),8000.0,K,3.89404335173885e-31,cm3/s,,,1.0,10.0,
330,He2+ (ground state) → He (n=10) + He (n=1),He2+ (ground state),He (n=10) + He (n=1),9000.0,K,2.95290844025622e-31,cm3/s,,,1.0,10.0,
330,He2+ (ground state) → He (n=10) + He (n=1),He2+ (ground state),He (n=10) + He (n=1),10000.0,K,2.26867754795289e-31,cm3/s,,,1.0,10.0,
330,He2+ (ground state) → He (n=10) + He (n=1),He2+ (ground state),He (n=10) + He (n=1),11000.0,K,1.86432199541477e-31,cm3/s,,,1.0,10.0,
330,He2+ (ground state) → He (n=10) + He (n=1),He2+ (ground state),He (n=10) + He (n=1),12000.0,K,1.47674184409107e-31,cm3/s,,,1.0,10.0,
330,He2+ (ground state) → He (n=10) + He (n=1),He2+ (ground state),He (n=10) + He (n=1),13000.0,K,1.23102654520326e-31,cm3/s,,,1.0,10.0,
330,He2+ (ground state) → He (n=10) + He (n=1),He2+ (ground state),He (n=10) + He (n=1),14000.0,K,1.00620924386241e-31,cm3/s,,,1.0,10.0,
330,He2+ (ground state) → He (n=10) + He (n=1),He2+ (ground state),He (n=10) + He (n=1),15000.0,K,8.38134996584809e-32,cm3/s,,,1.0,10.0,
330,He2+ (ground state) → He (n=10) + He (n=1),He2+ (ground state),He (n=10) + He (n=1),16000.0,K,7.31676549828567e-32,cm3/s,,,1.0,10.0,
330,He2+ (ground state) → He (n=10) + He (n=1),He2+ (ground state),He (n=10) + He (n=1),17000.0,K,6.10926350705593e-32,cm3/s,,,1.0,10.0,
330,He2+ (ground state) → He (n=10) + He (n=1),He2+ (ground state),He (n=10) + He (n=1),18000.0,K,5.40731521967938e-32,cm3/s,,,1.0,10.0,
330,He2+ (ground state) → He (n=10) + He (n=1),He2+ (ground state),He (n=10) + He (n=1),19000.0,K,4.72282523814566e-32,cm3/s,,,1.0,10.0,
330,He2+ (ground state) → He (n=10) + He (n=1),He2+ (ground state),He (n=10) + He (n=1),20000.0,K,4.16057805849947e-32,cm3/s,,,1.0,10.0,
330,He2+ (ground state) → He (n=10) + He (n=1),He2+ (ground state),He (n=10) + He (n=1),21000.0,K,3.59693058870894e-32,cm3/s,,,1.0,10.0,
330,He2+ (ground state) → He (n=10) + He (n=1),He2+ (ground state),He (n=10) + He (n=1),22000.0,K,3.20829037359503e-32,cm3/s,,,1.0,10.0,
330,He2+ (ground state) → He (n=10) + He (n=1),He2+ (ground state),He (n=10) + He (n=1),23000.0,K,2.85297937644999e-32,cm3/s,,,1.0,10.0,
330,He2+ (ground state) → He (n=10) + He (n=1),He2+ (ground state),He (n=10) + He (n=1),24000.0,K,2.57568169324241e-32,cm3/s,,,1.0,10.0,
330,He2+ (ground state) → He (n=10) + He (n=1),He2+ (ground state),He (n=10) + He (n=1),25000.0,K,2.33029546992606e-32,cm3/s,,,1.0,10.0,
330,He2+ (ground state) → He (n=10) + He (n=1),He2+ (ground state),He (n=10) + He (n=1),26000.0,K,2.15713540486691e-32,cm3/s,,,1.0,10.0,
330,He2+ (ground state) → He (n=10) + He (n=1),He2+ (ground state),He (n=10) + He (n=1),27000.0,K,1.98705470168972e-32,cm3/s,,,1.0,10.0,
330,He2+ (ground state) → He (n=10) + He (n=1),He2+ (ground state),He (n=10) + He (n=1),28000.0,K,1.77671118907527e-32,cm3/s,,,1.0,10.0,
330,He2+ (ground state) → He (n=10) + He (n=1),He2+ (ground state),He (n=10) + He (n=1),29000.0,K,1.58732267830656e-32,cm3/s,,,1.0,10.0,
330,He2+ (ground state) → He (n=10) + He (n=1),He2+ (ground state),He (n=10) + He (n=1),30000.0,K,1.49799782314814e-32,cm3/s,,,1.0,10.0,
339,BeD+ (v'=0) → Be (ground state) + D (ground state),BeD+ (v'=0),Be (ground state) + D (ground state),1.0,K,2.16944e-06,cm3/s,,,,,
339,BeD+ (v'=0) → Be (ground state) + D (ground state),BeD+ (v'=0),Be (ground state) + D (ground state),2.0,K,1.58026e-06,cm3/s,,,,,
339,BeD+ (v'=0) → Be (ground state) + D (ground state),BeD+ (v'=0),Be (ground state) + D (ground state),3.0,K,1.30325e-06,cm3/s,,,,,
339,BeD+ (v'=0) → Be (ground state) + D (ground state),BeD+ (v'=0),Be (ground state) + D (ground state),4.0,K,1.13445e-06,cm3/s,,,,,
339,BeD+ (v'=0) → Be (ground state) + D (ground state),BeD+ (v'=0),Be (ground state) + D (ground state),5.0,K,1.01791e-06,cm3/s,,,,,
339,BeD+ (v'=0) → Be (ground state) + D (ground state),BeD+ (v'=0),Be (ground state) + D (ground state),6.0,K,9.31275e-07,cm3/s,,,,,
339,BeD+ (v'=0) → Be (ground state) + D (ground state),BeD+ (v'=0),Be (ground state) + D (ground state),7.0,K,8.6362e-07,cm3/s,,,,,
339,BeD+ (v'=0) → Be (ground state) + D (ground state),BeD+ (v'=0),Be (ground state) + D (ground state),8.0,K,8.08897e-07,cm3/s,,,,,
339,BeD+ (v'=0) → Be (ground state) + D (ground state),BeD+ (v'=0),Be (ground state) + D (ground state),9.0,K,7.63454e-07,cm3/s,,,,,
339,BeD+ (v'=0) → Be (ground state) + D (ground state),BeD+ (v'=0),Be (ground state) + D (ground state),10.0,K,7.24933e-07,cm3/s,,,,,
339,BeD+ (v'=0) → Be (ground state) + D (ground state),BeD+ (v'=0),Be (ground state) + D (ground state),11.0,K,6.91732e-07,cm3/s,,,,,
339,BeD+ (v'=0) → Be (ground state) + D (ground state),BeD+ (v'=0),Be (ground state) + D (ground state),12.0,K,6.6273e-07,cm3/s,,,,,
339,BeD+ (v'=0) → Be (ground state) + D (ground state),BeD+ (v'=0),Be (ground state) + D (ground state),13.0,K,6.37099e-07,cm3/s,,,,,
339,BeD+ (v'=0) → Be (ground state) + D (ground state),BeD+ (v'=0),Be (ground state) + D (ground state),14.0,K,6.14224e-07,cm3/s,,,,,
339,BeD+ (v'=0) → Be (ground state) + D (ground state),BeD+ (v'=0),Be (ground state) + D (ground state),15.0,K,5.93634e-07,cm3/s,,,,,
339,BeD+ (v'=0) → Be (ground state) + D (ground state),BeD+ (v'=0),Be (ground state) + D (ground state),16.0,K,5.74963e-07,cm3/s,,,,,
339,BeD+ (v'=0) → Be (ground state) + D (ground state),BeD+ (v'=0),Be (ground state) + D (ground state),17.0,K,5.57919e-07,cm3/s,,,,,
339,BeD+ (v'=0) → Be (ground state) + D (ground state),BeD+ (v'=0),Be (ground state) + D (ground state),18.0,K,5.42266e-07,cm3/s,,,,,
339,BeD+ (v'=0) → Be (ground state) + D (ground state),BeD+ (v'=0),Be (ground state) + D (ground state),19.0,K,5.27816e-07,cm3/s,,,,,
339,BeD+ (v'=0) → Be (ground state) + D (ground state),BeD+ (v'=0),Be (ground state) + D (ground state),20.0,K,5.14414e-07,cm3/s,,,,,
339,BeD+ (v'=0) → Be (ground state) + D (ground state),BeD+ (v'=0),Be (ground state) + D (ground state),21.0,K,5.01933e-07,cm3/s,,,,,
339,BeD+ (v'=0) → Be (ground state) + D (ground state),BeD+ (v'=0),Be (ground state) + D (ground state),22.0,K,4.90263e-07,cm3/s,,,,,
339,BeD+ (v'=0) → Be (ground state) + D (ground state),BeD+ (v'=0),Be (ground state) + D (ground state),23.0,K,4.79316e-07,cm3/s,,,,,
339,BeD+ (v'=0) → Be (ground state) + D (ground state),BeD+ (v'=0),Be (ground state) + D (ground state),24.0,K,4.69018e-07,cm3/s,,,,,
339,BeD+ (v'=0) → Be (ground state) + D (ground state),BeD+ (v'=0),Be (ground state) + D (ground state),25.0,K,4.593e-07,cm3/s,,,,,
339,BeD+ (v'=0) → Be (ground state) + D (ground state),BeD+ (v'=0),Be (ground state) + D (ground state),26.0,K,4.50109e-07,cm3/s,,,,,
339,BeD+ (v'=0) → Be (ground state) + D (ground state),BeD+ (v'=0),Be (ground state) + D (ground state),27.0,K,4.41396e-07,cm3/s,,,,,
339,BeD+ (v'=0) → Be (ground state) + D (ground state),BeD+ (v'=0),Be (ground state) + D (ground state),28.0,K,4.3312e-07,cm3/s,,,,,
339,BeD+ (v'=0) → Be (ground state) + D (ground state),BeD+ (v'=0),Be (ground state) + D (ground state),29.0,K,4.25246e-07,cm3/s,,,,,
339,BeD+ (v'=0) → Be (ground state) + D (ground state),BeD+ (v'=0),Be (ground state) + D (ground state),30.0,K,4.17741e-07,cm3/s,,,,,
339,BeD+ (v'=0) → Be (ground state) + D (ground state),BeD+ (v'=0),Be (ground state) + D (ground state),31.0,K,4.10576e-07,cm3/s,,,,,
339,BeD+ (v'=0) → Be (ground state) + D (ground state),BeD+ (v'=0),Be (ground state) + D (ground state),32.0,K,4.03727e-07,cm3/s,,,,,
339,BeD+ (v'=0) → Be (ground state) + D (ground state),BeD+ (v'=0),Be (ground state) + D (ground state),33.0,K,3.97172e-07,cm3/s,,,,,
339,BeD+ (v'=0) → Be (ground state) + D (ground state),BeD+ (v'=0),Be (ground state) + D (ground state),34.0,K,3.90891e-07,cm3/s,,,,,
339,BeD+ (v'=0) → Be (ground state) + D (ground state),BeD+ (v'=0),Be (ground state) + D (ground state),35.0,K,3.84866e-07,cm3/s,,,,,
339,BeD+ (v'=0) → Be (ground state) + D (ground state),BeD+ (v'=0),Be (ground state) + D (ground state),36.0,K,3.7908e-07,cm3/s,,,,,
339,BeD+ (v'=0) → Be (ground state) + D (ground state),BeD+ (v'=0),Be (ground state) + D (ground state),37.0,K,3.73519e-07,cm3/s,,,,,
339,BeD+ (v'=0) → Be (ground state) + D (ground state),BeD+ (v'=0),Be (ground state) + D (ground state),38.0,K,3.68171e-07,cm3/s,,,,,
339,BeD+ (v'=0) → Be (ground state) + D (ground state),BeD+ (v'=0),Be (ground state) + D (ground state),39.0,K,3.6302e-07,cm3/s,,,,,
339,BeD+ (v'=0) → Be (ground state) + D (ground state),BeD+ (v'=0),Be (ground state) + D (ground state),40.0,K,3.58058e-07,cm3/s,,,,,
339,BeD+ (v'=0) → Be (ground state) + D (ground state),BeD+ (v'=0),Be (ground state) + D (ground state),41.0,K,3.53274e-07,cm3/s,,,,,
339,BeD+ (v'=0) → Be (ground state) + D (ground state),BeD+ (v'=0),Be (ground state) + D (ground state),42.0,K,3.48658e-07,cm3/s,,,,,
339,BeD+ (v'=0) → Be (ground state) + D (ground state),BeD+ (v'=0),Be (ground state) + D (ground state),43.0,K,3.44201e-07,cm3/s,,,,,
339,BeD+ (v'=0) → Be (ground state) + D (ground state),BeD+ (v'=0),Be (ground state) + D (ground state),44.0,K,3.39895e-07,cm3/s,,,,,
339,BeD+ (v'=0) → Be (ground state) + D (ground state),BeD+ (v'=0),Be (ground state) + D (ground state),45.0,K,3.35733e-07,cm3/s,,,,,
339,BeD+ (v'=0) → Be (ground state) + D (ground state),BeD+ (v'=0),Be (ground state) + D (ground state),46.0,K,3.31708e-07,cm3/s,,,,,
339,BeD+ (v'=0) → Be (ground state) + D (ground state),BeD+ (v'=0),Be (ground state) + D (ground state),47.0,K,3.27812e-07,cm3/s,,,,,
339,BeD+ (v'=0) → Be (ground state) + D (ground state),BeD+ (v'=0),Be (ground state) + D (ground state),48.0,K,3.24039e-07,cm3/s,,,,,
339,BeD+ (v'=0) → Be (ground state) + D (ground state),BeD+ (v'=0),Be (ground state) + D (ground state),49.0,K,3.20384e-07,cm3/s,,,,,
339,BeD+ (v'=0) → Be (ground state) + D (ground state),BeD+ (v'=0),Be (ground state) + D (ground state),50.0,K,3.16841e-07,cm3/s,,,,,
339,BeD+ (v'=0) → Be (ground state) + D (ground state),BeD+ (v'=0),Be (ground state) + D (ground state),52.0,K,3.10071e-07,cm3/s,,,,,
339,BeD+ (v'=0) → Be (ground state) + D (ground state),BeD+ (v'=0),Be (ground state) + D (ground state),54.0,K,3.03702e-07,cm3/s,,,,,
339,BeD+ (v'=0) → Be (ground state) + D (ground state),BeD+ (v'=0),Be (ground state) + D (ground state),56.0,K,2.97688e-07,cm3/s,,,,,
339,BeD+ (v'=0) → Be (ground state) + D (ground state),BeD+ (v'=0),Be (ground state) + D (ground state),58.0,K,2.92003e-07,cm3/s,,,,,
339,BeD+ (v'=0) → Be (ground state) + D (ground state),BeD+ (v'=0),Be (ground state) + D (ground state),60.0,K,2.86621e-07,cm3/s,,,,,
339,BeD+ (v'=0) → Be (ground state) + D (ground state),BeD+ (v'=0),Be (ground state) + D (ground state),62.0,K,2.81515e-07,cm3/s,,,,,
339,BeD+ (v'=0) → Be (ground state) + D (ground state),BeD+ (v'=0),Be (ground state) + D (ground state),64.0,K,2.76671e-07,cm3/s,,,,,
339,BeD+ (v'=0) → Be (ground state) + D (ground state),BeD+ (v'=0),Be (ground state) + D (ground state),66.0,K,2.72071e-07,cm3/s,,,,,
339,BeD+ (v'=0) → Be (ground state) + D (ground state),BeD+ (v'=0),Be (ground state) + D (ground state),68.0,K,2.67692e-07,cm3/s,,,,,
339,BeD+ (v'=0) → Be (ground state) + D (ground state),BeD+ (v'=0),Be (ground state) + D (ground state),70.0,K,2.63519e-07,cm3/s,,,,,
339,BeD+ (v'=0) → Be (ground state) + D (ground state),BeD+ (v'=0),Be (ground state) + D (ground state),72.0,K,2.59532e-07,cm3/s,,,,,
339,BeD+ (v'=0) → Be (ground state) + D (ground state),BeD+ (v'=0),Be (ground state) + D (ground state),74.0,K,2.55725e-07,cm3/s,,,,,
339,BeD+ (v'=0) → Be (ground state) + D (ground state),BeD+ (v'=0),Be (ground state) + D (ground state),76.0,K,2.52089e-07,cm3/s,,,,,
339,BeD+ (v'=0) → Be (ground state) + D (ground state),BeD+ (v'=0),Be (ground state) + D (ground state),78.0,K,2.48604e-07,cm3/s,,,,,
339,BeD+ (v'=0) → Be (ground state) + D (ground state),BeD+ (v'=0),Be (ground state) + D (ground state),80.0,K,2.4526e-07,cm3/s,,,,,
339,BeD+ (v'=0) → Be (ground state) + D (ground state),BeD+ (v'=0),Be (ground state) + D (ground state),82.0,K,2.42057e-07,cm3/s,,,,,
339,BeD+ (v'=0) → Be (ground state) + D (ground state),BeD+ (v'=0),Be (ground state) + D (ground state),84.0,K,2.38976e-07,cm3/s,,,,,
339,BeD+ (v'=0) → Be (ground state) + D (ground state),BeD+ (v'=0),Be (ground state) + D (ground state),86.0,K,2.3603e-07,cm3/s,,,,,
339,BeD+ (v'=0) → Be (ground state) + D (ground state),BeD+ (v'=0),Be (ground state) + D (ground state),88.0,K,2.33185e-07,cm3/s,,,,,
339,BeD+ (v'=0) → Be (ground state) + D (ground state),BeD+ (v'=0),Be (ground state) + D (ground state),90.0,K,2.30447e-07,cm3/s,,,,,
339,BeD+ (v'=0) → Be (ground state) + D (ground state),BeD+ (v'=0),Be (ground state) + D (ground state),92.0,K,2.27806e-07,cm3/s,,,,,
339,BeD+ (v'=0) → Be (ground state) + D (ground state),BeD+ (v'=0),Be (ground state) + D (ground state),94.0,K,2.25261e-07,cm3/s,,,,,
339,BeD+ (v'=0) → Be (ground state) + D (ground state),BeD+ (v'=0),Be (ground state) + D (ground state),96.0,K,2.22806e-07,cm3/s,,,,,
339,BeD+ (v'=0) → Be (ground state) + D (ground state),BeD+ (v'=0),Be (ground state) + D (ground state),98.0,K,2.20432e-07,cm3/s,,,,,
339,BeD+ (v'=0) → Be (ground state) + D (ground state),BeD+ (v'=0),Be (ground state) + D (ground state),100.0,K,2.18137e-07,cm3/s,,,,,
339,BeD+ (v'=0) → Be (ground state) + D (ground state),BeD+ (v'=0),Be (ground state) + D (ground state),110.0,K,2.07711e-07,cm3/s,,,,,
339,BeD+ (v'=0) → Be (ground state) + D (ground state),BeD+ (v'=0),Be (ground state) + D (ground state),120.0,K,1.98731e-07,cm3/s,,,,,
339,BeD+ (v'=0) → Be (ground state) + D (ground state),BeD+ (v'=0),Be (ground state) + D (ground state),130.0,K,1.9089e-07,cm3/s,,,,,
339,BeD+ (v'=0) → Be (ground state) + D (ground state),BeD+ (v'=0),Be (ground state) + D (ground state),140.0,K,1.83957e-07,cm3/s,,,,,
339,BeD+ (v'=0) → Be (ground state) + D (ground state),BeD+ (v'=0),Be (ground state) + D (ground state),150.0,K,1.77763e-07,cm3/s,,,,,
339,BeD+ (v'=0) → Be (ground state) + D (ground state),BeD+ (v'=0),Be (ground state) + D (ground state),160.0,K,1.72177e-07,cm3/s,,,,,
339,BeD+ (v'=0) → Be (ground state) + D (ground state),BeD+ (v'=0),Be (ground state) + D (ground state),170.0,K,1.67106e-07,cm3/s,,,,,
339,BeD+ (v'=0) → Be (ground state) + D (ground state),BeD+ (v'=0),Be (ground state) + D (ground state),180.0,K,1.62466e-07,cm3/s,,,,,
339,BeD+ (v'=0) → Be (ground state) + D (ground state),BeD+ (v'=0),Be (ground state) + D (ground state),190.0,K,1.58201e-07,cm3/s,,,,,
339,BeD+ (v'=0) → Be (ground state) + D (ground state),BeD+ (v'=0),Be (ground state) + D (ground state),200.0,K,1.54262e-07,cm3/s,,,,,
339,BeD+ (v'=0) → Be (ground state) + D (ground state),BeD+ (v'=0),Be (ground state) + D (ground state),210.0,K,1.50596e-07,cm3/s,,,,,
339,BeD+ (v'=0) → Be (ground state) + D (ground state),BeD+ (v'=0),Be (ground state) + D (ground state),220.0,K,1.47187e-07,cm3/s,,,,,
339,BeD+ (v'=0) → Be (ground state) + D (ground state),BeD+ (v'=0),Be (ground state) + D (ground state),230.0,K,1.43994e-07,cm3/s,,,,,
339,BeD+ (v'=0) → Be (ground state) + D (ground state),BeD+ (v'=0),Be (ground state) + D (ground state),240.0,K,1.41e-07,cm3/s,,,,,
339,BeD+ (v'=0) → Be (ground state) + D (ground state),BeD+ (v'=0),Be (ground state) + D (ground state),250.0,K,1.38176e-07,cm3/s,,,,,
339,BeD+ (v'=0) → Be (ground state) + D (ground state),BeD+ (v'=0),Be (ground state) + D (ground state),260.0,K,1.35514e-07,cm3/s,,,,,
339,BeD+ (v'=0) → Be (ground state) + D (ground state),BeD+ (v'=0),Be (ground state) + D (ground state),270.0,K,1.33003e-07,cm3/s,,,,,
339,BeD+ (v'=0) → Be (ground state) + D (ground state),BeD+ (v'=0),Be (ground state) + D (ground state),280.0,K,1.30625e-07,cm3/s,,,,,
339,BeD+ (v'=0) → Be (ground state) + D (ground state),BeD+ (v'=0),Be (ground state) + D (ground state),290.0,K,1.28354e-07,cm3/s,,,,,
339,BeD+ (v'=0) → Be (ground state) + D (ground state),BeD+ (v'=0),Be (ground state) + D (ground state),300.0,K,1.26201e-07,cm3/s,,,,,
339,BeD+ (v'=0) → Be (ground state) + D (ground state),BeD+ (v'=0),Be (ground state) + D (ground state),320.0,K,1.2219e-07,cm3/s,,,,,
339,BeD+ (v'=0) → Be (ground state) + D (ground state),BeD+ (v'=0),Be (ground state) + D (ground state),340.0,K,1.18532e-07,cm3/s,,,,,
339,BeD+ (v'=0) → Be (ground state) + D (ground state),BeD+ (v'=0),Be (ground state) + D (ground state),360.0,K,1.15171e-07,cm3/s,,,,,
339,BeD+ (v'=0) → Be (ground state) + D (ground state),BeD+ (v'=0),Be (ground state) + D (ground state),380.0,K,1.12063e-07,cm3/s,,,,,
339,BeD+ (v'=0) → Be (ground state) + D (ground state),BeD+ (v'=0),Be (ground state) + D (ground state),400.0,K,1.09186e-07,cm3/s,,,,,
339,BeD+ (v'=0) → Be (ground state) + D (ground state),BeD+ (v'=0),Be (ground state) + D (ground state),420.0,K,1.06505e-07,cm3/s,,,,,
339,BeD+ (v'=0) → Be (ground state) + D (ground state),BeD+ (v'=0),Be (ground state) + D (ground state),440.0,K,1.04002e-07,cm3/s,,,,,
339,BeD+ (v'=0) → Be (ground state) + D (ground state),BeD+ (v'=0),Be (ground state) + D (ground state),460.0,K,1.01656e-07,cm3/s,,,,,
339,BeD+ (v'=0) → Be (ground state) + D (ground state),BeD+ (v'=0),Be (ground state) + D (ground state),480.0,K,9.94517e-08,cm3/s,,,,,
339,BeD+ (v'=0) → Be (ground state) + D (ground state),BeD+ (v'=0),Be (ground state) + D (ground state),500.0,K,9.73747e-08,cm3/s,,,,,
339,BeD+ (v'=0) → Be (ground state) + D (ground state),BeD+ (v'=0),Be (ground state) + D (ground state),520.0,K,9.54131e-08,cm3/s,,,,,
339,BeD+ (v'=0) → Be (ground state) + D (ground state),BeD+ (v'=0),Be (ground state) + D (ground state),540.0,K,9.35521e-08,cm3/s,,,,,
339,BeD+ (v'=0) → Be (ground state) + D (ground state),BeD+ (v'=0),Be (ground state) + D (ground state),560.0,K,9.17846e-08,cm3/s,,,,,
339,BeD+ (v'=0) → Be (ground state) + D (ground state),BeD+ (v'=0),Be (ground state) + D (ground state),580.0,K,9.01082e-08,cm3/s,,,,,
339,BeD+ (v'=0) → Be (ground state) + D (ground state),BeD+ (v'=0),Be (ground state) + D (ground state),600.0,K,8.85063e-08,cm3/s,,,,,
339,BeD+ (v'=0) → Be (ground state) + D (ground state),BeD+ (v'=0),Be (ground state) + D (ground state),650.0,K,8.48132e-08,cm3/s,,,,,
339,BeD+ (v'=0) → Be (ground state) + D (ground state),BeD+ (v'=0),Be (ground state) + D (ground state),700.0,K,8.14911e-08,cm3/s,,,,,
339,BeD+ (v'=0) → Be (ground state) + D (ground state),BeD+ (v'=0),Be (ground state) + D (ground state),750.0,K,7.84792e-08,cm3/s,,,,,
339,BeD+ (v'=0) → Be (ground state) + D (ground state),BeD+ (v'=0),Be (ground state) + D (ground state),800.0,K,7.57317e-08,cm3/s,,,,,
339,BeD+ (v'=0) → Be (ground state) + D (ground state),BeD+ (v'=0),Be (ground state) + D (ground state),850.0,K,7.32068e-08,cm3/s,,,,,
339,BeD+ (v'=0) → Be (ground state) + D (ground state),BeD+ (v'=0),Be (ground state) + D (ground state),900.0,K,7.09008e-08,cm3/s,,,,,
339,BeD+ (v'=0) → Be (ground state) + D (ground state),BeD+ (v'=0),Be (ground state) + D (ground state),950.0,K,6.87539e-08,cm3/s,,,,,
339,BeD+ (v'=0) → Be (ground state) + D (ground state),BeD+ (v'=0),Be (ground state) + D (ground state),1000.0,K,6.67551e-08,cm3/s,,,,,
339,BeD+ (v'=0) → Be (ground state) + D (ground state),BeD+ (v'=0),Be (ground state) + D (ground state),1100.0,K,6.31952e-08,cm3/s,,,,,
339,BeD+ (v'=0) → Be (ground state) + D (ground state),BeD+ (v'=0),Be (ground state) + D (ground state),1200.0,K,6.00852e-08,cm3/s,,,,,
339,BeD+ (v'=0) → Be (ground state) + D (ground state),BeD+ (v'=0),Be (ground state) + D (ground state),1300.0,K,5.73568e-08,cm3/s,,,,,
339,BeD+ (v'=0) → Be (ground state) + D (ground state),BeD+ (v'=0),Be (ground state) + D (ground state),1400.0,K,5.49617e-08,cm3/s,,,,,
339,BeD+ (v'=0) → Be (ground state) + D (ground state),BeD+ (v'=0),Be (ground state) + D (ground state),1500.0,K,5.2863e-08,cm3/s,,,,,
339,BeD+ (v'=0) → Be (ground state) + D (ground state),BeD+ (v'=0),Be (ground state) + D (ground state),1600.0,K,5.10171e-08,cm3/s,,,,,
339,BeD+ (v'=0) → Be (ground state) + D (ground state),BeD+ (v'=0),Be (ground state) + D (ground state),1700.0,K,4.93989e-08,cm3/s,,,,,
339,BeD+ (v'=0) → Be (ground state) + D (ground state),BeD+ (v'=0),Be (ground state) + D (ground state),1800.0,K,4.79751e-08,cm3/s,,,,,
339,BeD+ (v'=0) → Be (ground state) + D (ground state),BeD+ (v'=0),Be (ground state) + D (ground state),1900.0,K,4.67345e-08,cm3/s,,,,,
339,BeD+ (v'=0) → Be (ground state) + D (ground state),BeD+ (v'=0),Be (ground state) + D (ground state),2000.0,K,4.56403e-08,cm3/s,,,,,
339,BeD+ (v'=0) → Be (ground state) + D (ground state),BeD+ (v'=0),Be (ground state) + D (ground state),2100.0,K,4.4683e-08,cm3/s,,,,,
339,BeD+ (v'=0) → Be (ground state) + D (ground state),BeD+ (v'=0),Be (ground state) + D (ground state),2200.0,K,4.38481e-08,cm3/s,,,,,
339,BeD+ (v'=0) → Be (ground state) + D (ground state),BeD+ (v'=0),Be (ground state) + D (ground state),2300.0,K,4.31097e-08,cm3/s,,,,,
339,BeD+ (v'=0) → Be (ground state) + D (ground state),BeD+ (v'=0),Be (ground state) + D (ground state),2400.0,K,4.24736e-08,cm3/s,,,,,
339,BeD+ (v'=0) → Be (ground state) + D (ground state),BeD+ (v'=0),Be (ground state) + D (ground state),2500.0,K,4.19004e-08,cm3/s,,,,,
339,BeD+ (v'=0) → Be (ground state) + D (ground state),BeD+ (v'=0),Be (ground state) + D (ground state),2600.0,K,4.14071e-08,cm3/s,,,,,
339,BeD+ (v'=0) → Be (ground state) + D (ground state),BeD+ (v'=0),Be (ground state) + D (ground state),2700.0,K,4.09756e-08,cm3/s,,,,,
339,BeD+ (v'=0) → Be (ground state) + D (ground state),BeD+ (v'=0),Be (ground state) + D (ground state),2800.0,K,4.06167e-08,cm3/s,,,,,
339,BeD+ (v'=0) → Be (ground state) + D (ground state),BeD+ (v'=0),Be (ground state) + D (ground state),2900.0,K,4.03028e-08,cm3/s,,,,,
339,BeD+ (v'=0) → Be (ground state) + D (ground state),BeD+ (v'=0),Be (ground state) + D (ground state),3000.0,K,4.00173e-08,cm3/s,,,,,
339,BeD+ (v'=0) → Be (ground state) + D (ground state),BeD+ (v'=0),Be (ground state) + D (ground state),3100.0,K,3.97486e-08,cm3/s,,,,,
339,BeD+ (v'=0) → Be (ground state) + D (ground state),BeD+ (v'=0),Be (ground state) + D (ground state),3200.0,K,3.9511e-08,cm3/s,,,,,
339,BeD+ (v'=0) → Be (ground state) + D (ground state),BeD+ (v'=0),Be (ground state) + D (ground state),3300.0,K,3.93078e-08,cm3/s,,,,,
339,BeD+ (v'=0) → Be (ground state) + D (ground state),BeD+ (v'=0),Be (ground state) + D (ground state),3400.0,K,3.91231e-08,cm3/s,,,,,
339,BeD+ (v'=0) → Be (ground state) + D (ground state),BeD+ (v'=0),Be (ground state) + D (ground state),3500.0,K,3.8976e-08,cm3/s,,,,,
339,BeD+ (v'=0) → Be (ground state) + D (ground state),BeD+ (v'=0),Be (ground state) + D (ground state),3600.0,K,3.88408e-08,cm3/s,,,,,
339,BeD+ (v'=0) → Be (ground state) + D (ground state),BeD+ (v'=0),Be (ground state) + D (ground state),3700.0,K,3.87023e-08,cm3/s,,,,,
339,BeD+ (v'=0) → Be (ground state) + D (ground state),BeD+ (v'=0),Be (ground state) + D (ground state),3800.0,K,3.85717e-08,cm3/s,,,,,
339,BeD+ (v'=0) → Be (ground state) + D (ground state),BeD+ (v'=0),Be (ground state) + D (ground state),3900.0,K,3.84623e-08,cm3/s,,,,,
339,BeD+ (v'=0) → Be (ground state) + D (ground state),BeD+ (v'=0),Be (ground state) + D (ground state),4000.0,K,3.83861e-08,cm3/s,,,,,
339,BeD+ (v'=0) → Be (ground state) + D (ground state),BeD+ (v'=0),Be (ground state) + D (ground state),4100.0,K,3.82846e-08,cm3/s,,,,,
339,BeD+ (v'=0) → Be (ground state) + D (ground state),BeD+ (v'=0),Be (ground state) + D (ground state),4200.0,K,3.81843e-08,cm3/s,,,,,
339,BeD+ (v'=0) → Be (ground state) + D (ground state),BeD+ (v'=0),Be (ground state) + D (ground state),4300.0,K,3.81259e-08,cm3/s,,,,,
339,BeD+ (v'=0) → Be (ground state) + D (ground state),BeD+ (v'=0),Be (ground state) + D (ground state),4400.0,K,3.80577e-08,cm3/s,,,,,
339,BeD+ (v'=0) → Be (ground state) + D (ground state),BeD+ (v'=0),Be (ground state) + D (ground state),4500.0,K,3.7982e-08,cm3/s,,,,,
339,BeD+ (v'=0) → Be (ground state) + D (ground state),BeD+ (v'=0),Be (ground state) + D (ground state),4600.0,K,3.78731e-08,cm3/s,,,,,
339,BeD+ (v'=0) → Be (ground state) + D (ground state),BeD+ (v'=0),Be (ground state) + D (ground state),4700.0,K,3.78353e-08,cm3/s,,,,,
339,BeD+ (v'=0) → Be (ground state) + D (ground state),BeD+ (v'=0),Be (ground state) + D (ground state),4800.0,K,3.77423e-08,cm3/s,,,,,
339,BeD+ (v'=0) → Be (ground state) + D (ground state),BeD+ (v'=0),Be (ground state) + D (ground state),4900.0,K,3.76468e-08,cm3/s,,,,,
339,BeD+ (v'=0) → Be (ground state) + D (ground state),BeD+ (v'=0),Be (ground state) + D (ground state),5000.0,K,3.76085e-08,cm3/s,,,,,
340,BeD+ (v'=1) → Be (ground state) + D (ground state),BeD+ (v'=1),Be (ground state) + D (ground state),1.0,K,3.1003e-06,cm3/s,,,,,
340,BeD+ (v'=1) → Be (ground state) + D (ground state),BeD+ (v'=1),Be (ground state) + D (ground state),2.0,K,2.39096e-06,cm3/s,,,,,
340,BeD+ (v'=1) → Be (ground state) + D (ground state),BeD+ (v'=1),Be (ground state) + D (ground state),3.0,K,2.00799e-06,cm3/s,,,,,
340,BeD+ (v'=1) → Be (ground state) + D (ground state),BeD+ (v'=1),Be (ground state) + D (ground state),4.0,K,1.76202e-06,cm3/s,,,,,
340,BeD+ (v'=1) → Be (ground state) + D (ground state),BeD+ (v'=1),Be (ground state) + D (ground state),5.0,K,1.58633e-06,cm3/s,,,,,
340,BeD+ (v'=1) → Be (ground state) + D (ground state),BeD+ (v'=1),Be (ground state) + D (ground state),6.0,K,1.45165e-06,cm3/s,,,,,
340,BeD+ (v'=1) → Be (ground state) + D (ground state),BeD+ (v'=1),Be (ground state) + D (ground state),7.0,K,1.34315e-06,cm3/s,,,,,
340,BeD+ (v'=1) → Be (ground state) + D (ground state),BeD+ (v'=1),Be (ground state) + D (ground state),8.0,K,1.25267e-06,cm3/s,,,,,
340,BeD+ (v'=1) → Be (ground state) + D (ground state),BeD+ (v'=1),Be (ground state) + D (ground state),9.0,K,1.17538e-06,cm3/s,,,,,
340,BeD+ (v'=1) → Be (ground state) + D (ground state),BeD+ (v'=1),Be (ground state) + D (ground state),10.0,K,1.10823e-06,cm3/s,,,,,
340,BeD+ (v'=1) → Be (ground state) + D (ground state),BeD+ (v'=1),Be (ground state) + D (ground state),11.0,K,1.04921e-06,cm3/s,,,,,
340,BeD+ (v'=1) → Be (ground state) + D (ground state),BeD+ (v'=1),Be (ground state) + D (ground state),12.0,K,9.96871e-07,cm3/s,,,,,
340,BeD+ (v'=1) → Be (ground state) + D (ground state),BeD+ (v'=1),Be (ground state) + D (ground state),13.0,K,9.50162e-07,cm3/s,,,,,
340,BeD+ (v'=1) → Be (ground state) + D (ground state),BeD+ (v'=1),Be (ground state) + D (ground state),14.0,K,9.08246e-07,cm3/s,,,,,
340,BeD+ (v'=1) → Be (ground state) + D (ground state),BeD+ (v'=1),Be (ground state) + D (ground state),15.0,K,8.70463e-07,cm3/s,,,,,
340,BeD+ (v'=1) → Be (ground state) + D (ground state),BeD+ (v'=1),Be (ground state) + D (ground state),16.0,K,8.36274e-07,cm3/s,,,,,
340,BeD+ (v'=1) → Be (ground state) + D (ground state),BeD+ (v'=1),Be (ground state) + D (ground state),17.0,K,8.05226e-07,cm3/s,,,,,
340,BeD+ (v'=1) → Be (ground state) + D (ground state),BeD+ (v'=1),Be (ground state) + D (ground state),18.0,K,7.76944e-07,cm3/s,,,,,
340,BeD+ (v'=1) → Be (ground state) + D (ground state),BeD+ (v'=1),Be (ground state) + D (ground state),19.0,K,7.51103e-07,cm3/s,,,,,
340,BeD+ (v'=1) → Be (ground state) + D (ground state),BeD+ (v'=1),Be (ground state) + D (ground state),20.0,K,7.27424e-07,cm3/s,,,,,
340,BeD+ (v'=1) → Be (ground state) + D (ground state),BeD+ (v'=1),Be (ground state) + D (ground state),21.0,K,7.05665e-07,cm3/s,,,,,
340,BeD+ (v'=1) → Be (ground state) + D (ground state),BeD+ (v'=1),Be (ground state) + D (ground state),22.0,K,6.85623e-07,cm3/s,,,,,
340,BeD+ (v'=1) → Be (ground state) + D (ground state),BeD+ (v'=1),Be (ground state) + D (ground state),23.0,K,6.67119e-07,cm3/s,,,,,
340,BeD+ (v'=1) → Be (ground state) + D (ground state),BeD+ (v'=1),Be (ground state) + D (ground state),24.0,K,6.49995e-07,cm3/s,,,,,
340,BeD+ (v'=1) → Be (ground state) + D (ground state),BeD+ (v'=1),Be (ground state) + D (ground state),25.0,K,6.34109e-07,cm3/s,,,,,
340,BeD+ (v'=1) → Be (ground state) + D (ground state),BeD+ (v'=1),Be (ground state) + D (ground state),26.0,K,6.1934e-07,cm3/s,,,,,
340,BeD+ (v'=1) → Be (ground state) + D (ground state),BeD+ (v'=1),Be (ground state) + D (ground state),27.0,K,6.05579e-07,cm3/s,,,,,
340,BeD+ (v'=1) → Be (ground state) + D (ground state),BeD+ (v'=1),Be (ground state) + D (ground state),28.0,K,5.92738e-07,cm3/s,,,,,
340,BeD+ (v'=1) → Be (ground state) + D (ground state),BeD+ (v'=1),Be (ground state) + D (ground state),29.0,K,5.80724e-07,cm3/s,,,,,
340,BeD+ (v'=1) → Be (ground state) + D (ground state),BeD+ (v'=1),Be (ground state) + D (ground state),30.0,K,5.69469e-07,cm3/s,,,,,
340,BeD+ (v'=1) → Be (ground state) + D (ground state),BeD+ (v'=1),Be (ground state) + D (ground state),31.0,K,5.58899e-07,cm3/s,,,,,
340,BeD+ (v'=1) → Be (ground state) + D (ground state),BeD+ (v'=1),Be (ground state) + D (ground state),32.0,K,5.4896e-07,cm3/s,,,,,
340,BeD+ (v'=1) → Be (ground state) + D (ground state),BeD+ (v'=1),Be (ground state) + D (ground state),33.0,K,5.39596e-07,cm3/s,,,,,
340,BeD+ (v'=1) → Be (ground state) + D (ground state),BeD+ (v'=1),Be (ground state) + D (ground state),34.0,K,5.30759e-07,cm3/s,,,,,
340,BeD+ (v'=1) → Be (ground state) + D (ground state),BeD+ (v'=1),Be (ground state) + D (ground state),35.0,K,5.22408e-07,cm3/s,,,,,
340,BeD+ (v'=1) → Be (ground state) + D (ground state),BeD+ (v'=1),Be (ground state) + D (ground state),36.0,K,5.145e-07,cm3/s,,,,,
340,BeD+ (v'=1) → Be (ground state) + D (ground state),BeD+ (v'=1),Be (ground state) + D (ground state),37.0,K,5.07003e-07,cm3/s,,,,,
340,BeD+ (v'=1) → Be (ground state) + D (ground state),BeD+ (v'=1),Be (ground state) + D (ground state),38.0,K,4.99888e-07,cm3/s,,,,,
340,BeD+ (v'=1) → Be (ground state) + D (ground state),BeD+ (v'=1),Be (ground state) + D (ground state),39.0,K,4.93119e-07,cm3/s,,,,,
340,BeD+ (v'=1) → Be (ground state) + D (ground state),BeD+ (v'=1),Be (ground state) + D (ground state),40.0,K,4.86675e-07,cm3/s,,,,,
340,BeD+ (v'=1) → Be (ground state) + D (ground state),BeD+ (v'=1),Be (ground state) + D (ground state),41.0,K,4.8053e-07,cm3/s,,,,,
340,BeD+ (v'=1) → Be (ground state) + D (ground state),BeD+ (v'=1),Be (ground state) + D (ground state),42.0,K,4.74668e-07,cm3/s,,,,,
340,BeD+ (v'=1) → Be (ground state) + D (ground state),BeD+ (v'=1),Be (ground state) + D (ground state),43.0,K,4.69063e-07,cm3/s,,,,,
340,BeD+ (v'=1) → Be (ground state) + D (ground state),BeD+ (v'=1),Be (ground state) + D (ground state),44.0,K,4.63696e-07,cm3/s,,,,,
340,BeD+ (v'=1) → Be (ground state) + D (ground state),BeD+ (v'=1),Be (ground state) + D (ground state),45.0,K,4.58554e-07,cm3/s,,,,,
340,BeD+ (v'=1) → Be (ground state) + D (ground state),BeD+ (v'=1),Be (ground state) + D (ground state),46.0,K,4.53621e-07,cm3/s,,,,,
340,BeD+ (v'=1) → Be (ground state) + D (ground state),BeD+ (v'=1),Be (ground state) + D (ground state),47.0,K,4.48887e-07,cm3/s,,,,,
340,BeD+ (v'=1) → Be (ground state) + D (ground state),BeD+ (v'=1),Be (ground state) + D (ground state),48.0,K,4.44334e-07,cm3/s,,,,,
340,BeD+ (v'=1) → Be (ground state) + D (ground state),BeD+ (v'=1),Be (ground state) + D (ground state),49.0,K,4.39952e-07,cm3/s,,,,,
340,BeD+ (v'=1) → Be (ground state) + D (ground state),BeD+ (v'=1),Be (ground state) + D (ground state),50.0,K,4.35733e-07,cm3/s,,,,,
340,BeD+ (v'=1) → Be (ground state) + D (ground state),BeD+ (v'=1),Be (ground state) + D (ground state),52.0,K,4.27738e-07,cm3/s,,,,,
340,BeD+ (v'=1) → Be (ground state) + D (ground state),BeD+ (v'=1),Be (ground state) + D (ground state),54.0,K,4.20278e-07,cm3/s,,,,,
340,BeD+ (v'=1) → Be (ground state) + D (ground state),BeD+ (v'=1),Be (ground state) + D (ground state),56.0,K,4.13294e-07,cm3/s,,,,,
340,BeD+ (v'=1) → Be (ground state) + D (ground state),BeD+ (v'=1),Be (ground state) + D (ground state),58.0,K,4.06734e-07,cm3/s,,,,,
340,BeD+ (v'=1) → Be (ground state) + D (ground state),BeD+ (v'=1),Be (ground state) + D (ground state),60.0,K,4.00558e-07,cm3/s,,,,,
340,BeD+ (v'=1) → Be (ground state) + D (ground state),BeD+ (v'=1),Be (ground state) + D (ground state),62.0,K,3.94723e-07,cm3/s,,,,,
340,BeD+ (v'=1) → Be (ground state) + D (ground state),BeD+ (v'=1),Be (ground state) + D (ground state),64.0,K,3.89193e-07,cm3/s,,,,,
340,BeD+ (v'=1) → Be (ground state) + D (ground state),BeD+ (v'=1),Be (ground state) + D (ground state),66.0,K,3.83944e-07,cm3/s,,,,,
340,BeD+ (v'=1) → Be (ground state) + D (ground state),BeD+ (v'=1),Be (ground state) + D (ground state),68.0,K,3.78949e-07,cm3/s,,,,,
340,BeD+ (v'=1) → Be (ground state) + D (ground state),BeD+ (v'=1),Be (ground state) + D (ground state),70.0,K,3.74196e-07,cm3/s,,,,,
340,BeD+ (v'=1) → Be (ground state) + D (ground state),BeD+ (v'=1),Be (ground state) + D (ground state),72.0,K,3.6965e-07,cm3/s,,,,,
340,BeD+ (v'=1) → Be (ground state) + D (ground state),BeD+ (v'=1),Be (ground state) + D (ground state),74.0,K,3.65301e-07,cm3/s,,,,,
340,BeD+ (v'=1) → Be (ground state) + D (ground state),BeD+ (v'=1),Be (ground state) + D (ground state),76.0,K,3.61131e-07,cm3/s,,,,,
340,BeD+ (v'=1) → Be (ground state) + D (ground state),BeD+ (v'=1),Be (ground state) + D (ground state),78.0,K,3.57127e-07,cm3/s,,,,,
340,BeD+ (v'=1) → Be (ground state) + D (ground state),BeD+ (v'=1),Be (ground state) + D (ground state),80.0,K,3.53284e-07,cm3/s,,,,,
340,BeD+ (v'=1) → Be (ground state) + D (ground state),BeD+ (v'=1),Be (ground state) + D (ground state),82.0,K,3.49576e-07,cm3/s,,,,,
340,BeD+ (v'=1) → Be (ground state) + D (ground state),BeD+ (v'=1),Be (ground state) + D (ground state),84.0,K,3.46001e-07,cm3/s,,,,,
340,BeD+ (v'=1) → Be (ground state) + D (ground state),BeD+ (v'=1),Be (ground state) + D (ground state),86.0,K,3.42558e-07,cm3/s,,,,,
340,BeD+ (v'=1) → Be (ground state) + D (ground state),BeD+ (v'=1),Be (ground state) + D (ground state),88.0,K,3.39223e-07,cm3/s,,,,,
340,BeD+ (v'=1) → Be (ground state) + D (ground state),BeD+ (v'=1),Be (ground state) + D (ground state),90.0,K,3.36005e-07,cm3/s,,,,,
340,BeD+ (v'=1) → Be (ground state) + D (ground state),BeD+ (v'=1),Be (ground state) + D (ground state),92.0,K,3.32883e-07,cm3/s,,,,,
340,BeD+ (v'=1) → Be (ground state) + D (ground state),BeD+ (v'=1),Be (ground state) + D (ground state),94.0,K,3.29859e-07,cm3/s,,,,,
340,BeD+ (v'=1) → Be (ground state) + D (ground state),BeD+ (v'=1),Be (ground state) + D (ground state),96.0,K,3.26926e-07,cm3/s,,,,,
340,BeD+ (v'=1) → Be (ground state) + D (ground state),BeD+ (v'=1),Be (ground state) + D (ground state),98.0,K,3.2408e-07,cm3/s,,,,,
340,BeD+ (v'=1) → Be (ground state) + D (ground state),BeD+ (v'=1),Be (ground state) + D (ground state),100.0,K,3.21311e-07,cm3/s,,,,,
340,BeD+ (v'=1) → Be (ground state) + D (ground state),BeD+ (v'=1),Be (ground state) + D (ground state),110.0,K,3.08558e-07,cm3/s,,,,,
340,BeD+ (v'=1) → Be (ground state) + D (ground state),BeD+ (v'=1),Be (ground state) + D (ground state),120.0,K,2.97301e-07,cm3/s,,,,,
340,BeD+ (v'=1) → Be (ground state) + D (ground state),BeD+ (v'=1),Be (ground state) + D (ground state),130.0,K,2.87247e-07,cm3/s,,,,,
340,BeD+ (v'=1) → Be (ground state) + D (ground state),BeD+ (v'=1),Be (ground state) + D (ground state),140.0,K,2.7818e-07,cm3/s,,,,,
340,BeD+ (v'=1) → Be (ground state) + D (ground state),BeD+ (v'=1),Be (ground state) + D (ground state),150.0,K,2.69913e-07,cm3/s,,,,,
340,BeD+ (v'=1) → Be (ground state) + D (ground state),BeD+ (v'=1),Be (ground state) + D (ground state),160.0,K,2.62371e-07,cm3/s,,,,,
340,BeD+ (v'=1) → Be (ground state) + D (ground state),BeD+ (v'=1),Be (ground state) + D (ground state),170.0,K,2.55407e-07,cm3/s,,,,,
340,BeD+ (v'=1) → Be (ground state) + D (ground state),BeD+ (v'=1),Be (ground state) + D (ground state),180.0,K,2.48972e-07,cm3/s,,,,,
340,BeD+ (v'=1) → Be (ground state) + D (ground state),BeD+ (v'=1),Be (ground state) + D (ground state),190.0,K,2.42993e-07,cm3/s,,,,,
340,BeD+ (v'=1) → Be (ground state) + D (ground state),BeD+ (v'=1),Be (ground state) + D (ground state),200.0,K,2.37431e-07,cm3/s,,,,,
340,BeD+ (v'=1) → Be (ground state) + D (ground state),BeD+ (v'=1),Be (ground state) + D (ground state),210.0,K,2.32208e-07,cm3/s,,,,,
340,BeD+ (v'=1) → Be (ground state) + D (ground state),BeD+ (v'=1),Be (ground state) + D (ground state),220.0,K,2.27314e-07,cm3/s,,,,,
340,BeD+ (v'=1) → Be (ground state) + D (ground state),BeD+ (v'=1),Be (ground state) + D (ground state),230.0,K,2.22713e-07,cm3/s,,,,,
340,BeD+ (v'=1) → Be (ground state) + D (ground state),BeD+ (v'=1),Be (ground state) + D (ground state),240.0,K,2.18369e-07,cm3/s,,,,,
340,BeD+ (v'=1) → Be (ground state) + D (ground state),BeD+ (v'=1),Be (ground state) + D (ground state),250.0,K,2.14267e-07,cm3/s,,,,,
340,BeD+ (v'=1) → Be (ground state) + D (ground state),BeD+ (v'=1),Be (ground state) + D (ground state),260.0,K,2.10388e-07,cm3/s,,,,,
340,BeD+ (v'=1) → Be (ground state) + D (ground state),BeD+ (v'=1),Be (ground state) + D (ground state),270.0,K,2.06696e-07,cm3/s,,,,,
340,BeD+ (v'=1) → Be (ground state) + D (ground state),BeD+ (v'=1),Be (ground state) + D (ground state),280.0,K,2.03192e-07,cm3/s,,,,,
340,BeD+ (v'=1) → Be (ground state) + D (ground state),BeD+ (v'=1),Be (ground state) + D (ground state),290.0,K,1.9986e-07,cm3/s,,,,,
340,BeD+ (v'=1) → Be (ground state) + D (ground state),BeD+ (v'=1),Be (ground state) + D (ground state),300.0,K,1.96683e-07,cm3/s,,,,,
340,BeD+ (v'=1) → Be (ground state) + D (ground state),BeD+ (v'=1),Be (ground state) + D (ground state),320.0,K,1.90727e-07,cm3/s,,,,,
340,BeD+ (v'=1) → Be (ground state) + D (ground state),BeD+ (v'=1),Be (ground state) + D (ground state),340.0,K,1.85299e-07,cm3/s,,,,,
340,BeD+ (v'=1) → Be (ground state) + D (ground state),BeD+ (v'=1),Be (ground state) + D (ground state),360.0,K,1.80282e-07,cm3/s,,,,,
340,BeD+ (v'=1) → Be (ground state) + D (ground state),BeD+ (v'=1),Be (ground state) + D (ground state),380.0,K,1.75646e-07,cm3/s,,,,,
340,BeD+ (v'=1) → Be (ground state) + D (ground state),BeD+ (v'=1),Be (ground state) + D (ground state),400.0,K,1.71338e-07,cm3/s,,,,,
340,BeD+ (v'=1) → Be (ground state) + D (ground state),BeD+ (v'=1),Be (ground state) + D (ground state),420.0,K,1.67331e-07,cm3/s,,,,,
340,BeD+ (v'=1) → Be (ground state) + D (ground state),BeD+ (v'=1),Be (ground state) + D (ground state),440.0,K,1.63579e-07,cm3/s,,,,,
340,BeD+ (v'=1) → Be (ground state) + D (ground state),BeD+ (v'=1),Be (ground state) + D (ground state),460.0,K,1.60068e-07,cm3/s,,,,,
340,BeD+ (v'=1) → Be (ground state) + D (ground state),BeD+ (v'=1),Be (ground state) + D (ground state),480.0,K,1.56754e-07,cm3/s,,,,,
340,BeD+ (v'=1) → Be (ground state) + D (ground state),BeD+ (v'=1),Be (ground state) + D (ground state),500.0,K,1.53648e-07,cm3/s,,,,,
340,BeD+ (v'=1) → Be (ground state) + D (ground state),BeD+ (v'=1),Be (ground state) + D (ground state),520.0,K,1.50723e-07,cm3/s,,,,,
340,BeD+ (v'=1) → Be (ground state) + D (ground state),BeD+ (v'=1),Be (ground state) + D (ground state),540.0,K,1.47926e-07,cm3/s,,,,,
340,BeD+ (v'=1) → Be (ground state) + D (ground state),BeD+ (v'=1),Be (ground state) + D (ground state),560.0,K,1.45291e-07,cm3/s,,,,,
340,BeD+ (v'=1) → Be (ground state) + D (ground state),BeD+ (v'=1),Be (ground state) + D (ground state),580.0,K,1.42802e-07,cm3/s,,,,,
340,BeD+ (v'=1) → Be (ground state) + D (ground state),BeD+ (v'=1),Be (ground state) + D (ground state),600.0,K,1.40428e-07,cm3/s,,,,,
340,BeD+ (v'=1) → Be (ground state) + D (ground state),BeD+ (v'=1),Be (ground state) + D (ground state),650.0,K,1.34996e-07,cm3/s,,,,,
340,BeD+ (v'=1) → Be (ground state) + D (ground state),BeD+ (v'=1),Be (ground state) + D (ground state),700.0,K,1.30137e-07,cm3/s,,,,,
340,BeD+ (v'=1) → Be (ground state) + D (ground state),BeD+ (v'=1),Be (ground state) + D (ground state),750.0,K,1.25778e-07,cm3/s,,,,,
340,BeD+ (v'=1) → Be (ground state) + D (ground state),BeD+ (v'=1),Be (ground state) + D (ground state),800.0,K,1.21862e-07,cm3/s,,,,,
340,BeD+ (v'=1) → Be (ground state) + D (ground state),BeD+ (v'=1),Be (ground state) + D (ground state),850.0,K,1.18336e-07,cm3/s,,,,,
340,BeD+ (v'=1) → Be (ground state) + D (ground state),BeD+ (v'=1),Be (ground state) + D (ground state),900.0,K,1.15131e-07,cm3/s,,,,,
340,BeD+ (v'=1) → Be (ground state) + D (ground state),BeD+ (v'=1),Be (ground state) + D (ground state),950.0,K,1.1221e-07,cm3/s,,,,,
340,BeD+ (v'=1) → Be (ground state) + D (ground state),BeD+ (v'=1),Be (ground state) + D (ground state),1000.0,K,1.09554e-07,cm3/s,,,,,
340,BeD+ (v'=1) → Be (ground state) + D (ground state),BeD+ (v'=1),Be (ground state) + D (ground state),1100.0,K,1.04913e-07,cm3/s,,,,,
340,BeD+ (v'=1) → Be (ground state) + D (ground state),BeD+ (v'=1),Be (ground state) + D (ground state),1200.0,K,1.01002e-07,cm3/s,,,,,
340,BeD+ (v'=1) → Be (ground state) + D (ground state),BeD+ (v'=1),Be (ground state) + D (ground state),1300.0,K,9.76955e-08,cm3/s,,,,,
340,BeD+ (v'=1) → Be (ground state) + D (ground state),BeD+ (v'=1),Be (ground state) + D (ground state),1400.0,K,9.48557e-08,cm3/s,,,,,
340,BeD+ (v'=1) → Be (ground state) + D (ground state),BeD+ (v'=1),Be (ground state) + D (ground state),1500.0,K,9.24289e-08,cm3/s,,,,,
340,BeD+ (v'=1) → Be (ground state) + D (ground state),BeD+ (v'=1),Be (ground state) + D (ground state),1600.0,K,9.03102e-08,cm3/s,,,,,
340,BeD+ (v'=1) → Be (ground state) + D (ground state),BeD+ (v'=1),Be (ground state) + D (ground state),1700.0,K,8.84496e-08,cm3/s,,,,,
340,BeD+ (v'=1) → Be (ground state) + D (ground state),BeD+ (v'=1),Be (ground state) + D (ground state),1800.0,K,8.68038e-08,cm3/s,,,,,
340,BeD+ (v'=1) → Be (ground state) + D (ground state),BeD+ (v'=1),Be (ground state) + D (ground state),1900.0,K,8.53347e-08,cm3/s,,,,,
340,BeD+ (v'=1) → Be (ground state) + D (ground state),BeD+ (v'=1),Be (ground state) + D (ground state),2000.0,K,8.40127e-08,cm3/s,,,,,
340,BeD+ (v'=1) → Be (ground state) + D (ground state),BeD+ (v'=1),Be (ground state) + D (ground state),2100.0,K,8.28015e-08,cm3/s,,,,,
340,BeD+ (v'=1) → Be (ground state) + D (ground state),BeD+ (v'=1),Be (ground state) + D (ground state),2200.0,K,8.17147e-08,cm3/s,,,,,
340,BeD+ (v'=1) → Be (ground state) + D (ground state),BeD+ (v'=1),Be (ground state) + D (ground state),2300.0,K,8.06792e-08,cm3/s,,,,,
340,BeD+ (v'=1) → Be (ground state) + D (ground state),BeD+ (v'=1),Be (ground state) + D (ground state),2400.0,K,7.97279e-08,cm3/s,,,,,
340,BeD+ (v'=1) → Be (ground state) + D (ground state),BeD+ (v'=1),Be (ground state) + D (ground state),2500.0,K,7.88169e-08,cm3/s,,,,,
340,BeD+ (v'=1) → Be (ground state) + D (ground state),BeD+ (v'=1),Be (ground state) + D (ground state),2600.0,K,7.79744e-08,cm3/s,,,,,
340,BeD+ (v'=1) → Be (ground state) + D (ground state),BeD+ (v'=1),Be (ground state) + D (ground state),2700.0,K,7.7168e-08,cm3/s,,,,,
340,BeD+ (v'=1) → Be (ground state) + D (ground state),BeD+ (v'=1),Be (ground state) + D (ground state),2800.0,K,7.63918e-08,cm3/s,,,,,
340,BeD+ (v'=1) → Be (ground state) + D (ground state),BeD+ (v'=1),Be (ground state) + D (ground state),2900.0,K,7.56562e-08,cm3/s,,,,,
340,BeD+ (v'=1) → Be (ground state) + D (ground state),BeD+ (v'=1),Be (ground state) + D (ground state),3000.0,K,7.49523e-08,cm3/s,,,,,
340,BeD+ (v'=1) → Be (ground state) + D (ground state),BeD+ (v'=1),Be (ground state) + D (ground state),3100.0,K,7.42691e-08,cm3/s,,,,,
340,BeD+ (v'=1) → Be (ground state) + D (ground state),BeD+ (v'=1),Be (ground state) + D (ground state),3200.0,K,7.35951e-08,cm3/s,,,,,
340,BeD+ (v'=1) → Be (ground state) + D (ground state),BeD+ (v'=1),Be (ground state) + D (ground state),3300.0,K,7.29626e-08,cm3/s,,,,,
340,BeD+ (v'=1) → Be (ground state) + D (ground state),BeD+ (v'=1),Be (ground state) + D (ground state),3400.0,K,7.23393e-08,cm3/s,,,,,
340,BeD+ (v'=1) → Be (ground state) + D (ground state),BeD+ (v'=1),Be (ground state) + D (ground state),3500.0,K,7.17521e-08,cm3/s,,,,,
340,BeD+ (v'=1) → Be (ground state) + D (ground state),BeD+ (v'=1),Be (ground state) + D (ground state),3600.0,K,7.11427e-08,cm3/s,,,,,
340,BeD+ (v'=1) → Be (ground state) + D (ground state),BeD+ (v'=1),Be (ground state) + D (ground state),3700.0,K,7.05983e-08,cm3/s,,,,,
340,BeD+ (v'=1) → Be (ground state) + D (ground state),BeD+ (v'=1),Be (ground state) + D (ground state),3800.0,K,7.00176e-08,cm3/s,,,,,
340,BeD+ (v'=1) → Be (ground state) + D (ground state),BeD+ (v'=1),Be (ground state) + D (ground state),3900.0,K,6.94911e-08,cm3/s,,,,,
340,BeD+ (v'=1) → Be (ground state) + D (ground state),BeD+ (v'=1),Be (ground state) + D (ground state),4000.0,K,6.89646e-08,cm3/s,,,,,
340,BeD+ (v'=1) → Be (ground state) + D (ground state),BeD+ (v'=1),Be (ground state) + D (ground state),4100.0,K,6.84904e-08,cm3/s,,,,,
340,BeD+ (v'=1) → Be (ground state) + D (ground state),BeD+ (v'=1),Be (ground state) + D (ground state),4200.0,K,6.79909e-08,cm3/s,,,,,
340,BeD+ (v'=1) → Be (ground state) + D (ground state),BeD+ (v'=1),Be (ground state) + D (ground state),4300.0,K,6.75258e-08,cm3/s,,,,,
340,BeD+ (v'=1) → Be (ground state) + D (ground state),BeD+ (v'=1),Be (ground state) + D (ground state),4400.0,K,6.70852e-08,cm3/s,,,,,
340,BeD+ (v'=1) → Be (ground state) + D (ground state),BeD+ (v'=1),Be (ground state) + D (ground state),4500.0,K,6.66544e-08,cm3/s,,,,,
340,BeD+ (v'=1) → Be (ground state) + D (ground state),BeD+ (v'=1),Be (ground state) + D (ground state),4600.0,K,6.62063e-08,cm3/s,,,,,
340,BeD+ (v'=1) → Be (ground state) + D (ground state),BeD+ (v'=1),Be (ground state) + D (ground state),4700.0,K,6.57328e-08,cm3/s,,,,,
340,BeD+ (v'=1) → Be (ground state) + D (ground state),BeD+ (v'=1),Be (ground state) + D (ground state),4800.0,K,6.52838e-08,cm3/s,,,,,
340,BeD+ (v'=1) → Be (ground state) + D (ground state),BeD+ (v'=1),Be (ground state) + D (ground state),4900.0,K,6.47742e-08,cm3/s,,,,,
340,BeD+ (v'=1) → Be (ground state) + D (ground state),BeD+ (v'=1),Be (ground state) + D (ground state),5000.0,K,6.43465e-08,cm3/s,,,,,
341,BeD+ (v'=2) → Be (ground state) + D (ground state),BeD+ (v'=2),Be (ground state) + D (ground state),1.0,K,4.20769e-06,cm3/s,,,,,
341,BeD+ (v'=2) → Be (ground state) + D (ground state),BeD+ (v'=2),Be (ground state) + D (ground state),2.0,K,2.99646e-06,cm3/s,,,,,
341,BeD+ (v'=2) → Be (ground state) + D (ground state),BeD+ (v'=2),Be (ground state) + D (ground state),3.0,K,2.35647e-06,cm3/s,,,,,
341,BeD+ (v'=2) → Be (ground state) + D (ground state),BeD+ (v'=2),Be (ground state) + D (ground state),4.0,K,1.94354e-06,cm3/s,,,,,
341,BeD+ (v'=2) → Be (ground state) + D (ground state),BeD+ (v'=2),Be (ground state) + D (ground state),5.0,K,1.65827e-06,cm3/s,,,,,
341,BeD+ (v'=2) → Be (ground state) + D (ground state),BeD+ (v'=2),Be (ground state) + D (ground state),6.0,K,1.45232e-06,cm3/s,,,,,
341,BeD+ (v'=2) → Be (ground state) + D (ground state),BeD+ (v'=2),Be (ground state) + D (ground state),7.0,K,1.29821e-06,cm3/s,,,,,
341,BeD+ (v'=2) → Be (ground state) + D (ground state),BeD+ (v'=2),Be (ground state) + D (ground state),8.0,K,1.17935e-06,cm3/s,,,,,
341,BeD+ (v'=2) → Be (ground state) + D (ground state),BeD+ (v'=2),Be (ground state) + D (ground state),9.0,K,1.08529e-06,cm3/s,,,,,
341,BeD+ (v'=2) → Be (ground state) + D (ground state),BeD+ (v'=2),Be (ground state) + D (ground state),10.0,K,1.00923e-06,cm3/s,,,,,
341,BeD+ (v'=2) → Be (ground state) + D (ground state),BeD+ (v'=2),Be (ground state) + D (ground state),11.0,K,9.46582e-07,cm3/s,,,,,
341,BeD+ (v'=2) → Be (ground state) + D (ground state),BeD+ (v'=2),Be (ground state) + D (ground state),12.0,K,8.94181e-07,cm3/s,,,,,
341,BeD+ (v'=2) → Be (ground state) + D (ground state),BeD+ (v'=2),Be (ground state) + D (ground state),13.0,K,8.49759e-07,cm3/s,,,,,
341,BeD+ (v'=2) → Be (ground state) + D (ground state),BeD+ (v'=2),Be (ground state) + D (ground state),14.0,K,8.11665e-07,cm3/s,,,,,
341,BeD+ (v'=2) → Be (ground state) + D (ground state),BeD+ (v'=2),Be (ground state) + D (ground state),15.0,K,7.78661e-07,cm3/s,,,,,
341,BeD+ (v'=2) → Be (ground state) + D (ground state),BeD+ (v'=2),Be (ground state) + D (ground state),16.0,K,7.49812e-07,cm3/s,,,,,
341,BeD+ (v'=2) → Be (ground state) + D (ground state),BeD+ (v'=2),Be (ground state) + D (ground state),17.0,K,7.24388e-07,cm3/s,,,,,
341,BeD+ (v'=2) → Be (ground state) + D (ground state),BeD+ (v'=2),Be (ground state) + D (ground state),18.0,K,7.01817e-07,cm3/s,,,,,
341,BeD+ (v'=2) → Be (ground state) + D (ground state),BeD+ (v'=2),Be (ground state) + D (ground state),19.0,K,6.81646e-07,cm3/s,,,,,
341,BeD+ (v'=2) → Be (ground state) + D (ground state),BeD+ (v'=2),Be (ground state) + D (ground state),20.0,K,6.63503e-07,cm3/s,,,,,
341,BeD+ (v'=2) → Be (ground state) + D (ground state),BeD+ (v'=2),Be (ground state) + D (ground state),21.0,K,6.47098e-07,cm3/s,,,,,
341,BeD+ (v'=2) → Be (ground state) + D (ground state),BeD+ (v'=2),Be (ground state) + D (ground state),22.0,K,6.32179e-07,cm3/s,,,,,
341,BeD+ (v'=2) → Be (ground state) + D (ground state),BeD+ (v'=2),Be (ground state) + D (ground state),23.0,K,6.18546e-07,cm3/s,,,,,
341,BeD+ (v'=2) → Be (ground state) + D (ground state),BeD+ (v'=2),Be (ground state) + D (ground state),24.0,K,6.06033e-07,cm3/s,,,,,
341,BeD+ (v'=2) → Be (ground state) + D (ground state),BeD+ (v'=2),Be (ground state) + D (ground state),25.0,K,5.94494e-07,cm3/s,,,,,
341,BeD+ (v'=2) → Be (ground state) + D (ground state),BeD+ (v'=2),Be (ground state) + D (ground state),26.0,K,5.83814e-07,cm3/s,,,,,
341,BeD+ (v'=2) → Be (ground state) + D (ground state),BeD+ (v'=2),Be (ground state) + D (ground state),27.0,K,5.73889e-07,cm3/s,,,,,
341,BeD+ (v'=2) → Be (ground state) + D (ground state),BeD+ (v'=2),Be (ground state) + D (ground state),28.0,K,5.64634e-07,cm3/s,,,,,
341,BeD+ (v'=2) → Be (ground state) + D (ground state),BeD+ (v'=2),Be (ground state) + D (ground state),29.0,K,5.55976e-07,cm3/s,,,,,
341,BeD+ (v'=2) → Be (ground state) + D (ground state),BeD+ (v'=2),Be (ground state) + D (ground state),30.0,K,5.4785e-07,cm3/s,,,,,
341,BeD+ (v'=2) → Be (ground state) + D (ground state),BeD+ (v'=2),Be (ground state) + D (ground state),31.0,K,5.40198e-07,cm3/s,,,,,
341,BeD+ (v'=2) → Be (ground state) + D (ground state),BeD+ (v'=2),Be (ground state) + D (ground state),32.0,K,5.32988e-07,cm3/s,,,,,
341,BeD+ (v'=2) → Be (ground state) + D (ground state),BeD+ (v'=2),Be (ground state) + D (ground state),33.0,K,5.26157e-07,cm3/s,,,,,
341,BeD+ (v'=2) → Be (ground state) + D (ground state),BeD+ (v'=2),Be (ground state) + D (ground state),34.0,K,5.19677e-07,cm3/s,,,,,
341,BeD+ (v'=2) → Be (ground state) + D (ground state),BeD+ (v'=2),Be (ground state) + D (ground state),35.0,K,5.13532e-07,cm3/s,,,,,
341,BeD+ (v'=2) → Be (ground state) + D (ground state),BeD+ (v'=2),Be (ground state) + D (ground state),36.0,K,5.07671e-07,cm3/s,,,,,
341,BeD+ (v'=2) → Be (ground state) + D (ground state),BeD+ (v'=2),Be (ground state) + D (ground state),37.0,K,5.02075e-07,cm3/s,,,,,
341,BeD+ (v'=2) → Be (ground state) + D (ground state),BeD+ (v'=2),Be (ground state) + D (ground state),38.0,K,4.96728e-07,cm3/s,,,,,
341,BeD+ (v'=2) → Be (ground state) + D (ground state),BeD+ (v'=2),Be (ground state) + D (ground state),39.0,K,4.91609e-07,cm3/s,,,,,
341,BeD+ (v'=2) → Be (ground state) + D (ground state),BeD+ (v'=2),Be (ground state) + D (ground state),40.0,K,4.86694e-07,cm3/s,,,,,
341,BeD+ (v'=2) → Be (ground state) + D (ground state),BeD+ (v'=2),Be (ground state) + D (ground state),41.0,K,4.81982e-07,cm3/s,,,,,
341,BeD+ (v'=2) → Be (ground state) + D (ground state),BeD+ (v'=2),Be (ground state) + D (ground state),42.0,K,4.77453e-07,cm3/s,,,,,
341,BeD+ (v'=2) → Be (ground state) + D (ground state),BeD+ (v'=2),Be (ground state) + D (ground state),43.0,K,4.73091e-07,cm3/s,,,,,
341,BeD+ (v'=2) → Be (ground state) + D (ground state),BeD+ (v'=2),Be (ground state) + D (ground state),44.0,K,4.68881e-07,cm3/s,,,,,
341,BeD+ (v'=2) → Be (ground state) + D (ground state),BeD+ (v'=2),Be (ground state) + D (ground state),45.0,K,4.64814e-07,cm3/s,,,,,
341,BeD+ (v'=2) → Be (ground state) + D (ground state),BeD+ (v'=2),Be (ground state) + D (ground state),46.0,K,4.6089e-07,cm3/s,,,,,
341,BeD+ (v'=2) → Be (ground state) + D (ground state),BeD+ (v'=2),Be (ground state) + D (ground state),47.0,K,4.5709e-07,cm3/s,,,,,
341,BeD+ (v'=2) → Be (ground state) + D (ground state),BeD+ (v'=2),Be (ground state) + D (ground state),48.0,K,4.53414e-07,cm3/s,,,,,
341,BeD+ (v'=2) → Be (ground state) + D (ground state),BeD+ (v'=2),Be (ground state) + D (ground state),49.0,K,4.4985e-07,cm3/s,,,,,
341,BeD+ (v'=2) → Be (ground state) + D (ground state),BeD+ (v'=2),Be (ground state) + D (ground state),50.0,K,4.46392e-07,cm3/s,,,,,
341,BeD+ (v'=2) → Be (ground state) + D (ground state),BeD+ (v'=2),Be (ground state) + D (ground state),52.0,K,4.39776e-07,cm3/s,,,,,
341,BeD+ (v'=2) → Be (ground state) + D (ground state),BeD+ (v'=2),Be (ground state) + D (ground state),54.0,K,4.33523e-07,cm3/s,,,,,
341,BeD+ (v'=2) → Be (ground state) + D (ground state),BeD+ (v'=2),Be (ground state) + D (ground state),56.0,K,4.27597e-07,cm3/s,,,,,
341,BeD+ (v'=2) → Be (ground state) + D (ground state),BeD+ (v'=2),Be (ground state) + D (ground state),58.0,K,4.21973e-07,cm3/s,,,,,
341,BeD+ (v'=2) → Be (ground state) + D (ground state),BeD+ (v'=2),Be (ground state) + D (ground state),60.0,K,4.16611e-07,cm3/s,,,,,
341,BeD+ (v'=2) → Be (ground state) + D (ground state),BeD+ (v'=2),Be (ground state) + D (ground state),62.0,K,4.11493e-07,cm3/s,,,,,
341,BeD+ (v'=2) → Be (ground state) + D (ground state),BeD+ (v'=2),Be (ground state) + D (ground state),64.0,K,4.06615e-07,cm3/s,,,,,
341,BeD+ (v'=2) → Be (ground state) + D (ground state),BeD+ (v'=2),Be (ground state) + D (ground state),66.0,K,4.01936e-07,cm3/s,,,,,
341,BeD+ (v'=2) → Be (ground state) + D (ground state),BeD+ (v'=2),Be (ground state) + D (ground state),68.0,K,3.97445e-07,cm3/s,,,,,
341,BeD+ (v'=2) → Be (ground state) + D (ground state),BeD+ (v'=2),Be (ground state) + D (ground state),70.0,K,3.93143e-07,cm3/s,,,,,
341,BeD+ (v'=2) → Be (ground state) + D (ground state),BeD+ (v'=2),Be (ground state) + D (ground state),72.0,K,3.89001e-07,cm3/s,,,,,
341,BeD+ (v'=2) → Be (ground state) + D (ground state),BeD+ (v'=2),Be (ground state) + D (ground state),74.0,K,3.85009e-07,cm3/s,,,,,
341,BeD+ (v'=2) → Be (ground state) + D (ground state),BeD+ (v'=2),Be (ground state) + D (ground state),76.0,K,3.8116e-07,cm3/s,,,,,
341,BeD+ (v'=2) → Be (ground state) + D (ground state),BeD+ (v'=2),Be (ground state) + D (ground state),78.0,K,3.77456e-07,cm3/s,,,,,
341,BeD+ (v'=2) → Be (ground state) + D (ground state),BeD+ (v'=2),Be (ground state) + D (ground state),80.0,K,3.73874e-07,cm3/s,,,,,
341,BeD+ (v'=2) → Be (ground state) + D (ground state),BeD+ (v'=2),Be (ground state) + D (ground state),82.0,K,3.70407e-07,cm3/s,,,,,
341,BeD+ (v'=2) → Be (ground state) + D (ground state),BeD+ (v'=2),Be (ground state) + D (ground state),84.0,K,3.67054e-07,cm3/s,,,,,
341,BeD+ (v'=2) → Be (ground state) + D (ground state),BeD+ (v'=2),Be (ground state) + D (ground state),86.0,K,3.63795e-07,cm3/s,,,,,
341,BeD+ (v'=2) → Be (ground state) + D (ground state),BeD+ (v'=2),Be (ground state) + D (ground state),88.0,K,3.60649e-07,cm3/s,,,,,
341,BeD+ (v'=2) → Be (ground state) + D (ground state),BeD+ (v'=2),Be (ground state) + D (ground state),90.0,K,3.57595e-07,cm3/s,,,,,
341,BeD+ (v'=2) → Be (ground state) + D (ground state),BeD+ (v'=2),Be (ground state) + D (ground state),92.0,K,3.54625e-07,cm3/s,,,,,
341,BeD+ (v'=2) → Be (ground state) + D (ground state),BeD+ (v'=2),Be (ground state) + D (ground state),94.0,K,3.51748e-07,cm3/s,,,,,
341,BeD+ (v'=2) → Be (ground state) + D (ground state),BeD+ (v'=2),Be (ground state) + D (ground state),96.0,K,3.48943e-07,cm3/s,,,,,
341,BeD+ (v'=2) → Be (ground state) + D (ground state),BeD+ (v'=2),Be (ground state) + D (ground state),98.0,K,3.46211e-07,cm3/s,,,,,
341,BeD+ (v'=2) → Be (ground state) + D (ground state),BeD+ (v'=2),Be (ground state) + D (ground state),100.0,K,3.43563e-07,cm3/s,,,,,
341,BeD+ (v'=2) → Be (ground state) + D (ground state),BeD+ (v'=2),Be (ground state) + D (ground state),110.0,K,3.31267e-07,cm3/s,,,,,
341,BeD+ (v'=2) → Be (ground state) + D (ground state),BeD+ (v'=2),Be (ground state) + D (ground state),120.0,K,3.20374e-07,cm3/s,,,,,
341,BeD+ (v'=2) → Be (ground state) + D (ground state),BeD+ (v'=2),Be (ground state) + D (ground state),130.0,K,3.10632e-07,cm3/s,,,,,
341,BeD+ (v'=2) → Be (ground state) + D (ground state),BeD+ (v'=2),Be (ground state) + D (ground state),140.0,K,3.01837e-07,cm3/s,,,,,
341,BeD+ (v'=2) → Be (ground state) + D (ground state),BeD+ (v'=2),Be (ground state) + D (ground state),150.0,K,2.93847e-07,cm3/s,,,,,
341,BeD+ (v'=2) → Be (ground state) + D (ground state),BeD+ (v'=2),Be (ground state) + D (ground state),160.0,K,2.86555e-07,cm3/s,,,,,
341,BeD+ (v'=2) → Be (ground state) + D (ground state),BeD+ (v'=2),Be (ground state) + D (ground state),170.0,K,2.79873e-07,cm3/s,,,,,
341,BeD+ (v'=2) → Be (ground state) + D (ground state),BeD+ (v'=2),Be (ground state) + D (ground state),180.0,K,2.73692e-07,cm3/s,,,,,
341,BeD+ (v'=2) → Be (ground state) + D (ground state),BeD+ (v'=2),Be (ground state) + D (ground state),190.0,K,2.68e-07,cm3/s,,,,,
341,BeD+ (v'=2) → Be (ground state) + D (ground state),BeD+ (v'=2),Be (ground state) + D (ground state),200.0,K,2.62709e-07,cm3/s,,,,,
341,BeD+ (v'=2) → Be (ground state) + D (ground state),BeD+ (v'=2),Be (ground state) + D (ground state),210.0,K,2.57787e-07,cm3/s,,,,,
341,BeD+ (v'=2) → Be (ground state) + D (ground state),BeD+ (v'=2),Be (ground state) + D (ground state),220.0,K,2.53188e-07,cm3/s,,,,,
341,BeD+ (v'=2) → Be (ground state) + D (ground state),BeD+ (v'=2),Be (ground state) + D (ground state),230.0,K,2.48897e-07,cm3/s,,,,,
341,BeD+ (v'=2) → Be (ground state) + D (ground state),BeD+ (v'=2),Be (ground state) + D (ground state),240.0,K,2.44857e-07,cm3/s,,,,,
341,BeD+ (v'=2) → Be (ground state) + D (ground state),BeD+ (v'=2),Be (ground state) + D (ground state),250.0,K,2.41057e-07,cm3/s,,,,,
341,BeD+ (v'=2) → Be (ground state) + D (ground state),BeD+ (v'=2),Be (ground state) + D (ground state),260.0,K,2.37496e-07,cm3/s,,,,,
341,BeD+ (v'=2) → Be (ground state) + D (ground state),BeD+ (v'=2),Be (ground state) + D (ground state),270.0,K,2.34103e-07,cm3/s,,,,,
341,BeD+ (v'=2) → Be (ground state) + D (ground state),BeD+ (v'=2),Be (ground state) + D (ground state),280.0,K,2.30922e-07,cm3/s,,,,,
341,BeD+ (v'=2) → Be (ground state) + D (ground state),BeD+ (v'=2),Be (ground state) + D (ground state),290.0,K,2.27903e-07,cm3/s,,,,,
341,BeD+ (v'=2) → Be (ground state) + D (ground state),BeD+ (v'=2),Be (ground state) + D (ground state),300.0,K,2.25027e-07,cm3/s,,,,,
341,BeD+ (v'=2) → Be (ground state) + D (ground state),BeD+ (v'=2),Be (ground state) + D (ground state),320.0,K,2.19693e-07,cm3/s,,,,,
341,BeD+ (v'=2) → Be (ground state) + D (ground state),BeD+ (v'=2),Be (ground state) + D (ground state),340.0,K,2.14858e-07,cm3/s,,,,,
341,BeD+ (v'=2) → Be (ground state) + D (ground state),BeD+ (v'=2),Be (ground state) + D (ground state),360.0,K,2.10426e-07,cm3/s,,,,,
341,BeD+ (v'=2) → Be (ground state) + D (ground state),BeD+ (v'=2),Be (ground state) + D (ground state),380.0,K,2.06364e-07,cm3/s,,,,,
341,BeD+ (v'=2) → Be (ground state) + D (ground state),BeD+ (v'=2),Be (ground state) + D (ground state),400.0,K,2.02613e-07,cm3/s,,,,,
341,BeD+ (v'=2) → Be (ground state) + D (ground state),BeD+ (v'=2),Be (ground state) + D (ground state),420.0,K,1.99138e-07,cm3/s,,,,,
341,BeD+ (v'=2) → Be (ground state) + D (ground state),BeD+ (v'=2),Be (ground state) + D (ground state),440.0,K,1.95901e-07,cm3/s,,,,,
341,BeD+ (v'=2) → Be (ground state) + D (ground state),BeD+ (v'=2),Be (ground state) + D (ground state),460.0,K,1.92886e-07,cm3/s,,,,,
341,BeD+ (v'=2) → Be (ground state) + D (ground state),BeD+ (v'=2),Be (ground state) + D (ground state),480.0,K,1.90063e-07,cm3/s,,,,,
341,BeD+ (v'=2) → Be (ground state) + D (ground state),BeD+ (v'=2),Be (ground state) + D (ground state),500.0,K,1.87404e-07,cm3/s,,,,,
341,BeD+ (v'=2) → Be (ground state) + D (ground state),BeD+ (v'=2),Be (ground state) + D (ground state),520.0,K,1.8491e-07,cm3/s,,,,,
341,BeD+ (v'=2) → Be (ground state) + D (ground state),BeD+ (v'=2),Be (ground state) + D (ground state),540.0,K,1.82546e-07,cm3/s,,,,,
341,BeD+ (v'=2) → Be (ground state) + D (ground state),BeD+ (v'=2),Be (ground state) + D (ground state),560.0,K,1.80328e-07,cm3/s,,,,,
341,BeD+ (v'=2) → Be (ground state) + D (ground state),BeD+ (v'=2),Be (ground state) + D (ground state),580.0,K,1.78192e-07,cm3/s,,,,,
341,BeD+ (v'=2) → Be (ground state) + D (ground state),BeD+ (v'=2),Be (ground state) + D (ground state),600.0,K,1.76188e-07,cm3/s,,,,,
341,BeD+ (v'=2) → Be (ground state) + D (ground state),BeD+ (v'=2),Be (ground state) + D (ground state),650.0,K,1.7157e-07,cm3/s,,,,,
341,BeD+ (v'=2) → Be (ground state) + D (ground state),BeD+ (v'=2),Be (ground state) + D (ground state),700.0,K,1.67436e-07,cm3/s,,,,,
341,BeD+ (v'=2) → Be (ground state) + D (ground state),BeD+ (v'=2),Be (ground state) + D (ground state),750.0,K,1.6371e-07,cm3/s,,,,,
341,BeD+ (v'=2) → Be (ground state) + D (ground state),BeD+ (v'=2),Be (ground state) + D (ground state),800.0,K,1.60324e-07,cm3/s,,,,,
341,BeD+ (v'=2) → Be (ground state) + D (ground state),BeD+ (v'=2),Be (ground state) + D (ground state),850.0,K,1.5722e-07,cm3/s,,,,,
341,BeD+ (v'=2) → Be (ground state) + D (ground state),BeD+ (v'=2),Be (ground state) + D (ground state),900.0,K,1.54356e-07,cm3/s,,,,,
341,BeD+ (v'=2) → Be (ground state) + D (ground state),BeD+ (v'=2),Be (ground state) + D (ground state),950.0,K,1.5171e-07,cm3/s,,,,,
341,BeD+ (v'=2) → Be (ground state) + D (ground state),BeD+ (v'=2),Be (ground state) + D (ground state),1000.0,K,1.49232e-07,cm3/s,,,,,
341,BeD+ (v'=2) → Be (ground state) + D (ground state),BeD+ (v'=2),Be (ground state) + D (ground state),1100.0,K,1.44732e-07,cm3/s,,,,,
341,BeD+ (v'=2) → Be (ground state) + D (ground state),BeD+ (v'=2),Be (ground state) + D (ground state),1200.0,K,1.40735e-07,cm3/s,,,,,
341,BeD+ (v'=2) → Be (ground state) + D (ground state),BeD+ (v'=2),Be (ground state) + D (ground state),1300.0,K,1.3714e-07,cm3/s,,,,,
341,BeD+ (v'=2) → Be (ground state) + D (ground state),BeD+ (v'=2),Be (ground state) + D (ground state),1400.0,K,1.33848e-07,cm3/s,,,,,
341,BeD+ (v'=2) → Be (ground state) + D (ground state),BeD+ (v'=2),Be (ground state) + D (ground state),1500.0,K,1.30814e-07,cm3/s,,,,,
341,BeD+ (v'=2) → Be (ground state) + D (ground state),BeD+ (v'=2),Be (ground state) + D (ground state),1600.0,K,1.27993e-07,cm3/s,,,,,
341,BeD+ (v'=2) → Be (ground state) + D (ground state),BeD+ (v'=2),Be (ground state) + D (ground state),1700.0,K,1.25366e-07,cm3/s,,,,,
341,BeD+ (v'=2) → Be (ground state) + D (ground state),BeD+ (v'=2),Be (ground state) + D (ground state),1800.0,K,1.22924e-07,cm3/s,,,,,
341,BeD+ (v'=2) → Be (ground state) + D (ground state),BeD+ (v'=2),Be (ground state) + D (ground state),1900.0,K,1.20627e-07,cm3/s,,,,,
341,BeD+ (v'=2) → Be (ground state) + D (ground state),BeD+ (v'=2),Be (ground state) + D (ground state),2000.0,K,1.18513e-07,cm3/s,,,,,
341,BeD+ (v'=2) → Be (ground state) + D (ground state),BeD+ (v'=2),Be (ground state) + D (ground state),2100.0,K,1.16455e-07,cm3/s,,,,,
341,BeD+ (v'=2) → Be (ground state) + D (ground state),BeD+ (v'=2),Be (ground state) + D (ground state),2200.0,K,1.14493e-07,cm3/s,,,,,
341,BeD+ (v'=2) → Be (ground state) + D (ground state),BeD+ (v'=2),Be (ground state) + D (ground state),2300.0,K,1.12612e-07,cm3/s,,,,,
341,BeD+ (v'=2) → Be (ground state) + D (ground state),BeD+ (v'=2),Be (ground state) + D (ground state),2400.0,K,1.10836e-07,cm3/s,,,,,
341,BeD+ (v'=2) → Be (ground state) + D (ground state),BeD+ (v'=2),Be (ground state) + D (ground state),2500.0,K,1.0912e-07,cm3/s,,,,,
341,BeD+ (v'=2) → Be (ground state) + D (ground state),BeD+ (v'=2),Be (ground state) + D (ground state),2600.0,K,1.07464e-07,cm3/s,,,,,
341,BeD+ (v'=2) → Be (ground state) + D (ground state),BeD+ (v'=2),Be (ground state) + D (ground state),2700.0,K,1.05915e-07,cm3/s,,,,,
341,BeD+ (v'=2) → Be (ground state) + D (ground state),BeD+ (v'=2),Be (ground state) + D (ground state),2800.0,K,1.04422e-07,cm3/s,,,,,
341,BeD+ (v'=2) → Be (ground state) + D (ground state),BeD+ (v'=2),Be (ground state) + D (ground state),2900.0,K,1.02987e-07,cm3/s,,,,,
341,BeD+ (v'=2) → Be (ground state) + D (ground state),BeD+ (v'=2),Be (ground state) + D (ground state),3000.0,K,1.01583e-07,cm3/s,,,,,
341,BeD+ (v'=2) → Be (ground state) + D (ground state),BeD+ (v'=2),Be (ground state) + D (ground state),3100.0,K,1.00216e-07,cm3/s,,,,,
341,BeD+ (v'=2) → Be (ground state) + D (ground state),BeD+ (v'=2),Be (ground state) + D (ground state),3200.0,K,9.89024e-08,cm3/s,,,,,
341,BeD+ (v'=2) → Be (ground state) + D (ground state),BeD+ (v'=2),Be (ground state) + D (ground state),3300.0,K,9.76382e-08,cm3/s,,,,,
341,BeD+ (v'=2) → Be (ground state) + D (ground state),BeD+ (v'=2),Be (ground state) + D (ground state),3400.0,K,9.64032e-08,cm3/s,,,,,
341,BeD+ (v'=2) → Be (ground state) + D (ground state),BeD+ (v'=2),Be (ground state) + D (ground state),3500.0,K,9.5218e-08,cm3/s,,,,,
341,BeD+ (v'=2) → Be (ground state) + D (ground state),BeD+ (v'=2),Be (ground state) + D (ground state),3600.0,K,9.40792e-08,cm3/s,,,,,
341,BeD+ (v'=2) → Be (ground state) + D (ground state),BeD+ (v'=2),Be (ground state) + D (ground state),3700.0,K,9.29648e-08,cm3/s,,,,,
341,BeD+ (v'=2) → Be (ground state) + D (ground state),BeD+ (v'=2),Be (ground state) + D (ground state),3800.0,K,9.1913e-08,cm3/s,,,,,
341,BeD+ (v'=2) → Be (ground state) + D (ground state),BeD+ (v'=2),Be (ground state) + D (ground state),3900.0,K,9.08569e-08,cm3/s,,,,,
341,BeD+ (v'=2) → Be (ground state) + D (ground state),BeD+ (v'=2),Be (ground state) + D (ground state),4000.0,K,8.98801e-08,cm3/s,,,,,
341,BeD+ (v'=2) → Be (ground state) + D (ground state),BeD+ (v'=2),Be (ground state) + D (ground state),4100.0,K,8.88723e-08,cm3/s,,,,,
341,BeD+ (v'=2) → Be (ground state) + D (ground state),BeD+ (v'=2),Be (ground state) + D (ground state),4200.0,K,8.79221e-08,cm3/s,,,,,
341,BeD+ (v'=2) → Be (ground state) + D (ground state),BeD+ (v'=2),Be (ground state) + D (ground state),4300.0,K,8.69749e-08,cm3/s,,,,,
341,BeD+ (v'=2) → Be (ground state) + D (ground state),BeD+ (v'=2),Be (ground state) + D (ground state),4400.0,K,8.60542e-08,cm3/s,,,,,
341,BeD+ (v'=2) → Be (ground state) + D (ground state),BeD+ (v'=2),Be (ground state) + D (ground state),4500.0,K,8.5133e-08,cm3/s,,,,,
341,BeD+ (v'=2) → Be (ground state) + D (ground state),BeD+ (v'=2),Be (ground state) + D (ground state),4600.0,K,8.42913e-08,cm3/s,,,,,
341,BeD+ (v'=2) → Be (ground state) + D (ground state),BeD+ (v'=2),Be (ground state) + D (ground state),4700.0,K,8.34017e-08,cm3/s,,,,,
341,BeD+ (v'=2) → Be (ground state) + D (ground state),BeD+ (v'=2),Be (ground state) + D (ground state),4800.0,K,8.25871e-08,cm3/s,,,,,
341,BeD+ (v'=2) → Be (ground state) + D (ground state),BeD+ (v'=2),Be (ground state) + D (ground state),4900.0,K,8.17709e-08,cm3/s,,,,,
341,BeD+ (v'=2) → Be (ground state) + D (ground state),BeD+ (v'=2),Be (ground state) + D (ground state),5000.0,K,8.09838e-08,cm3/s,,,,,
342,BeD+ (v'=3) → Be (ground state) + D (ground state),BeD+ (v'=3),Be (ground state) + D (ground state),1.0,K,3.41974e-06,cm3/s,,,,,
342,BeD+ (v'=3) → Be (ground state) + D (ground state),BeD+ (v'=3),Be (ground state) + D (ground state),2.0,K,2.49623e-06,cm3/s,,,,,
342,BeD+ (v'=3) → Be (ground state) + D (ground state),BeD+ (v'=3),Be (ground state) + D (ground state),3.0,K,2.06267e-06,cm3/s,,,,,
342,BeD+ (v'=3) → Be (ground state) + D (ground state),BeD+ (v'=3),Be (ground state) + D (ground state),4.0,K,1.79873e-06,cm3/s,,,,,
342,BeD+ (v'=3) → Be (ground state) + D (ground state),BeD+ (v'=3),Be (ground state) + D (ground state),5.0,K,1.61666e-06,cm3/s,,,,,
342,BeD+ (v'=3) → Be (ground state) + D (ground state),BeD+ (v'=3),Be (ground state) + D (ground state),6.0,K,1.48137e-06,cm3/s,,,,,
342,BeD+ (v'=3) → Be (ground state) + D (ground state),BeD+ (v'=3),Be (ground state) + D (ground state),7.0,K,1.37576e-06,cm3/s,,,,,
342,BeD+ (v'=3) → Be (ground state) + D (ground state),BeD+ (v'=3),Be (ground state) + D (ground state),8.0,K,1.29035e-06,cm3/s,,,,,
342,BeD+ (v'=3) → Be (ground state) + D (ground state),BeD+ (v'=3),Be (ground state) + D (ground state),9.0,K,1.21943e-06,cm3/s,,,,,
342,BeD+ (v'=3) → Be (ground state) + D (ground state),BeD+ (v'=3),Be (ground state) + D (ground state),10.0,K,1.15931e-06,cm3/s,,,,,
342,BeD+ (v'=3) → Be (ground state) + D (ground state),BeD+ (v'=3),Be (ground state) + D (ground state),11.0,K,1.1075e-06,cm3/s,,,,,
342,BeD+ (v'=3) → Be (ground state) + D (ground state),BeD+ (v'=3),Be (ground state) + D (ground state),12.0,K,1.06225e-06,cm3/s,,,,,
342,BeD+ (v'=3) → Be (ground state) + D (ground state),BeD+ (v'=3),Be (ground state) + D (ground state),13.0,K,1.02226e-06,cm3/s,,,,,
342,BeD+ (v'=3) → Be (ground state) + D (ground state),BeD+ (v'=3),Be (ground state) + D (ground state),14.0,K,9.86603e-07,cm3/s,,,,,
342,BeD+ (v'=3) → Be (ground state) + D (ground state),BeD+ (v'=3),Be (ground state) + D (ground state),15.0,K,9.54533e-07,cm3/s,,,,,
342,BeD+ (v'=3) → Be (ground state) + D (ground state),BeD+ (v'=3),Be (ground state) + D (ground state),16.0,K,9.25489e-07,cm3/s,,,,,
342,BeD+ (v'=3) → Be (ground state) + D (ground state),BeD+ (v'=3),Be (ground state) + D (ground state),17.0,K,8.99015e-07,cm3/s,,,,,
342,BeD+ (v'=3) → Be (ground state) + D (ground state),BeD+ (v'=3),Be (ground state) + D (ground state),18.0,K,8.74752e-07,cm3/s,,,,,
342,BeD+ (v'=3) → Be (ground state) + D (ground state),BeD+ (v'=3),Be (ground state) + D (ground state),19.0,K,8.52413e-07,cm3/s,,,,,
342,BeD+ (v'=3) → Be (ground state) + D (ground state),BeD+ (v'=3),Be (ground state) + D (ground state),20.0,K,8.31742e-07,cm3/s,,,,,
342,BeD+ (v'=3) → Be (ground state) + D (ground state),BeD+ (v'=3),Be (ground state) + D (ground state),21.0,K,8.12548e-07,cm3/s,,,,,
342,BeD+ (v'=3) → Be (ground state) + D (ground state),BeD+ (v'=3),Be (ground state) + D (ground state),22.0,K,7.94658e-07,cm3/s,,,,,
342,BeD+ (v'=3) → Be (ground state) + D (ground state),BeD+ (v'=3),Be (ground state) + D (ground state),23.0,K,7.7793e-07,cm3/s,,,,,
342,BeD+ (v'=3) → Be (ground state) + D (ground state),BeD+ (v'=3),Be (ground state) + D (ground state),24.0,K,7.62237e-07,cm3/s,,,,,
342,BeD+ (v'=3) → Be (ground state) + D (ground state),BeD+ (v'=3),Be (ground state) + D (ground state),25.0,K,7.4748e-07,cm3/s,,,,,
342,BeD+ (v'=3) → Be (ground state) + D (ground state),BeD+ (v'=3),Be (ground state) + D (ground state),26.0,K,7.33567e-07,cm3/s,,,,,
342,BeD+ (v'=3) → Be (ground state) + D (ground state),BeD+ (v'=3),Be (ground state) + D (ground state),27.0,K,7.20419e-07,cm3/s,,,,,
342,BeD+ (v'=3) → Be (ground state) + D (ground state),BeD+ (v'=3),Be (ground state) + D (ground state),28.0,K,7.07968e-07,cm3/s,,,,,
342,BeD+ (v'=3) → Be (ground state) + D (ground state),BeD+ (v'=3),Be (ground state) + D (ground state),29.0,K,6.96151e-07,cm3/s,,,,,
342,BeD+ (v'=3) → Be (ground state) + D (ground state),BeD+ (v'=3),Be (ground state) + D (ground state),30.0,K,6.84924e-07,cm3/s,,,,,
342,BeD+ (v'=3) → Be (ground state) + D (ground state),BeD+ (v'=3),Be (ground state) + D (ground state),31.0,K,6.74222e-07,cm3/s,,,,,
342,BeD+ (v'=3) → Be (ground state) + D (ground state),BeD+ (v'=3),Be (ground state) + D (ground state),32.0,K,6.64013e-07,cm3/s,,,,,
342,BeD+ (v'=3) → Be (ground state) + D (ground state),BeD+ (v'=3),Be (ground state) + D (ground state),33.0,K,6.54262e-07,cm3/s,,,,,
342,BeD+ (v'=3) → Be (ground state) + D (ground state),BeD+ (v'=3),Be (ground state) + D (ground state),34.0,K,6.44937e-07,cm3/s,,,,,
342,BeD+ (v'=3) → Be (ground state) + D (ground state),BeD+ (v'=3),Be (ground state) + D (ground state),35.0,K,6.36005e-07,cm3/s,,,,,
342,BeD+ (v'=3) → Be (ground state) + D (ground state),BeD+ (v'=3),Be (ground state) + D (ground state),36.0,K,6.27447e-07,cm3/s,,,,,
342,BeD+ (v'=3) → Be (ground state) + D (ground state),BeD+ (v'=3),Be (ground state) + D (ground state),37.0,K,6.19222e-07,cm3/s,,,,,
342,BeD+ (v'=3) → Be (ground state) + D (ground state),BeD+ (v'=3),Be (ground state) + D (ground state),38.0,K,6.11318e-07,cm3/s,,,,,
342,BeD+ (v'=3) → Be (ground state) + D (ground state),BeD+ (v'=3),Be (ground state) + D (ground state),39.0,K,6.0371e-07,cm3/s,,,,,
342,BeD+ (v'=3) → Be (ground state) + D (ground state),BeD+ (v'=3),Be (ground state) + D (ground state),40.0,K,5.96387e-07,cm3/s,,,,,
342,BeD+ (v'=3) → Be (ground state) + D (ground state),BeD+ (v'=3),Be (ground state) + D (ground state),41.0,K,5.89327e-07,cm3/s,,,,,
342,BeD+ (v'=3) → Be (ground state) + D (ground state),BeD+ (v'=3),Be (ground state) + D (ground state),42.0,K,5.8251e-07,cm3/s,,,,,
342,BeD+ (v'=3) → Be (ground state) + D (ground state),BeD+ (v'=3),Be (ground state) + D (ground state),43.0,K,5.75934e-07,cm3/s,,,,,
342,BeD+ (v'=3) → Be (ground state) + D (ground state),BeD+ (v'=3),Be (ground state) + D (ground state),44.0,K,5.69581e-07,cm3/s,,,,,
342,BeD+ (v'=3) → Be (ground state) + D (ground state),BeD+ (v'=3),Be (ground state) + D (ground state),45.0,K,5.63438e-07,cm3/s,,,,,
342,BeD+ (v'=3) → Be (ground state) + D (ground state),BeD+ (v'=3),Be (ground state) + D (ground state),46.0,K,5.5749e-07,cm3/s,,,,,
342,BeD+ (v'=3) → Be (ground state) + D (ground state),BeD+ (v'=3),Be (ground state) + D (ground state),47.0,K,5.51731e-07,cm3/s,,,,,
342,BeD+ (v'=3) → Be (ground state) + D (ground state),BeD+ (v'=3),Be (ground state) + D (ground state),48.0,K,5.46149e-07,cm3/s,,,,,
342,BeD+ (v'=3) → Be (ground state) + D (ground state),BeD+ (v'=3),Be (ground state) + D (ground state),49.0,K,5.40741e-07,cm3/s,,,,,
342,BeD+ (v'=3) → Be (ground state) + D (ground state),BeD+ (v'=3),Be (ground state) + D (ground state),50.0,K,5.3549e-07,cm3/s,,,,,
342,BeD+ (v'=3) → Be (ground state) + D (ground state),BeD+ (v'=3),Be (ground state) + D (ground state),52.0,K,5.25447e-07,cm3/s,,,,,
342,BeD+ (v'=3) → Be (ground state) + D (ground state),BeD+ (v'=3),Be (ground state) + D (ground state),54.0,K,5.15952e-07,cm3/s,,,,,
342,BeD+ (v'=3) → Be (ground state) + D (ground state),BeD+ (v'=3),Be (ground state) + D (ground state),56.0,K,5.06983e-07,cm3/s,,,,,
342,BeD+ (v'=3) → Be (ground state) + D (ground state),BeD+ (v'=3),Be (ground state) + D (ground state),58.0,K,4.98474e-07,cm3/s,,,,,
342,BeD+ (v'=3) → Be (ground state) + D (ground state),BeD+ (v'=3),Be (ground state) + D (ground state),60.0,K,4.90398e-07,cm3/s,,,,,
342,BeD+ (v'=3) → Be (ground state) + D (ground state),BeD+ (v'=3),Be (ground state) + D (ground state),62.0,K,4.82719e-07,cm3/s,,,,,
342,BeD+ (v'=3) → Be (ground state) + D (ground state),BeD+ (v'=3),Be (ground state) + D (ground state),64.0,K,4.75396e-07,cm3/s,,,,,
342,BeD+ (v'=3) → Be (ground state) + D (ground state),BeD+ (v'=3),Be (ground state) + D (ground state),66.0,K,4.68415e-07,cm3/s,,,,,
342,BeD+ (v'=3) → Be (ground state) + D (ground state),BeD+ (v'=3),Be (ground state) + D (ground state),68.0,K,4.61748e-07,cm3/s,,,,,
342,BeD+ (v'=3) → Be (ground state) + D (ground state),BeD+ (v'=3),Be (ground state) + D (ground state),70.0,K,4.55365e-07,cm3/s,,,,,
342,BeD+ (v'=3) → Be (ground state) + D (ground state),BeD+ (v'=3),Be (ground state) + D (ground state),72.0,K,4.49257e-07,cm3/s,,,,,
342,BeD+ (v'=3) → Be (ground state) + D (ground state),BeD+ (v'=3),Be (ground state) + D (ground state),74.0,K,4.43402e-07,cm3/s,,,,,
342,BeD+ (v'=3) → Be (ground state) + D (ground state),BeD+ (v'=3),Be (ground state) + D (ground state),76.0,K,4.3778e-07,cm3/s,,,,,
342,BeD+ (v'=3) → Be (ground state) + D (ground state),BeD+ (v'=3),Be (ground state) + D (ground state),78.0,K,4.32383e-07,cm3/s,,,,,
342,BeD+ (v'=3) → Be (ground state) + D (ground state),BeD+ (v'=3),Be (ground state) + D (ground state),80.0,K,4.27191e-07,cm3/s,,,,,
342,BeD+ (v'=3) → Be (ground state) + D (ground state),BeD+ (v'=3),Be (ground state) + D (ground state),82.0,K,4.22197e-07,cm3/s,,,,,
342,BeD+ (v'=3) → Be (ground state) + D (ground state),BeD+ (v'=3),Be (ground state) + D (ground state),84.0,K,4.1738e-07,cm3/s,,,,,
342,BeD+ (v'=3) → Be (ground state) + D (ground state),BeD+ (v'=3),Be (ground state) + D (ground state),86.0,K,4.12731e-07,cm3/s,,,,,
342,BeD+ (v'=3) → Be (ground state) + D (ground state),BeD+ (v'=3),Be (ground state) + D (ground state),88.0,K,4.08247e-07,cm3/s,,,,,
342,BeD+ (v'=3) → Be (ground state) + D (ground state),BeD+ (v'=3),Be (ground state) + D (ground state),90.0,K,4.03928e-07,cm3/s,,,,,
342,BeD+ (v'=3) → Be (ground state) + D (ground state),BeD+ (v'=3),Be (ground state) + D (ground state),92.0,K,3.99752e-07,cm3/s,,,,,
342,BeD+ (v'=3) → Be (ground state) + D (ground state),BeD+ (v'=3),Be (ground state) + D (ground state),94.0,K,3.95707e-07,cm3/s,,,,,
342,BeD+ (v'=3) → Be (ground state) + D (ground state),BeD+ (v'=3),Be (ground state) + D (ground state),96.0,K,3.9179e-07,cm3/s,,,,,
342,BeD+ (v'=3) → Be (ground state) + D (ground state),BeD+ (v'=3),Be (ground state) + D (ground state),98.0,K,3.87997e-07,cm3/s,,,,,
342,BeD+ (v'=3) → Be (ground state) + D (ground state),BeD+ (v'=3),Be (ground state) + D (ground state),100.0,K,3.84314e-07,cm3/s,,,,,
342,BeD+ (v'=3) → Be (ground state) + D (ground state),BeD+ (v'=3),Be (ground state) + D (ground state),110.0,K,3.67519e-07,cm3/s,,,,,
342,BeD+ (v'=3) → Be (ground state) + D (ground state),BeD+ (v'=3),Be (ground state) + D (ground state),120.0,K,3.52901e-07,cm3/s,,,,,
342,BeD+ (v'=3) → Be (ground state) + D (ground state),BeD+ (v'=3),Be (ground state) + D (ground state),130.0,K,3.40049e-07,cm3/s,,,,,
342,BeD+ (v'=3) → Be (ground state) + D (ground state),BeD+ (v'=3),Be (ground state) + D (ground state),140.0,K,3.28632e-07,cm3/s,,,,,
342,BeD+ (v'=3) → Be (ground state) + D (ground state),BeD+ (v'=3),Be (ground state) + D (ground state),150.0,K,3.18395e-07,cm3/s,,,,,
342,BeD+ (v'=3) → Be (ground state) + D (ground state),BeD+ (v'=3),Be (ground state) + D (ground state),160.0,K,3.09169e-07,cm3/s,,,,,
342,BeD+ (v'=3) → Be (ground state) + D (ground state),BeD+ (v'=3),Be (ground state) + D (ground state),170.0,K,3.00777e-07,cm3/s,,,,,
342,BeD+ (v'=3) → Be (ground state) + D (ground state),BeD+ (v'=3),Be (ground state) + D (ground state),180.0,K,2.9311e-07,cm3/s,,,,,
342,BeD+ (v'=3) → Be (ground state) + D (ground state),BeD+ (v'=3),Be (ground state) + D (ground state),190.0,K,2.86077e-07,cm3/s,,,,,
342,BeD+ (v'=3) → Be (ground state) + D (ground state),BeD+ (v'=3),Be (ground state) + D (ground state),200.0,K,2.79577e-07,cm3/s,,,,,
342,BeD+ (v'=3) → Be (ground state) + D (ground state),BeD+ (v'=3),Be (ground state) + D (ground state),210.0,K,2.73559e-07,cm3/s,,,,,
342,BeD+ (v'=3) → Be (ground state) + D (ground state),BeD+ (v'=3),Be (ground state) + D (ground state),220.0,K,2.67967e-07,cm3/s,,,,,
342,BeD+ (v'=3) → Be (ground state) + D (ground state),BeD+ (v'=3),Be (ground state) + D (ground state),230.0,K,2.62738e-07,cm3/s,,,,,
342,BeD+ (v'=3) → Be (ground state) + D (ground state),BeD+ (v'=3),Be (ground state) + D (ground state),240.0,K,2.57866e-07,cm3/s,,,,,
342,BeD+ (v'=3) → Be (ground state) + D (ground state),BeD+ (v'=3),Be (ground state) + D (ground state),250.0,K,2.53292e-07,cm3/s,,,,,
342,BeD+ (v'=3) → Be (ground state) + D (ground state),BeD+ (v'=3),Be (ground state) + D (ground state),260.0,K,2.48989e-07,cm3/s,,,,,
342,BeD+ (v'=3) → Be (ground state) + D (ground state),BeD+ (v'=3),Be (ground state) + D (ground state),270.0,K,2.44932e-07,cm3/s,,,,,
342,BeD+ (v'=3) → Be (ground state) + D (ground state),BeD+ (v'=3),Be (ground state) + D (ground state),280.0,K,2.4109e-07,cm3/s,,,,,
342,BeD+ (v'=3) → Be (ground state) + D (ground state),BeD+ (v'=3),Be (ground state) + D (ground state),290.0,K,2.37485e-07,cm3/s,,,,,
342,BeD+ (v'=3) → Be (ground state) + D (ground state),BeD+ (v'=3),Be (ground state) + D (ground state),300.0,K,2.34042e-07,cm3/s,,,,,
342,BeD+ (v'=3) → Be (ground state) + D (ground state),BeD+ (v'=3),Be (ground state) + D (ground state),320.0,K,2.27663e-07,cm3/s,,,,,
342,BeD+ (v'=3) → Be (ground state) + D (ground state),BeD+ (v'=3),Be (ground state) + D (ground state),340.0,K,2.21869e-07,cm3/s,,,,,
342,BeD+ (v'=3) → Be (ground state) + D (ground state),BeD+ (v'=3),Be (ground state) + D (ground state),360.0,K,2.16566e-07,cm3/s,,,,,
342,BeD+ (v'=3) → Be (ground state) + D (ground state),BeD+ (v'=3),Be (ground state) + D (ground state),380.0,K,2.11698e-07,cm3/s,,,,,
342,BeD+ (v'=3) → Be (ground state) + D (ground state),BeD+ (v'=3),Be (ground state) + D (ground state),400.0,K,2.07201e-07,cm3/s,,,,,
342,BeD+ (v'=3) → Be (ground state) + D (ground state),BeD+ (v'=3),Be (ground state) + D (ground state),420.0,K,2.0304e-07,cm3/s,,,,,
342,BeD+ (v'=3) → Be (ground state) + D (ground state),BeD+ (v'=3),Be (ground state) + D (ground state),440.0,K,1.9914e-07,cm3/s,,,,,
342,BeD+ (v'=3) → Be (ground state) + D (ground state),BeD+ (v'=3),Be (ground state) + D (ground state),460.0,K,1.95522e-07,cm3/s,,,,,
342,BeD+ (v'=3) → Be (ground state) + D (ground state),BeD+ (v'=3),Be (ground state) + D (ground state),480.0,K,1.92123e-07,cm3/s,,,,,
342,BeD+ (v'=3) → Be (ground state) + D (ground state),BeD+ (v'=3),Be (ground state) + D (ground state),500.0,K,1.88923e-07,cm3/s,,,,,
342,BeD+ (v'=3) → Be (ground state) + D (ground state),BeD+ (v'=3),Be (ground state) + D (ground state),520.0,K,1.85906e-07,cm3/s,,,,,
342,BeD+ (v'=3) → Be (ground state) + D (ground state),BeD+ (v'=3),Be (ground state) + D (ground state),540.0,K,1.83053e-07,cm3/s,,,,,
342,BeD+ (v'=3) → Be (ground state) + D (ground state),BeD+ (v'=3),Be (ground state) + D (ground state),560.0,K,1.80341e-07,cm3/s,,,,,
342,BeD+ (v'=3) → Be (ground state) + D (ground state),BeD+ (v'=3),Be (ground state) + D (ground state),580.0,K,1.77793e-07,cm3/s,,,,,
342,BeD+ (v'=3) → Be (ground state) + D (ground state),BeD+ (v'=3),Be (ground state) + D (ground state),600.0,K,1.75338e-07,cm3/s,,,,,
342,BeD+ (v'=3) → Be (ground state) + D (ground state),BeD+ (v'=3),Be (ground state) + D (ground state),650.0,K,1.6972e-07,cm3/s,,,,,
342,BeD+ (v'=3) → Be (ground state) + D (ground state),BeD+ (v'=3),Be (ground state) + D (ground state),700.0,K,1.64663e-07,cm3/s,,,,,
342,BeD+ (v'=3) → Be (ground state) + D (ground state),BeD+ (v'=3),Be (ground state) + D (ground state),750.0,K,1.60103e-07,cm3/s,,,,,
342,BeD+ (v'=3) → Be (ground state) + D (ground state),BeD+ (v'=3),Be (ground state) + D (ground state),800.0,K,1.55936e-07,cm3/s,,,,,
342,BeD+ (v'=3) → Be (ground state) + D (ground state),BeD+ (v'=3),Be (ground state) + D (ground state),850.0,K,1.52133e-07,cm3/s,,,,,
342,BeD+ (v'=3) → Be (ground state) + D (ground state),BeD+ (v'=3),Be (ground state) + D (ground state),900.0,K,1.48614e-07,cm3/s,,,,,
342,BeD+ (v'=3) → Be (ground state) + D (ground state),BeD+ (v'=3),Be (ground state) + D (ground state),950.0,K,1.45368e-07,cm3/s,,,,,
342,BeD+ (v'=3) → Be (ground state) + D (ground state),BeD+ (v'=3),Be (ground state) + D (ground state),1000.0,K,1.42339e-07,cm3/s,,,,,
342,BeD+ (v'=3) → Be (ground state) + D (ground state),BeD+ (v'=3),Be (ground state) + D (ground state),1100.0,K,1.36868e-07,cm3/s,,,,,
342,BeD+ (v'=3) → Be (ground state) + D (ground state),BeD+ (v'=3),Be (ground state) + D (ground state),1200.0,K,1.32073e-07,cm3/s,,,,,
342,BeD+ (v'=3) → Be (ground state) + D (ground state),BeD+ (v'=3),Be (ground state) + D (ground state),1300.0,K,1.27771e-07,cm3/s,,,,,
342,BeD+ (v'=3) → Be (ground state) + D (ground state),BeD+ (v'=3),Be (ground state) + D (ground state),1400.0,K,1.23907e-07,cm3/s,,,,,
342,BeD+ (v'=3) → Be (ground state) + D (ground state),BeD+ (v'=3),Be (ground state) + D (ground state),1500.0,K,1.20405e-07,cm3/s,,,,,
342,BeD+ (v'=3) → Be (ground state) + D (ground state),BeD+ (v'=3),Be (ground state) + D (ground state),1600.0,K,1.17231e-07,cm3/s,,,,,
342,BeD+ (v'=3) → Be (ground state) + D (ground state),BeD+ (v'=3),Be (ground state) + D (ground state),1700.0,K,1.14311e-07,cm3/s,,,,,
342,BeD+ (v'=3) → Be (ground state) + D (ground state),BeD+ (v'=3),Be (ground state) + D (ground state),1800.0,K,1.11629e-07,cm3/s,,,,,
342,BeD+ (v'=3) → Be (ground state) + D (ground state),BeD+ (v'=3),Be (ground state) + D (ground state),1900.0,K,1.09129e-07,cm3/s,,,,,
342,BeD+ (v'=3) → Be (ground state) + D (ground state),BeD+ (v'=3),Be (ground state) + D (ground state),2000.0,K,1.06809e-07,cm3/s,,,,,
342,BeD+ (v'=3) → Be (ground state) + D (ground state),BeD+ (v'=3),Be (ground state) + D (ground state),2100.0,K,1.0466e-07,cm3/s,,,,,
342,BeD+ (v'=3) → Be (ground state) + D (ground state),BeD+ (v'=3),Be (ground state) + D (ground state),2200.0,K,1.02641e-07,cm3/s,,,,,
342,BeD+ (v'=3) → Be (ground state) + D (ground state),BeD+ (v'=3),Be (ground state) + D (ground state),2300.0,K,1.00773e-07,cm3/s,,,,,
342,BeD+ (v'=3) → Be (ground state) + D (ground state),BeD+ (v'=3),Be (ground state) + D (ground state),2400.0,K,9.90357e-08,cm3/s,,,,,
342,BeD+ (v'=3) → Be (ground state) + D (ground state),BeD+ (v'=3),Be (ground state) + D (ground state),2500.0,K,9.73806e-08,cm3/s,,,,,
342,BeD+ (v'=3) → Be (ground state) + D (ground state),BeD+ (v'=3),Be (ground state) + D (ground state),2600.0,K,9.58127e-08,cm3/s,,,,,
342,BeD+ (v'=3) → Be (ground state) + D (ground state),BeD+ (v'=3),Be (ground state) + D (ground state),2700.0,K,9.43364e-08,cm3/s,,,,,
342,BeD+ (v'=3) → Be (ground state) + D (ground state),BeD+ (v'=3),Be (ground state) + D (ground state),2800.0,K,9.29018e-08,cm3/s,,,,,
342,BeD+ (v'=3) → Be (ground state) + D (ground state),BeD+ (v'=3),Be (ground state) + D (ground state),2900.0,K,9.15538e-08,cm3/s,,,,,
342,BeD+ (v'=3) → Be (ground state) + D (ground state),BeD+ (v'=3),Be (ground state) + D (ground state),3000.0,K,9.03256e-08,cm3/s,,,,,
342,BeD+ (v'=3) → Be (ground state) + D (ground state),BeD+ (v'=3),Be (ground state) + D (ground state),3100.0,K,8.91143e-08,cm3/s,,,,,
342,BeD+ (v'=3) → Be (ground state) + D (ground state),BeD+ (v'=3),Be (ground state) + D (ground state),3200.0,K,8.79461e-08,cm3/s,,,,,
342,BeD+ (v'=3) → Be (ground state) + D (ground state),BeD+ (v'=3),Be (ground state) + D (ground state),3300.0,K,8.67871e-08,cm3/s,,,,,
342,BeD+ (v'=3) → Be (ground state) + D (ground state),BeD+ (v'=3),Be (ground state) + D (ground state),3400.0,K,8.57104e-08,cm3/s,,,,,
342,BeD+ (v'=3) → Be (ground state) + D (ground state),BeD+ (v'=3),Be (ground state) + D (ground state),3500.0,K,8.4683e-08,cm3/s,,,,,
342,BeD+ (v'=3) → Be (ground state) + D (ground state),BeD+ (v'=3),Be (ground state) + D (ground state),3600.0,K,8.36772e-08,cm3/s,,,,,
342,BeD+ (v'=3) → Be (ground state) + D (ground state),BeD+ (v'=3),Be (ground state) + D (ground state),3700.0,K,8.27109e-08,cm3/s,,,,,
342,BeD+ (v'=3) → Be (ground state) + D (ground state),BeD+ (v'=3),Be (ground state) + D (ground state),3800.0,K,8.17796e-08,cm3/s,,,,,
342,BeD+ (v'=3) → Be (ground state) + D (ground state),BeD+ (v'=3),Be (ground state) + D (ground state),3900.0,K,8.08948e-08,cm3/s,,,,,
342,BeD+ (v'=3) → Be (ground state) + D (ground state),BeD+ (v'=3),Be (ground state) + D (ground state),4000.0,K,8.00243e-08,cm3/s,,,,,
342,BeD+ (v'=3) → Be (ground state) + D (ground state),BeD+ (v'=3),Be (ground state) + D (ground state),4100.0,K,7.91448e-08,cm3/s,,,,,
342,BeD+ (v'=3) → Be (ground state) + D (ground state),BeD+ (v'=3),Be (ground state) + D (ground state),4200.0,K,7.83194e-08,cm3/s,,,,,
342,BeD+ (v'=3) → Be (ground state) + D (ground state),BeD+ (v'=3),Be (ground state) + D (ground state),4300.0,K,7.75533e-08,cm3/s,,,,,
342,BeD+ (v'=3) → Be (ground state) + D (ground state),BeD+ (v'=3),Be (ground state) + D (ground state),4400.0,K,7.67842e-08,cm3/s,,,,,
342,BeD+ (v'=3) → Be (ground state) + D (ground state),BeD+ (v'=3),Be (ground state) + D (ground state),4500.0,K,7.60207e-08,cm3/s,,,,,
342,BeD+ (v'=3) → Be (ground state) + D (ground state),BeD+ (v'=3),Be (ground state) + D (ground state),4600.0,K,7.52719e-08,cm3/s,,,,,
342,BeD+ (v'=3) → Be (ground state) + D (ground state),BeD+ (v'=3),Be (ground state) + D (ground state),4700.0,K,7.46484e-08,cm3/s,,,,,
342,BeD+ (v'=3) → Be (ground state) + D (ground state),BeD+ (v'=3),Be (ground state) + D (ground state),4800.0,K,7.39971e-08,cm3/s,,,,,
342,BeD+ (v'=3) → Be (ground state) + D (ground state),BeD+ (v'=3),Be (ground state) + D (ground state),4900.0,K,7.33094e-08,cm3/s,,,,,
342,BeD+ (v'=3) → Be (ground state) + D (ground state),BeD+ (v'=3),Be (ground state) + D (ground state),5000.0,K,7.26172e-08,cm3/s,,,,,
343,BeD+ (v'=4) → Be (ground state) + D (ground state),BeD+ (v'=4),Be (ground state) + D (ground state),1.0,K,3.22495e-06,cm3/s,,,,,
343,BeD+ (v'=4) → Be (ground state) + D (ground state),BeD+ (v'=4),Be (ground state) + D (ground state),2.0,K,2.34912e-06,cm3/s,,,,,
343,BeD+ (v'=4) → Be (ground state) + D (ground state),BeD+ (v'=4),Be (ground state) + D (ground state),3.0,K,1.93724e-06,cm3/s,,,,,
343,BeD+ (v'=4) → Be (ground state) + D (ground state),BeD+ (v'=4),Be (ground state) + D (ground state),4.0,K,1.68613e-06,cm3/s,,,,,
343,BeD+ (v'=4) → Be (ground state) + D (ground state),BeD+ (v'=4),Be (ground state) + D (ground state),5.0,K,1.51267e-06,cm3/s,,,,,
343,BeD+ (v'=4) → Be (ground state) + D (ground state),BeD+ (v'=4),Be (ground state) + D (ground state),6.0,K,1.3837e-06,cm3/s,,,,,
343,BeD+ (v'=4) → Be (ground state) + D (ground state),BeD+ (v'=4),Be (ground state) + D (ground state),7.0,K,1.28307e-06,cm3/s,,,,,
343,BeD+ (v'=4) → Be (ground state) + D (ground state),BeD+ (v'=4),Be (ground state) + D (ground state),8.0,K,1.20186e-06,cm3/s,,,,,
343,BeD+ (v'=4) → Be (ground state) + D (ground state),BeD+ (v'=4),Be (ground state) + D (ground state),9.0,K,1.13468e-06,cm3/s,,,,,
343,BeD+ (v'=4) → Be (ground state) + D (ground state),BeD+ (v'=4),Be (ground state) + D (ground state),10.0,K,1.07801e-06,cm3/s,,,,,
343,BeD+ (v'=4) → Be (ground state) + D (ground state),BeD+ (v'=4),Be (ground state) + D (ground state),11.0,K,1.02947e-06,cm3/s,,,,,
343,BeD+ (v'=4) → Be (ground state) + D (ground state),BeD+ (v'=4),Be (ground state) + D (ground state),12.0,K,9.87343e-07,cm3/s,,,,,
343,BeD+ (v'=4) → Be (ground state) + D (ground state),BeD+ (v'=4),Be (ground state) + D (ground state),13.0,K,9.50369e-07,cm3/s,,,,,
343,BeD+ (v'=4) → Be (ground state) + D (ground state),BeD+ (v'=4),Be (ground state) + D (ground state),14.0,K,9.17596e-07,cm3/s,,,,,
343,BeD+ (v'=4) → Be (ground state) + D (ground state),BeD+ (v'=4),Be (ground state) + D (ground state),15.0,K,8.88297e-07,cm3/s,,,,,
343,BeD+ (v'=4) → Be (ground state) + D (ground state),BeD+ (v'=4),Be (ground state) + D (ground state),16.0,K,8.61902e-07,cm3/s,,,,,
343,BeD+ (v'=4) → Be (ground state) + D (ground state),BeD+ (v'=4),Be (ground state) + D (ground state),17.0,K,8.37958e-07,cm3/s,,,,,
343,BeD+ (v'=4) → Be (ground state) + D (ground state),BeD+ (v'=4),Be (ground state) + D (ground state),18.0,K,8.16111e-07,cm3/s,,,,,
343,BeD+ (v'=4) → Be (ground state) + D (ground state),BeD+ (v'=4),Be (ground state) + D (ground state),19.0,K,7.96052e-07,cm3/s,,,,,
343,BeD+ (v'=4) → Be (ground state) + D (ground state),BeD+ (v'=4),Be (ground state) + D (ground state),20.0,K,7.77553e-07,cm3/s,,,,,
343,BeD+ (v'=4) → Be (ground state) + D (ground state),BeD+ (v'=4),Be (ground state) + D (ground state),21.0,K,7.60411e-07,cm3/s,,,,,
343,BeD+ (v'=4) → Be (ground state) + D (ground state),BeD+ (v'=4),Be (ground state) + D (ground state),22.0,K,7.4446e-07,cm3/s,,,,,
343,BeD+ (v'=4) → Be (ground state) + D (ground state),BeD+ (v'=4),Be (ground state) + D (ground state),23.0,K,7.29568e-07,cm3/s,,,,,
343,BeD+ (v'=4) → Be (ground state) + D (ground state),BeD+ (v'=4),Be (ground state) + D (ground state),24.0,K,7.15603e-07,cm3/s,,,,,
343,BeD+ (v'=4) → Be (ground state) + D (ground state),BeD+ (v'=4),Be (ground state) + D (ground state),25.0,K,7.02477e-07,cm3/s,,,,,
343,BeD+ (v'=4) → Be (ground state) + D (ground state),BeD+ (v'=4),Be (ground state) + D (ground state),26.0,K,6.90103e-07,cm3/s,,,,,
343,BeD+ (v'=4) → Be (ground state) + D (ground state),BeD+ (v'=4),Be (ground state) + D (ground state),27.0,K,6.78416e-07,cm3/s,,,,,
343,BeD+ (v'=4) → Be (ground state) + D (ground state),BeD+ (v'=4),Be (ground state) + D (ground state),28.0,K,6.67341e-07,cm3/s,,,,,
343,BeD+ (v'=4) → Be (ground state) + D (ground state),BeD+ (v'=4),Be (ground state) + D (ground state),29.0,K,6.56823e-07,cm3/s,,,,,
343,BeD+ (v'=4) → Be (ground state) + D (ground state),BeD+ (v'=4),Be (ground state) + D (ground state),30.0,K,6.46821e-07,cm3/s,,,,,
343,BeD+ (v'=4) → Be (ground state) + D (ground state),BeD+ (v'=4),Be (ground state) + D (ground state),31.0,K,6.37293e-07,cm3/s,,,,,
343,BeD+ (v'=4) → Be (ground state) + D (ground state),BeD+ (v'=4),Be (ground state) + D (ground state),32.0,K,6.28196e-07,cm3/s,,,,,
343,BeD+ (v'=4) → Be (ground state) + D (ground state),BeD+ (v'=4),Be (ground state) + D (ground state),33.0,K,6.19499e-07,cm3/s,,,,,
343,BeD+ (v'=4) → Be (ground state) + D (ground state),BeD+ (v'=4),Be (ground state) + D (ground state),34.0,K,6.11176e-07,cm3/s,,,,,
343,BeD+ (v'=4) → Be (ground state) + D (ground state),BeD+ (v'=4),Be (ground state) + D (ground state),35.0,K,6.03197e-07,cm3/s,,,,,
343,BeD+ (v'=4) → Be (ground state) + D (ground state),BeD+ (v'=4),Be (ground state) + D (ground state),36.0,K,5.9554e-07,cm3/s,,,,,
343,BeD+ (v'=4) → Be (ground state) + D (ground state),BeD+ (v'=4),Be (ground state) + D (ground state),37.0,K,5.88188e-07,cm3/s,,,,,
343,BeD+ (v'=4) → Be (ground state) + D (ground state),BeD+ (v'=4),Be (ground state) + D (ground state),38.0,K,5.81115e-07,cm3/s,,,,,
343,BeD+ (v'=4) → Be (ground state) + D (ground state),BeD+ (v'=4),Be (ground state) + D (ground state),39.0,K,5.74309e-07,cm3/s,,,,,
343,BeD+ (v'=4) → Be (ground state) + D (ground state),BeD+ (v'=4),Be (ground state) + D (ground state),40.0,K,5.67741e-07,cm3/s,,,,,
343,BeD+ (v'=4) → Be (ground state) + D (ground state),BeD+ (v'=4),Be (ground state) + D (ground state),41.0,K,5.61414e-07,cm3/s,,,,,
343,BeD+ (v'=4) → Be (ground state) + D (ground state),BeD+ (v'=4),Be (ground state) + D (ground state),42.0,K,5.55307e-07,cm3/s,,,,,
343,BeD+ (v'=4) → Be (ground state) + D (ground state),BeD+ (v'=4),Be (ground state) + D (ground state),43.0,K,5.4941e-07,cm3/s,,,,,
343,BeD+ (v'=4) → Be (ground state) + D (ground state),BeD+ (v'=4),Be (ground state) + D (ground state),44.0,K,5.43713e-07,cm3/s,,,,,
343,BeD+ (v'=4) → Be (ground state) + D (ground state),BeD+ (v'=4),Be (ground state) + D (ground state),45.0,K,5.38199e-07,cm3/s,,,,,
343,BeD+ (v'=4) → Be (ground state) + D (ground state),BeD+ (v'=4),Be (ground state) + D (ground state),46.0,K,5.32864e-07,cm3/s,,,,,
343,BeD+ (v'=4) → Be (ground state) + D (ground state),BeD+ (v'=4),Be (ground state) + D (ground state),47.0,K,5.27692e-07,cm3/s,,,,,
343,BeD+ (v'=4) → Be (ground state) + D (ground state),BeD+ (v'=4),Be (ground state) + D (ground state),48.0,K,5.22687e-07,cm3/s,,,,,
343,BeD+ (v'=4) → Be (ground state) + D (ground state),BeD+ (v'=4),Be (ground state) + D (ground state),49.0,K,5.17831e-07,cm3/s,,,,,
343,BeD+ (v'=4) → Be (ground state) + D (ground state),BeD+ (v'=4),Be (ground state) + D (ground state),50.0,K,5.1312e-07,cm3/s,,,,,
343,BeD+ (v'=4) → Be (ground state) + D (ground state),BeD+ (v'=4),Be (ground state) + D (ground state),52.0,K,5.04111e-07,cm3/s,,,,,
343,BeD+ (v'=4) → Be (ground state) + D (ground state),BeD+ (v'=4),Be (ground state) + D (ground state),54.0,K,4.95609e-07,cm3/s,,,,,
343,BeD+ (v'=4) → Be (ground state) + D (ground state),BeD+ (v'=4),Be (ground state) + D (ground state),56.0,K,4.87556e-07,cm3/s,,,,,
343,BeD+ (v'=4) → Be (ground state) + D (ground state),BeD+ (v'=4),Be (ground state) + D (ground state),58.0,K,4.79929e-07,cm3/s,,,,,
343,BeD+ (v'=4) → Be (ground state) + D (ground state),BeD+ (v'=4),Be (ground state) + D (ground state),60.0,K,4.7271e-07,cm3/s,,,,,
343,BeD+ (v'=4) → Be (ground state) + D (ground state),BeD+ (v'=4),Be (ground state) + D (ground state),62.0,K,4.65833e-07,cm3/s,,,,,
343,BeD+ (v'=4) → Be (ground state) + D (ground state),BeD+ (v'=4),Be (ground state) + D (ground state),64.0,K,4.59295e-07,cm3/s,,,,,
343,BeD+ (v'=4) → Be (ground state) + D (ground state),BeD+ (v'=4),Be (ground state) + D (ground state),66.0,K,4.53056e-07,cm3/s,,,,,
343,BeD+ (v'=4) → Be (ground state) + D (ground state),BeD+ (v'=4),Be (ground state) + D (ground state),68.0,K,4.47105e-07,cm3/s,,,,,
343,BeD+ (v'=4) → Be (ground state) + D (ground state),BeD+ (v'=4),Be (ground state) + D (ground state),70.0,K,4.41419e-07,cm3/s,,,,,
343,BeD+ (v'=4) → Be (ground state) + D (ground state),BeD+ (v'=4),Be (ground state) + D (ground state),72.0,K,4.35976e-07,cm3/s,,,,,
343,BeD+ (v'=4) → Be (ground state) + D (ground state),BeD+ (v'=4),Be (ground state) + D (ground state),74.0,K,4.30762e-07,cm3/s,,,,,
343,BeD+ (v'=4) → Be (ground state) + D (ground state),BeD+ (v'=4),Be (ground state) + D (ground state),76.0,K,4.25758e-07,cm3/s,,,,,
343,BeD+ (v'=4) → Be (ground state) + D (ground state),BeD+ (v'=4),Be (ground state) + D (ground state),78.0,K,4.20953e-07,cm3/s,,,,,
343,BeD+ (v'=4) → Be (ground state) + D (ground state),BeD+ (v'=4),Be (ground state) + D (ground state),80.0,K,4.1634e-07,cm3/s,,,,,
343,BeD+ (v'=4) → Be (ground state) + D (ground state),BeD+ (v'=4),Be (ground state) + D (ground state),82.0,K,4.11905e-07,cm3/s,,,,,
343,BeD+ (v'=4) → Be (ground state) + D (ground state),BeD+ (v'=4),Be (ground state) + D (ground state),84.0,K,4.0763e-07,cm3/s,,,,,
343,BeD+ (v'=4) → Be (ground state) + D (ground state),BeD+ (v'=4),Be (ground state) + D (ground state),86.0,K,4.03506e-07,cm3/s,,,,,
343,BeD+ (v'=4) → Be (ground state) + D (ground state),BeD+ (v'=4),Be (ground state) + D (ground state),88.0,K,3.99531e-07,cm3/s,,,,,
343,BeD+ (v'=4) → Be (ground state) + D (ground state),BeD+ (v'=4),Be (ground state) + D (ground state),90.0,K,3.95694e-07,cm3/s,,,,,
343,BeD+ (v'=4) → Be (ground state) + D (ground state),BeD+ (v'=4),Be (ground state) + D (ground state),92.0,K,3.91991e-07,cm3/s,,,,,
343,BeD+ (v'=4) → Be (ground state) + D (ground state),BeD+ (v'=4),Be (ground state) + D (ground state),94.0,K,3.88395e-07,cm3/s,,,,,
343,BeD+ (v'=4) → Be (ground state) + D (ground state),BeD+ (v'=4),Be (ground state) + D (ground state),96.0,K,3.84923e-07,cm3/s,,,,,
343,BeD+ (v'=4) → Be (ground state) + D (ground state),BeD+ (v'=4),Be (ground state) + D (ground state),98.0,K,3.8156e-07,cm3/s,,,,,
343,BeD+ (v'=4) → Be (ground state) + D (ground state),BeD+ (v'=4),Be (ground state) + D (ground state),100.0,K,3.78298e-07,cm3/s,,,,,
343,BeD+ (v'=4) → Be (ground state) + D (ground state),BeD+ (v'=4),Be (ground state) + D (ground state),110.0,K,3.63378e-07,cm3/s,,,,,
343,BeD+ (v'=4) → Be (ground state) + D (ground state),BeD+ (v'=4),Be (ground state) + D (ground state),120.0,K,3.50391e-07,cm3/s,,,,,
343,BeD+ (v'=4) → Be (ground state) + D (ground state),BeD+ (v'=4),Be (ground state) + D (ground state),130.0,K,3.38925e-07,cm3/s,,,,,
343,BeD+ (v'=4) → Be (ground state) + D (ground state),BeD+ (v'=4),Be (ground state) + D (ground state),140.0,K,3.28694e-07,cm3/s,,,,,
343,BeD+ (v'=4) → Be (ground state) + D (ground state),BeD+ (v'=4),Be (ground state) + D (ground state),150.0,K,3.19488e-07,cm3/s,,,,,
343,BeD+ (v'=4) → Be (ground state) + D (ground state),BeD+ (v'=4),Be (ground state) + D (ground state),160.0,K,3.11151e-07,cm3/s,,,,,
343,BeD+ (v'=4) → Be (ground state) + D (ground state),BeD+ (v'=4),Be (ground state) + D (ground state),170.0,K,3.03537e-07,cm3/s,,,,,
343,BeD+ (v'=4) → Be (ground state) + D (ground state),BeD+ (v'=4),Be (ground state) + D (ground state),180.0,K,2.96543e-07,cm3/s,,,,,
343,BeD+ (v'=4) → Be (ground state) + D (ground state),BeD+ (v'=4),Be (ground state) + D (ground state),190.0,K,2.90082e-07,cm3/s,,,,,
343,BeD+ (v'=4) → Be (ground state) + D (ground state),BeD+ (v'=4),Be (ground state) + D (ground state),200.0,K,2.8409e-07,cm3/s,,,,,
343,BeD+ (v'=4) → Be (ground state) + D (ground state),BeD+ (v'=4),Be (ground state) + D (ground state),210.0,K,2.78524e-07,cm3/s,,,,,
343,BeD+ (v'=4) → Be (ground state) + D (ground state),BeD+ (v'=4),Be (ground state) + D (ground state),220.0,K,2.73322e-07,cm3/s,,,,,
343,BeD+ (v'=4) → Be (ground state) + D (ground state),BeD+ (v'=4),Be (ground state) + D (ground state),230.0,K,2.68448e-07,cm3/s,,,,,
343,BeD+ (v'=4) → Be (ground state) + D (ground state),BeD+ (v'=4),Be (ground state) + D (ground state),240.0,K,2.63852e-07,cm3/s,,,,,
343,BeD+ (v'=4) → Be (ground state) + D (ground state),BeD+ (v'=4),Be (ground state) + D (ground state),250.0,K,2.59551e-07,cm3/s,,,,,
343,BeD+ (v'=4) → Be (ground state) + D (ground state),BeD+ (v'=4),Be (ground state) + D (ground state),260.0,K,2.55474e-07,cm3/s,,,,,
343,BeD+ (v'=4) → Be (ground state) + D (ground state),BeD+ (v'=4),Be (ground state) + D (ground state),270.0,K,2.5162e-07,cm3/s,,,,,
343,BeD+ (v'=4) → Be (ground state) + D (ground state),BeD+ (v'=4),Be (ground state) + D (ground state),280.0,K,2.47963e-07,cm3/s,,,,,
343,BeD+ (v'=4) → Be (ground state) + D (ground state),BeD+ (v'=4),Be (ground state) + D (ground state),290.0,K,2.44484e-07,cm3/s,,,,,
343,BeD+ (v'=4) → Be (ground state) + D (ground state),BeD+ (v'=4),Be (ground state) + D (ground state),300.0,K,2.41174e-07,cm3/s,,,,,
343,BeD+ (v'=4) → Be (ground state) + D (ground state),BeD+ (v'=4),Be (ground state) + D (ground state),320.0,K,2.35024e-07,cm3/s,,,,,
343,BeD+ (v'=4) → Be (ground state) + D (ground state),BeD+ (v'=4),Be (ground state) + D (ground state),340.0,K,2.29384e-07,cm3/s,,,,,
343,BeD+ (v'=4) → Be (ground state) + D (ground state),BeD+ (v'=4),Be (ground state) + D (ground state),360.0,K,2.242e-07,cm3/s,,,,,
343,BeD+ (v'=4) → Be (ground state) + D (ground state),BeD+ (v'=4),Be (ground state) + D (ground state),380.0,K,2.19407e-07,cm3/s,,,,,
343,BeD+ (v'=4) → Be (ground state) + D (ground state),BeD+ (v'=4),Be (ground state) + D (ground state),400.0,K,2.14957e-07,cm3/s,,,,,
343,BeD+ (v'=4) → Be (ground state) + D (ground state),BeD+ (v'=4),Be (ground state) + D (ground state),420.0,K,2.10824e-07,cm3/s,,,,,
343,BeD+ (v'=4) → Be (ground state) + D (ground state),BeD+ (v'=4),Be (ground state) + D (ground state),440.0,K,2.06947e-07,cm3/s,,,,,
343,BeD+ (v'=4) → Be (ground state) + D (ground state),BeD+ (v'=4),Be (ground state) + D (ground state),460.0,K,2.03321e-07,cm3/s,,,,,
343,BeD+ (v'=4) → Be (ground state) + D (ground state),BeD+ (v'=4),Be (ground state) + D (ground state),480.0,K,1.99911e-07,cm3/s,,,,,
343,BeD+ (v'=4) → Be (ground state) + D (ground state),BeD+ (v'=4),Be (ground state) + D (ground state),500.0,K,1.96697e-07,cm3/s,,,,,
343,BeD+ (v'=4) → Be (ground state) + D (ground state),BeD+ (v'=4),Be (ground state) + D (ground state),520.0,K,1.93644e-07,cm3/s,,,,,
343,BeD+ (v'=4) → Be (ground state) + D (ground state),BeD+ (v'=4),Be (ground state) + D (ground state),540.0,K,1.9076e-07,cm3/s,,,,,
343,BeD+ (v'=4) → Be (ground state) + D (ground state),BeD+ (v'=4),Be (ground state) + D (ground state),560.0,K,1.88027e-07,cm3/s,,,,,
343,BeD+ (v'=4) → Be (ground state) + D (ground state),BeD+ (v'=4),Be (ground state) + D (ground state),580.0,K,1.85425e-07,cm3/s,,,,,
343,BeD+ (v'=4) → Be (ground state) + D (ground state),BeD+ (v'=4),Be (ground state) + D (ground state),600.0,K,1.82928e-07,cm3/s,,,,,
343,BeD+ (v'=4) → Be (ground state) + D (ground state),BeD+ (v'=4),Be (ground state) + D (ground state),650.0,K,1.77211e-07,cm3/s,,,,,
343,BeD+ (v'=4) → Be (ground state) + D (ground state),BeD+ (v'=4),Be (ground state) + D (ground state),700.0,K,1.72035e-07,cm3/s,,,,,
343,BeD+ (v'=4) → Be (ground state) + D (ground state),BeD+ (v'=4),Be (ground state) + D (ground state),750.0,K,1.67365e-07,cm3/s,,,,,
343,BeD+ (v'=4) → Be (ground state) + D (ground state),BeD+ (v'=4),Be (ground state) + D (ground state),800.0,K,1.63131e-07,cm3/s,,,,,
343,BeD+ (v'=4) → Be (ground state) + D (ground state),BeD+ (v'=4),Be (ground state) + D (ground state),850.0,K,1.59207e-07,cm3/s,,,,,
343,BeD+ (v'=4) → Be (ground state) + D (ground state),BeD+ (v'=4),Be (ground state) + D (ground state),900.0,K,1.55613e-07,cm3/s,,,,,
343,BeD+ (v'=4) → Be (ground state) + D (ground state),BeD+ (v'=4),Be (ground state) + D (ground state),950.0,K,1.52279e-07,cm3/s,,,,,
343,BeD+ (v'=4) → Be (ground state) + D (ground state),BeD+ (v'=4),Be (ground state) + D (ground state),1000.0,K,1.49176e-07,cm3/s,,,,,
343,BeD+ (v'=4) → Be (ground state) + D (ground state),BeD+ (v'=4),Be (ground state) + D (ground state),1100.0,K,1.43594e-07,cm3/s,,,,,
343,BeD+ (v'=4) → Be (ground state) + D (ground state),BeD+ (v'=4),Be (ground state) + D (ground state),1200.0,K,1.38684e-07,cm3/s,,,,,
343,BeD+ (v'=4) → Be (ground state) + D (ground state),BeD+ (v'=4),Be (ground state) + D (ground state),1300.0,K,1.34339e-07,cm3/s,,,,,
343,BeD+ (v'=4) → Be (ground state) + D (ground state),BeD+ (v'=4),Be (ground state) + D (ground state),1400.0,K,1.30449e-07,cm3/s,,,,,
343,BeD+ (v'=4) → Be (ground state) + D (ground state),BeD+ (v'=4),Be (ground state) + D (ground state),1500.0,K,1.26911e-07,cm3/s,,,,,
343,BeD+ (v'=4) → Be (ground state) + D (ground state),BeD+ (v'=4),Be (ground state) + D (ground state),1600.0,K,1.2373e-07,cm3/s,,,,,
343,BeD+ (v'=4) → Be (ground state) + D (ground state),BeD+ (v'=4),Be (ground state) + D (ground state),1700.0,K,1.20802e-07,cm3/s,,,,,
343,BeD+ (v'=4) → Be (ground state) + D (ground state),BeD+ (v'=4),Be (ground state) + D (ground state),1800.0,K,1.18135e-07,cm3/s,,,,,
343,BeD+ (v'=4) → Be (ground state) + D (ground state),BeD+ (v'=4),Be (ground state) + D (ground state),1900.0,K,1.15643e-07,cm3/s,,,,,
343,BeD+ (v'=4) → Be (ground state) + D (ground state),BeD+ (v'=4),Be (ground state) + D (ground state),2000.0,K,1.13332e-07,cm3/s,,,,,
343,BeD+ (v'=4) → Be (ground state) + D (ground state),BeD+ (v'=4),Be (ground state) + D (ground state),2100.0,K,1.11178e-07,cm3/s,,,,,
343,BeD+ (v'=4) → Be (ground state) + D (ground state),BeD+ (v'=4),Be (ground state) + D (ground state),2200.0,K,1.09159e-07,cm3/s,,,,,
343,BeD+ (v'=4) → Be (ground state) + D (ground state),BeD+ (v'=4),Be (ground state) + D (ground state),2300.0,K,1.07287e-07,cm3/s,,,,,
343,BeD+ (v'=4) → Be (ground state) + D (ground state),BeD+ (v'=4),Be (ground state) + D (ground state),2400.0,K,1.05529e-07,cm3/s,,,,,
343,BeD+ (v'=4) → Be (ground state) + D (ground state),BeD+ (v'=4),Be (ground state) + D (ground state),2500.0,K,1.03884e-07,cm3/s,,,,,
343,BeD+ (v'=4) → Be (ground state) + D (ground state),BeD+ (v'=4),Be (ground state) + D (ground state),2600.0,K,1.02281e-07,cm3/s,,,,,
343,BeD+ (v'=4) → Be (ground state) + D (ground state),BeD+ (v'=4),Be (ground state) + D (ground state),2700.0,K,1.00739e-07,cm3/s,,,,,
343,BeD+ (v'=4) → Be (ground state) + D (ground state),BeD+ (v'=4),Be (ground state) + D (ground state),2800.0,K,9.92778e-08,cm3/s,,,,,
343,BeD+ (v'=4) → Be (ground state) + D (ground state),BeD+ (v'=4),Be (ground state) + D (ground state),2900.0,K,9.78959e-08,cm3/s,,,,,
343,BeD+ (v'=4) → Be (ground state) + D (ground state),BeD+ (v'=4),Be (ground state) + D (ground state),3000.0,K,9.65778e-08,cm3/s,,,,,
343,BeD+ (v'=4) → Be (ground state) + D (ground state),BeD+ (v'=4),Be (ground state) + D (ground state),3100.0,K,9.53153e-08,cm3/s,,,,,
343,BeD+ (v'=4) → Be (ground state) + D (ground state),BeD+ (v'=4),Be (ground state) + D (ground state),3200.0,K,9.40789e-08,cm3/s,,,,,
343,BeD+ (v'=4) → Be (ground state) + D (ground state),BeD+ (v'=4),Be (ground state) + D (ground state),3300.0,K,9.28907e-08,cm3/s,,,,,
343,BeD+ (v'=4) → Be (ground state) + D (ground state),BeD+ (v'=4),Be (ground state) + D (ground state),3400.0,K,9.17791e-08,cm3/s,,,,,
343,BeD+ (v'=4) → Be (ground state) + D (ground state),BeD+ (v'=4),Be (ground state) + D (ground state),3500.0,K,9.07056e-08,cm3/s,,,,,
343,BeD+ (v'=4) → Be (ground state) + D (ground state),BeD+ (v'=4),Be (ground state) + D (ground state),3600.0,K,8.96618e-08,cm3/s,,,,,
343,BeD+ (v'=4) → Be (ground state) + D (ground state),BeD+ (v'=4),Be (ground state) + D (ground state),3700.0,K,8.86499e-08,cm3/s,,,,,
343,BeD+ (v'=4) → Be (ground state) + D (ground state),BeD+ (v'=4),Be (ground state) + D (ground state),3800.0,K,8.77046e-08,cm3/s,,,,,
343,BeD+ (v'=4) → Be (ground state) + D (ground state),BeD+ (v'=4),Be (ground state) + D (ground state),3900.0,K,8.67192e-08,cm3/s,,,,,
343,BeD+ (v'=4) → Be (ground state) + D (ground state),BeD+ (v'=4),Be (ground state) + D (ground state),4000.0,K,8.57588e-08,cm3/s,,,,,
343,BeD+ (v'=4) → Be (ground state) + D (ground state),BeD+ (v'=4),Be (ground state) + D (ground state),4100.0,K,8.48895e-08,cm3/s,,,,,
343,BeD+ (v'=4) → Be (ground state) + D (ground state),BeD+ (v'=4),Be (ground state) + D (ground state),4200.0,K,8.39873e-08,cm3/s,,,,,
343,BeD+ (v'=4) → Be (ground state) + D (ground state),BeD+ (v'=4),Be (ground state) + D (ground state),4300.0,K,8.30979e-08,cm3/s,,,,,
343,BeD+ (v'=4) → Be (ground state) + D (ground state),BeD+ (v'=4),Be (ground state) + D (ground state),4400.0,K,8.23007e-08,cm3/s,,,,,
343,BeD+ (v'=4) → Be (ground state) + D (ground state),BeD+ (v'=4),Be (ground state) + D (ground state),4500.0,K,8.14642e-08,cm3/s,,,,,
343,BeD+ (v'=4) → Be (ground state) + D (ground state),BeD+ (v'=4),Be (ground state) + D (ground state),4600.0,K,8.06524e-08,cm3/s,,,,,
343,BeD+ (v'=4) → Be (ground state) + D (ground state),BeD+ (v'=4),Be (ground state) + D (ground state),4700.0,K,7.99523e-08,cm3/s,,,,,
343,BeD+ (v'=4) → Be (ground state) + D (ground state),BeD+ (v'=4),Be (ground state) + D (ground state),4800.0,K,7.92015e-08,cm3/s,,,,,
343,BeD+ (v'=4) → Be (ground state) + D (ground state),BeD+ (v'=4),Be (ground state) + D (ground state),4900.0,K,7.84375e-08,cm3/s,,,,,
343,BeD+ (v'=4) → Be (ground state) + D (ground state),BeD+ (v'=4),Be (ground state) + D (ground state),5000.0,K,7.78061e-08,cm3/s,,,,,
344,BeD+ (v'=5) → Be (ground state) + D (ground state),BeD+ (v'=5),Be (ground state) + D (ground state),1.0,K,2.53469e-06,cm3/s,,,,,
344,BeD+ (v'=5) → Be (ground state) + D (ground state),BeD+ (v'=5),Be (ground state) + D (ground state),2.0,K,1.84651e-06,cm3/s,,,,,
344,BeD+ (v'=5) → Be (ground state) + D (ground state),BeD+ (v'=5),Be (ground state) + D (ground state),3.0,K,1.52301e-06,cm3/s,,,,,
344,BeD+ (v'=5) → Be (ground state) + D (ground state),BeD+ (v'=5),Be (ground state) + D (ground state),4.0,K,1.32592e-06,cm3/s,,,,,
344,BeD+ (v'=5) → Be (ground state) + D (ground state),BeD+ (v'=5),Be (ground state) + D (ground state),5.0,K,1.18988e-06,cm3/s,,,,,
344,BeD+ (v'=5) → Be (ground state) + D (ground state),BeD+ (v'=5),Be (ground state) + D (ground state),6.0,K,1.08877e-06,cm3/s,,,,,
344,BeD+ (v'=5) → Be (ground state) + D (ground state),BeD+ (v'=5),Be (ground state) + D (ground state),7.0,K,1.00982e-06,cm3/s,,,,,
344,BeD+ (v'=5) → Be (ground state) + D (ground state),BeD+ (v'=5),Be (ground state) + D (ground state),8.0,K,9.45964e-07,cm3/s,,,,,
344,BeD+ (v'=5) → Be (ground state) + D (ground state),BeD+ (v'=5),Be (ground state) + D (ground state),9.0,K,8.92941e-07,cm3/s,,,,,
344,BeD+ (v'=5) → Be (ground state) + D (ground state),BeD+ (v'=5),Be (ground state) + D (ground state),10.0,K,8.47997e-07,cm3/s,,,,,
344,BeD+ (v'=5) → Be (ground state) + D (ground state),BeD+ (v'=5),Be (ground state) + D (ground state),11.0,K,8.09274e-07,cm3/s,,,,,
344,BeD+ (v'=5) → Be (ground state) + D (ground state),BeD+ (v'=5),Be (ground state) + D (ground state),12.0,K,7.75462e-07,cm3/s,,,,,
344,BeD+ (v'=5) → Be (ground state) + D (ground state),BeD+ (v'=5),Be (ground state) + D (ground state),13.0,K,7.45611e-07,cm3/s,,,,,
344,BeD+ (v'=5) → Be (ground state) + D (ground state),BeD+ (v'=5),Be (ground state) + D (ground state),14.0,K,7.19011e-07,cm3/s,,,,,
344,BeD+ (v'=5) → Be (ground state) + D (ground state),BeD+ (v'=5),Be (ground state) + D (ground state),15.0,K,6.9512e-07,cm3/s,,,,,
344,BeD+ (v'=5) → Be (ground state) + D (ground state),BeD+ (v'=5),Be (ground state) + D (ground state),16.0,K,6.73516e-07,cm3/s,,,,,
344,BeD+ (v'=5) → Be (ground state) + D (ground state),BeD+ (v'=5),Be (ground state) + D (ground state),17.0,K,6.53862e-07,cm3/s,,,,,
344,BeD+ (v'=5) → Be (ground state) + D (ground state),BeD+ (v'=5),Be (ground state) + D (ground state),18.0,K,6.3589e-07,cm3/s,,,,,
344,BeD+ (v'=5) → Be (ground state) + D (ground state),BeD+ (v'=5),Be (ground state) + D (ground state),19.0,K,6.19378e-07,cm3/s,,,,,
344,BeD+ (v'=5) → Be (ground state) + D (ground state),BeD+ (v'=5),Be (ground state) + D (ground state),20.0,K,6.04145e-07,cm3/s,,,,,
344,BeD+ (v'=5) → Be (ground state) + D (ground state),BeD+ (v'=5),Be (ground state) + D (ground state),21.0,K,5.90037e-07,cm3/s,,,,,
344,BeD+ (v'=5) → Be (ground state) + D (ground state),BeD+ (v'=5),Be (ground state) + D (ground state),22.0,K,5.76928e-07,cm3/s,,,,,
344,BeD+ (v'=5) → Be (ground state) + D (ground state),BeD+ (v'=5),Be (ground state) + D (ground state),23.0,K,5.64706e-07,cm3/s,,,,,
344,BeD+ (v'=5) → Be (ground state) + D (ground state),BeD+ (v'=5),Be (ground state) + D (ground state),24.0,K,5.53281e-07,cm3/s,,,,,
344,BeD+ (v'=5) → Be (ground state) + D (ground state),BeD+ (v'=5),Be (ground state) + D (ground state),25.0,K,5.42569e-07,cm3/s,,,,,
344,BeD+ (v'=5) → Be (ground state) + D (ground state),BeD+ (v'=5),Be (ground state) + D (ground state),26.0,K,5.32503e-07,cm3/s,,,,,
344,BeD+ (v'=5) → Be (ground state) + D (ground state),BeD+ (v'=5),Be (ground state) + D (ground state),27.0,K,5.23021e-07,cm3/s,,,,,
344,BeD+ (v'=5) → Be (ground state) + D (ground state),BeD+ (v'=5),Be (ground state) + D (ground state),28.0,K,5.1407e-07,cm3/s,,,,,
344,BeD+ (v'=5) → Be (ground state) + D (ground state),BeD+ (v'=5),Be (ground state) + D (ground state),29.0,K,5.05602e-07,cm3/s,,,,,
344,BeD+ (v'=5) → Be (ground state) + D (ground state),BeD+ (v'=5),Be (ground state) + D (ground state),30.0,K,4.97577e-07,cm3/s,,,,,
344,BeD+ (v'=5) → Be (ground state) + D (ground state),BeD+ (v'=5),Be (ground state) + D (ground state),31.0,K,4.89957e-07,cm3/s,,,,,
344,BeD+ (v'=5) → Be (ground state) + D (ground state),BeD+ (v'=5),Be (ground state) + D (ground state),32.0,K,4.82709e-07,cm3/s,,,,,
344,BeD+ (v'=5) → Be (ground state) + D (ground state),BeD+ (v'=5),Be (ground state) + D (ground state),33.0,K,4.75805e-07,cm3/s,,,,,
344,BeD+ (v'=5) → Be (ground state) + D (ground state),BeD+ (v'=5),Be (ground state) + D (ground state),34.0,K,4.69218e-07,cm3/s,,,,,
344,BeD+ (v'=5) → Be (ground state) + D (ground state),BeD+ (v'=5),Be (ground state) + D (ground state),35.0,K,4.62924e-07,cm3/s,,,,,
344,BeD+ (v'=5) → Be (ground state) + D (ground state),BeD+ (v'=5),Be (ground state) + D (ground state),36.0,K,4.56902e-07,cm3/s,,,,,
344,BeD+ (v'=5) → Be (ground state) + D (ground state),BeD+ (v'=5),Be (ground state) + D (ground state),37.0,K,4.51133e-07,cm3/s,,,,,
344,BeD+ (v'=5) → Be (ground state) + D (ground state),BeD+ (v'=5),Be (ground state) + D (ground state),38.0,K,4.456e-07,cm3/s,,,,,
344,BeD+ (v'=5) → Be (ground state) + D (ground state),BeD+ (v'=5),Be (ground state) + D (ground state),39.0,K,4.40286e-07,cm3/s,,,,,
344,BeD+ (v'=5) → Be (ground state) + D (ground state),BeD+ (v'=5),Be (ground state) + D (ground state),40.0,K,4.35177e-07,cm3/s,,,,,
344,BeD+ (v'=5) → Be (ground state) + D (ground state),BeD+ (v'=5),Be (ground state) + D (ground state),41.0,K,4.3026e-07,cm3/s,,,,,
344,BeD+ (v'=5) → Be (ground state) + D (ground state),BeD+ (v'=5),Be (ground state) + D (ground state),42.0,K,4.25523e-07,cm3/s,,,,,
344,BeD+ (v'=5) → Be (ground state) + D (ground state),BeD+ (v'=5),Be (ground state) + D (ground state),43.0,K,4.20955e-07,cm3/s,,,,,
344,BeD+ (v'=5) → Be (ground state) + D (ground state),BeD+ (v'=5),Be (ground state) + D (ground state),44.0,K,4.16546e-07,cm3/s,,,,,
344,BeD+ (v'=5) → Be (ground state) + D (ground state),BeD+ (v'=5),Be (ground state) + D (ground state),45.0,K,4.12287e-07,cm3/s,,,,,
344,BeD+ (v'=5) → Be (ground state) + D (ground state),BeD+ (v'=5),Be (ground state) + D (ground state),46.0,K,4.08169e-07,cm3/s,,,,,
344,BeD+ (v'=5) → Be (ground state) + D (ground state),BeD+ (v'=5),Be (ground state) + D (ground state),47.0,K,4.04184e-07,cm3/s,,,,,
344,BeD+ (v'=5) → Be (ground state) + D (ground state),BeD+ (v'=5),Be (ground state) + D (ground state),48.0,K,4.00325e-07,cm3/s,,,,,
344,BeD+ (v'=5) → Be (ground state) + D (ground state),BeD+ (v'=5),Be (ground state) + D (ground state),49.0,K,3.96585e-07,cm3/s,,,,,
344,BeD+ (v'=5) → Be (ground state) + D (ground state),BeD+ (v'=5),Be (ground state) + D (ground state),50.0,K,3.92958e-07,cm3/s,,,,,
344,BeD+ (v'=5) → Be (ground state) + D (ground state),BeD+ (v'=5),Be (ground state) + D (ground state),52.0,K,3.86021e-07,cm3/s,,,,,
344,BeD+ (v'=5) → Be (ground state) + D (ground state),BeD+ (v'=5),Be (ground state) + D (ground state),54.0,K,3.79472e-07,cm3/s,,,,,
344,BeD+ (v'=5) → Be (ground state) + D (ground state),BeD+ (v'=5),Be (ground state) + D (ground state),56.0,K,3.73275e-07,cm3/s,,,,,
344,BeD+ (v'=5) → Be (ground state) + D (ground state),BeD+ (v'=5),Be (ground state) + D (ground state),58.0,K,3.67398e-07,cm3/s,,,,,
344,BeD+ (v'=5) → Be (ground state) + D (ground state),BeD+ (v'=5),Be (ground state) + D (ground state),60.0,K,3.61815e-07,cm3/s,,,,,
344,BeD+ (v'=5) → Be (ground state) + D (ground state),BeD+ (v'=5),Be (ground state) + D (ground state),62.0,K,3.565e-07,cm3/s,,,,,
344,BeD+ (v'=5) → Be (ground state) + D (ground state),BeD+ (v'=5),Be (ground state) + D (ground state),64.0,K,3.51432e-07,cm3/s,,,,,
344,BeD+ (v'=5) → Be (ground state) + D (ground state),BeD+ (v'=5),Be (ground state) + D (ground state),66.0,K,3.46593e-07,cm3/s,,,,,
344,BeD+ (v'=5) → Be (ground state) + D (ground state),BeD+ (v'=5),Be (ground state) + D (ground state),68.0,K,3.41965e-07,cm3/s,,,,,
344,BeD+ (v'=5) → Be (ground state) + D (ground state),BeD+ (v'=5),Be (ground state) + D (ground state),70.0,K,3.37533e-07,cm3/s,,,,,
344,BeD+ (v'=5) → Be (ground state) + D (ground state),BeD+ (v'=5),Be (ground state) + D (ground state),72.0,K,3.33284e-07,cm3/s,,,,,
344,BeD+ (v'=5) → Be (ground state) + D (ground state),BeD+ (v'=5),Be (ground state) + D (ground state),74.0,K,3.29204e-07,cm3/s,,,,,
344,BeD+ (v'=5) → Be (ground state) + D (ground state),BeD+ (v'=5),Be (ground state) + D (ground state),76.0,K,3.25284e-07,cm3/s,,,,,
344,BeD+ (v'=5) → Be (ground state) + D (ground state),BeD+ (v'=5),Be (ground state) + D (ground state),78.0,K,3.21513e-07,cm3/s,,,,,
344,BeD+ (v'=5) → Be (ground state) + D (ground state),BeD+ (v'=5),Be (ground state) + D (ground state),80.0,K,3.17881e-07,cm3/s,,,,,
344,BeD+ (v'=5) → Be (ground state) + D (ground state),BeD+ (v'=5),Be (ground state) + D (ground state),82.0,K,3.14381e-07,cm3/s,,,,,
344,BeD+ (v'=5) → Be (ground state) + D (ground state),BeD+ (v'=5),Be (ground state) + D (ground state),84.0,K,3.11004e-07,cm3/s,,,,,
344,BeD+ (v'=5) → Be (ground state) + D (ground state),BeD+ (v'=5),Be (ground state) + D (ground state),86.0,K,3.07744e-07,cm3/s,,,,,
344,BeD+ (v'=5) → Be (ground state) + D (ground state),BeD+ (v'=5),Be (ground state) + D (ground state),88.0,K,3.04595e-07,cm3/s,,,,,
344,BeD+ (v'=5) → Be (ground state) + D (ground state),BeD+ (v'=5),Be (ground state) + D (ground state),90.0,K,3.01549e-07,cm3/s,,,,,
344,BeD+ (v'=5) → Be (ground state) + D (ground state),BeD+ (v'=5),Be (ground state) + D (ground state),92.0,K,2.98602e-07,cm3/s,,,,,
344,BeD+ (v'=5) → Be (ground state) + D (ground state),BeD+ (v'=5),Be (ground state) + D (ground state),94.0,K,2.95748e-07,cm3/s,,,,,
344,BeD+ (v'=5) → Be (ground state) + D (ground state),BeD+ (v'=5),Be (ground state) + D (ground state),96.0,K,2.92984e-07,cm3/s,,,,,
344,BeD+ (v'=5) → Be (ground state) + D (ground state),BeD+ (v'=5),Be (ground state) + D (ground state),98.0,K,2.90304e-07,cm3/s,,,,,
344,BeD+ (v'=5) → Be (ground state) + D (ground state),BeD+ (v'=5),Be (ground state) + D (ground state),100.0,K,2.87704e-07,cm3/s,,,,,
344,BeD+ (v'=5) → Be (ground state) + D (ground state),BeD+ (v'=5),Be (ground state) + D (ground state),110.0,K,2.75784e-07,cm3/s,,,,,
344,BeD+ (v'=5) → Be (ground state) + D (ground state),BeD+ (v'=5),Be (ground state) + D (ground state),120.0,K,2.65394e-07,cm3/s,,,,,
344,BeD+ (v'=5) → Be (ground state) + D (ground state),BeD+ (v'=5),Be (ground state) + D (ground state),130.0,K,2.56242e-07,cm3/s,,,,,
344,BeD+ (v'=5) → Be (ground state) + D (ground state),BeD+ (v'=5),Be (ground state) + D (ground state),140.0,K,2.4811e-07,cm3/s,,,,,
344,BeD+ (v'=5) → Be (ground state) + D (ground state),BeD+ (v'=5),Be (ground state) + D (ground state),150.0,K,2.40828e-07,cm3/s,,,,,
344,BeD+ (v'=5) → Be (ground state) + D (ground state),BeD+ (v'=5),Be (ground state) + D (ground state),160.0,K,2.34264e-07,cm3/s,,,,,
344,BeD+ (v'=5) → Be (ground state) + D (ground state),BeD+ (v'=5),Be (ground state) + D (ground state),170.0,K,2.28313e-07,cm3/s,,,,,
344,BeD+ (v'=5) → Be (ground state) + D (ground state),BeD+ (v'=5),Be (ground state) + D (ground state),180.0,K,2.22887e-07,cm3/s,,,,,
344,BeD+ (v'=5) → Be (ground state) + D (ground state),BeD+ (v'=5),Be (ground state) + D (ground state),190.0,K,2.17918e-07,cm3/s,,,,,
344,BeD+ (v'=5) → Be (ground state) + D (ground state),BeD+ (v'=5),Be (ground state) + D (ground state),200.0,K,2.13348e-07,cm3/s,,,,,
344,BeD+ (v'=5) → Be (ground state) + D (ground state),BeD+ (v'=5),Be (ground state) + D (ground state),210.0,K,2.09127e-07,cm3/s,,,,,
344,BeD+ (v'=5) → Be (ground state) + D (ground state),BeD+ (v'=5),Be (ground state) + D (ground state),220.0,K,2.05216e-07,cm3/s,,,,,
344,BeD+ (v'=5) → Be (ground state) + D (ground state),BeD+ (v'=5),Be (ground state) + D (ground state),230.0,K,2.01579e-07,cm3/s,,,,,
344,BeD+ (v'=5) → Be (ground state) + D (ground state),BeD+ (v'=5),Be (ground state) + D (ground state),240.0,K,1.98188e-07,cm3/s,,,,,
344,BeD+ (v'=5) → Be (ground state) + D (ground state),BeD+ (v'=5),Be (ground state) + D (ground state),250.0,K,1.95016e-07,cm3/s,,,,,
344,BeD+ (v'=5) → Be (ground state) + D (ground state),BeD+ (v'=5),Be (ground state) + D (ground state),260.0,K,1.92043e-07,cm3/s,,,,,
344,BeD+ (v'=5) → Be (ground state) + D (ground state),BeD+ (v'=5),Be (ground state) + D (ground state),270.0,K,1.89249e-07,cm3/s,,,,,
344,BeD+ (v'=5) → Be (ground state) + D (ground state),BeD+ (v'=5),Be (ground state) + D (ground state),280.0,K,1.86618e-07,cm3/s,,,,,
344,BeD+ (v'=5) → Be (ground state) + D (ground state),BeD+ (v'=5),Be (ground state) + D (ground state),290.0,K,1.84134e-07,cm3/s,,,,,
344,BeD+ (v'=5) → Be (ground state) + D (ground state),BeD+ (v'=5),Be (ground state) + D (ground state),300.0,K,1.81787e-07,cm3/s,,,,,
344,BeD+ (v'=5) → Be (ground state) + D (ground state),BeD+ (v'=5),Be (ground state) + D (ground state),320.0,K,1.77454e-07,cm3/s,,,,,
344,BeD+ (v'=5) → Be (ground state) + D (ground state),BeD+ (v'=5),Be (ground state) + D (ground state),340.0,K,1.73542e-07,cm3/s,,,,,
344,BeD+ (v'=5) → Be (ground state) + D (ground state),BeD+ (v'=5),Be (ground state) + D (ground state),360.0,K,1.69992e-07,cm3/s,,,,,
344,BeD+ (v'=5) → Be (ground state) + D (ground state),BeD+ (v'=5),Be (ground state) + D (ground state),380.0,K,1.66754e-07,cm3/s,,,,,
344,BeD+ (v'=5) → Be (ground state) + D (ground state),BeD+ (v'=5),Be (ground state) + D (ground state),400.0,K,1.63787e-07,cm3/s,,,,,
344,BeD+ (v'=5) → Be (ground state) + D (ground state),BeD+ (v'=5),Be (ground state) + D (ground state),420.0,K,1.6106e-07,cm3/s,,,,,
344,BeD+ (v'=5) → Be (ground state) + D (ground state),BeD+ (v'=5),Be (ground state) + D (ground state),440.0,K,1.58543e-07,cm3/s,,,,,
344,BeD+ (v'=5) → Be (ground state) + D (ground state),BeD+ (v'=5),Be (ground state) + D (ground state),460.0,K,1.56213e-07,cm3/s,,,,,
344,BeD+ (v'=5) → Be (ground state) + D (ground state),BeD+ (v'=5),Be (ground state) + D (ground state),480.0,K,1.54051e-07,cm3/s,,,,,
344,BeD+ (v'=5) → Be (ground state) + D (ground state),BeD+ (v'=5),Be (ground state) + D (ground state),500.0,K,1.5204e-07,cm3/s,,,,,
344,BeD+ (v'=5) → Be (ground state) + D (ground state),BeD+ (v'=5),Be (ground state) + D (ground state),520.0,K,1.50165e-07,cm3/s,,,,,
344,BeD+ (v'=5) → Be (ground state) + D (ground state),BeD+ (v'=5),Be (ground state) + D (ground state),540.0,K,1.48412e-07,cm3/s,,,,,
344,BeD+ (v'=5) → Be (ground state) + D (ground state),BeD+ (v'=5),Be (ground state) + D (ground state),560.0,K,1.46772e-07,cm3/s,,,,,
344,BeD+ (v'=5) → Be (ground state) + D (ground state),BeD+ (v'=5),Be (ground state) + D (ground state),580.0,K,1.45234e-07,cm3/s,,,,,
344,BeD+ (v'=5) → Be (ground state) + D (ground state),BeD+ (v'=5),Be (ground state) + D (ground state),600.0,K,1.43789e-07,cm3/s,,,,,
344,BeD+ (v'=5) → Be (ground state) + D (ground state),BeD+ (v'=5),Be (ground state) + D (ground state),650.0,K,1.40537e-07,cm3/s,,,,,
344,BeD+ (v'=5) → Be (ground state) + D (ground state),BeD+ (v'=5),Be (ground state) + D (ground state),700.0,K,1.37721e-07,cm3/s,,,,,
344,BeD+ (v'=5) → Be (ground state) + D (ground state),BeD+ (v'=5),Be (ground state) + D (ground state),750.0,K,1.35263e-07,cm3/s,,,,,
344,BeD+ (v'=5) → Be (ground state) + D (ground state),BeD+ (v'=5),Be (ground state) + D (ground state),800.0,K,1.33101e-07,cm3/s,,,,,
344,BeD+ (v'=5) → Be (ground state) + D (ground state),BeD+ (v'=5),Be (ground state) + D (ground state),850.0,K,1.31185e-07,cm3/s,,,,,
344,BeD+ (v'=5) → Be (ground state) + D (ground state),BeD+ (v'=5),Be (ground state) + D (ground state),900.0,K,1.29475e-07,cm3/s,,,,,
344,BeD+ (v'=5) → Be (ground state) + D (ground state),BeD+ (v'=5),Be (ground state) + D (ground state),950.0,K,1.27938e-07,cm3/s,,,,,
344,BeD+ (v'=5) → Be (ground state) + D (ground state),BeD+ (v'=5),Be (ground state) + D (ground state),1000.0,K,1.26545e-07,cm3/s,,,,,
344,BeD+ (v'=5) → Be (ground state) + D (ground state),BeD+ (v'=5),Be (ground state) + D (ground state),1100.0,K,1.24106e-07,cm3/s,,,,,
344,BeD+ (v'=5) → Be (ground state) + D (ground state),BeD+ (v'=5),Be (ground state) + D (ground state),1200.0,K,1.22018e-07,cm3/s,,,,,
344,BeD+ (v'=5) → Be (ground state) + D (ground state),BeD+ (v'=5),Be (ground state) + D (ground state),1300.0,K,1.2018e-07,cm3/s,,,,,
344,BeD+ (v'=5) → Be (ground state) + D (ground state),BeD+ (v'=5),Be (ground state) + D (ground state),1400.0,K,1.18522e-07,cm3/s,,,,,
344,BeD+ (v'=5) → Be (ground state) + D (ground state),BeD+ (v'=5),Be (ground state) + D (ground state),1500.0,K,1.16995e-07,cm3/s,,,,,
344,BeD+ (v'=5) → Be (ground state) + D (ground state),BeD+ (v'=5),Be (ground state) + D (ground state),1600.0,K,1.15563e-07,cm3/s,,,,,
344,BeD+ (v'=5) → Be (ground state) + D (ground state),BeD+ (v'=5),Be (ground state) + D (ground state),1700.0,K,1.14201e-07,cm3/s,,,,,
344,BeD+ (v'=5) → Be (ground state) + D (ground state),BeD+ (v'=5),Be (ground state) + D (ground state),1800.0,K,1.12892e-07,cm3/s,,,,,
344,BeD+ (v'=5) → Be (ground state) + D (ground state),BeD+ (v'=5),Be (ground state) + D (ground state),1900.0,K,1.11625e-07,cm3/s,,,,,
344,BeD+ (v'=5) → Be (ground state) + D (ground state),BeD+ (v'=5),Be (ground state) + D (ground state),2000.0,K,1.1039e-07,cm3/s,,,,,
344,BeD+ (v'=5) → Be (ground state) + D (ground state),BeD+ (v'=5),Be (ground state) + D (ground state),2100.0,K,1.09183e-07,cm3/s,,,,,
344,BeD+ (v'=5) → Be (ground state) + D (ground state),BeD+ (v'=5),Be (ground state) + D (ground state),2200.0,K,1.08e-07,cm3/s,,,,,
344,BeD+ (v'=5) → Be (ground state) + D (ground state),BeD+ (v'=5),Be (ground state) + D (ground state),2300.0,K,1.06838e-07,cm3/s,,,,,
344,BeD+ (v'=5) → Be (ground state) + D (ground state),BeD+ (v'=5),Be (ground state) + D (ground state),2400.0,K,1.05695e-07,cm3/s,,,,,
344,BeD+ (v'=5) → Be (ground state) + D (ground state),BeD+ (v'=5),Be (ground state) + D (ground state),2500.0,K,1.04572e-07,cm3/s,,,,,
344,BeD+ (v'=5) → Be (ground state) + D (ground state),BeD+ (v'=5),Be (ground state) + D (ground state),2600.0,K,1.03466e-07,cm3/s,,,,,
344,BeD+ (v'=5) → Be (ground state) + D (ground state),BeD+ (v'=5),Be (ground state) + D (ground state),2700.0,K,1.02379e-07,cm3/s,,,,,
344,BeD+ (v'=5) → Be (ground state) + D (ground state),BeD+ (v'=5),Be (ground state) + D (ground state),2800.0,K,1.01309e-07,cm3/s,,,,,
344,BeD+ (v'=5) → Be (ground state) + D (ground state),BeD+ (v'=5),Be (ground state) + D (ground state),2900.0,K,1.00257e-07,cm3/s,,,,,
344,BeD+ (v'=5) → Be (ground state) + D (ground state),BeD+ (v'=5),Be (ground state) + D (ground state),3000.0,K,9.92221e-08,cm3/s,,,,,
344,BeD+ (v'=5) → Be (ground state) + D (ground state),BeD+ (v'=5),Be (ground state) + D (ground state),3100.0,K,9.82048e-08,cm3/s,,,,,
344,BeD+ (v'=5) → Be (ground state) + D (ground state),BeD+ (v'=5),Be (ground state) + D (ground state),3200.0,K,9.72049e-08,cm3/s,,,,,
344,BeD+ (v'=5) → Be (ground state) + D (ground state),BeD+ (v'=5),Be (ground state) + D (ground state),3300.0,K,9.62222e-08,cm3/s,,,,,
344,BeD+ (v'=5) → Be (ground state) + D (ground state),BeD+ (v'=5),Be (ground state) + D (ground state),3400.0,K,9.52567e-08,cm3/s,,,,,
344,BeD+ (v'=5) → Be (ground state) + D (ground state),BeD+ (v'=5),Be (ground state) + D (ground state),3500.0,K,9.4308e-08,cm3/s,,,,,
344,BeD+ (v'=5) → Be (ground state) + D (ground state),BeD+ (v'=5),Be (ground state) + D (ground state),3600.0,K,9.3376e-08,cm3/s,,,,,
344,BeD+ (v'=5) → Be (ground state) + D (ground state),BeD+ (v'=5),Be (ground state) + D (ground state),3700.0,K,9.24604e-08,cm3/s,,,,,
344,BeD+ (v'=5) → Be (ground state) + D (ground state),BeD+ (v'=5),Be (ground state) + D (ground state),3800.0,K,9.1561e-08,cm3/s,,,,,
344,BeD+ (v'=5) → Be (ground state) + D (ground state),BeD+ (v'=5),Be (ground state) + D (ground state),3900.0,K,9.06776e-08,cm3/s,,,,,
344,BeD+ (v'=5) → Be (ground state) + D (ground state),BeD+ (v'=5),Be (ground state) + D (ground state),4000.0,K,8.98097e-08,cm3/s,,,,,
344,BeD+ (v'=5) → Be (ground state) + D (ground state),BeD+ (v'=5),Be (ground state) + D (ground state),4100.0,K,8.8957e-08,cm3/s,,,,,
344,BeD+ (v'=5) → Be (ground state) + D (ground state),BeD+ (v'=5),Be (ground state) + D (ground state),4200.0,K,8.81193e-08,cm3/s,,,,,
344,BeD+ (v'=5) → Be (ground state) + D (ground state),BeD+ (v'=5),Be (ground state) + D (ground state),4300.0,K,8.72962e-08,cm3/s,,,,,
344,BeD+ (v'=5) → Be (ground state) + D (ground state),BeD+ (v'=5),Be (ground state) + D (ground state),4400.0,K,8.64873e-08,cm3/s,,,,,
344,BeD+ (v'=5) → Be (ground state) + D (ground state),BeD+ (v'=5),Be (ground state) + D (ground state),4500.0,K,8.56924e-08,cm3/s,,,,,
344,BeD+ (v'=5) → Be (ground state) + D (ground state),BeD+ (v'=5),Be (ground state) + D (ground state),4600.0,K,8.4911e-08,cm3/s,,,,,
344,BeD+ (v'=5) → Be (ground state) + D (ground state),BeD+ (v'=5),Be (ground state) + D (ground state),4700.0,K,8.41429e-08,cm3/s,,,,,
344,BeD+ (v'=5) → Be (ground state) + D (ground state),BeD+ (v'=5),Be (ground state) + D (ground state),4800.0,K,8.33876e-08,cm3/s,,,,,
344,BeD+ (v'=5) → Be (ground state) + D (ground state),BeD+ (v'=5),Be (ground state) + D (ground state),4900.0,K,8.26449e-08,cm3/s,,,,,
344,BeD+ (v'=5) → Be (ground state) + D (ground state),BeD+ (v'=5),Be (ground state) + D (ground state),5000.0,K,8.19144e-08,cm3/s,,,,,
