collision_id,reaction,reactants,products,x,x_unit,y,y_unit,reactant_n_min,reactant_n_max,product_n_min,product_n_max,delta_n_max
1,H (n=1) + H (n=4) → H (n=1) + H (n=5),H (n=1) + H (n=4),H (n=1) + H (n=5),2000.0,K,2.82409e-09,cm3/s,1,4,1,5,1
1,H (n=1) + H (n=4) → H (n=1) + H (n=5),H (n=1) + H (n=4),H (n=1) + H (n=5),3000.0,K,4.42323e-09,cm3/s,1,4,1,5,1
1,H (n=1) + H (n=4) → H (n=1) + H (n=5),H (n=1) + H (n=4),H (n=1) + H (n=5),5000.0,K,6.24561e-09,cm3/s,1,4,1,5,1
1,H (n=1) + H (n=4) → H (n=1) + H (n=5),H (n=1) + H (n=4),H (n=1) + H (n=5),7000.0,K,7.18872e-09,cm3/s,1,4,1,5,1
1,H (n=1) + H (n=4) → H (n=1) + H (n=5),H (n=1) + H (n=4),H (n=1) + H (n=5),8000.0,K,7.50148e-09,cm3/s,1,4,1,5,1
1,H (n=1) + H (n=4) → H (n=1) + H (n=5),H (n=1) + H (n=4),H (n=1) + H (n=5),9000.0,K,7.74978e-09,cm3/s,1,4,1,5,1
1,H (n=1) + H (n=4) → H (n=1) + H (n=5),H (n=1) + H (n=4),H (n=1) + H (n=5),10000.0,K,7.95119e-09,cm3/s,1,4,1,5,1
1,H (n=1) + H (n=4) → H (n=1) + H (n=5),H (n=1) + H (n=4),H (n=1) + H (n=5),15000.0,K,8.56558e-09,cm3/s,1,4,1,5,1
1,H (n=1) + H (n=4) → H (n=1) + H (n=5),H (n=1) + H (n=4),H (n=1) + H (n=5),20000.0,K,8.87458e-09,cm3/s,1,4,1,5,1
1,H (n=1) + H (n=4) → H (n=1) + H (n=5),H (n=1) + H (n=4),H (n=1) + H (n=5),25000.0,K,9.05872e-09,cm3/s,1,4,1,5,1
1,H (n=1) + H (n=4) → H (n=1) + H (n=5),H (n=1) + H (n=4),H (n=1) + H (n=5),30000.0,K,9.18031e-09,cm3/s,1,4,1,5,1
2,H (n=1) + H (n=4) → H (n=1) + H (n=6),H (n=1) + H (n=4),H (n=1) + H (n=6),2000.0,K,3.2878e-10,cm3/s,1,4,1,6,2
2,H (n=1) + H (n=4) → H (n=1) + H (n=6),H (n=1) + H (n=4),H (n=1) + H (n=6),3000.0,K,7.2276e-10,cm3/s,1,4,1,6,2
2,H (n=1) + H (n=4) → H (n=1) + H (n=6),H (n=1) + H (n=4),H (n=1) + H (n=6),5000.0,K,1.32049e-09,cm3/s,1,4,1,6,2
2,H (n=1) + H (n=4) → H (n=1) + H (n=6),H (n=1) + H (n=4),H (n=1) + H (n=6),7000.0,K,1.68755e-09,cm3/s,1,4,1,6,2
2,H (n=1) + H (n=4) → H (n=1) + H (n=6),H (n=1) + H (n=4),H (n=1) + H (n=6),8000.0,K,1.81762e-09,cm3/s,1,4,1,6,2
2,H (n=1) + H (n=4) → H (n=1) + H (n=6),H (n=1) + H (n=4),H (n=1) + H (n=6),9000.0,K,1.9238e-09,cm3/s,1,4,1,6,2
2,H (n=1) + H (n=4) → H (n=1) + H (n=6),H (n=1) + H (n=4),H (n=1) + H (n=6),10000.0,K,2.01179e-09,cm3/s,1,4,1,6,2
2,H (n=1) + H (n=4) → H (n=1) + H (n=6),H (n=1) + H (n=4),H (n=1) + H (n=6),15000.0,K,2.29039e-09,cm3/s,1,4,1,6,2
2,H (n=1) + H (n=4) → H (n=1) + H (n=6),H (n=1) + H (n=4),H (n=1) + H (n=6),20000.0,K,2.43614e-09,cm3/s,1,4,1,6,2
2,H (n=1) + H (n=4) → H (n=1) + H (n=6),H (n=1) + H (n=4),H (n=1) + H (n=6),25000.0,K,2.5247e-09,cm3/s,1,4,1,6,2
2,H (n=1) + H (n=4) → H (n=1) + H (n=6),H (n=1) + H (n=4),H (n=1) + H (n=6),30000.0,K,2.58383e-09,cm3/s,1,4,1,6,2
3,H (n=1) + H (n=4) → H (n=7) + H (n=1),H (n=1) + H (n=4),H (n=7) + H (n=1),2000.0,K,9.004e-11,cm3/s,1,4,1,7,3
3,H (n=1) + H (n=4) → H (n=7) + H (n=1),H (n=1) + H (n=4),H (n=7) + H (n=1),3000.0,K,2.4014e-10,cm3/s,1,4,1,7,3
3,H (n=1) + H (n=4) → H (n=7) + H (n=1),H (n=1) + H (n=4),H (n=7) + H (n=1),5000.0,K,5.0917e-10,cm3/s,1,4,1,7,3
3,H (n=1) + H (n=4) → H (n=7) + H (n=1),H (n=1) + H (n=4),H (n=7) + H (n=1),7000.0,K,6.9174e-10,cm3/s,1,4,1,7,3
3,H (n=1) + H (n=4) → H (n=7) + H (n=1),H (n=1) + H (n=4),H (n=7) + H (n=1),8000.0,K,7.5905e-10,cm3/s,1,4,1,7,3
3,H (n=1) + H (n=4) → H (n=7) + H (n=1),H (n=1) + H (n=4),H (n=7) + H (n=1),9000.0,K,8.1493e-10,cm3/s,1,4,1,7,3
3,H (n=1) + H (n=4) → H (n=7) + H (n=1),H (n=1) + H (n=4),H (n=7) + H (n=1),10000.0,K,8.6185e-10,cm3/s,1,4,1,7,3
3,H (n=1) + H (n=4) → H (n=7) + H (n=1),H (n=1) + H (n=4),H (n=7) + H (n=1),15000.0,K,1.01388e-09,cm3/s,1,4,1,7,3
3,H (n=1) + H (n=4) → H (n=7) + H (n=1),H (n=1) + H (n=4),H (n=7) + H (n=1),20000.0,K,1.09539e-09,cm3/s,1,4,1,7,3
3,H (n=1) + H (n=4) → H (n=7) + H (n=1),H (n=1) + H (n=4),H (n=7) + H (n=1),25000.0,K,1.14553e-09,cm3/s,1,4,1,7,3
3,H (n=1) + H (n=4) → H (n=7) + H (n=1),H (n=1) + H (n=4),H (n=7) + H (n=1),30000.0,K,1.17927e-09,cm3/s,1,4,1,7,3
4,H (n=1) + H (n=4) → H (n=8) + H (n=1),H (n=1) + H (n=4),H (n=8) + H (n=1),2000.0,K,3.617e-11,cm3/s,1,4,1,8,4
4,H (n=1) + H (n=4) → H (n=8) + H (n=1),H (n=1) + H (n=4),H (n=8) + H (n=1),3000.0,K,1.0906e-10,cm3/s,1,4,1,8,4
4,H (n=1) + H (n=4) → H (n=8) + H (n=1),H (n=1) + H (n=4),H (n=8) + H (n=1),5000.0,K,2.5438e-10,cm3/s,1,4,1,8,4
4,H (n=1) + H (n=4) → H (n=8) + H (n=1),H (n=1) + H (n=4),H (n=8) + H (n=1),7000.0,K,3.5948e-10,cm3/s,1,4,1,8,4
4,H (n=1) + H (n=4) → H (n=8) + H (n=1),H (n=1) + H (n=4),H (n=8) + H (n=1),8000.0,K,3.9924e-10,cm3/s,1,4,1,8,4
4,H (n=1) + H (n=4) → H (n=8) + H (n=1),H (n=1) + H (n=4),H (n=8) + H (n=1),9000.0,K,4.3261e-10,cm3/s,1,4,1,8,4
4,H (n=1) + H (n=4) → H (n=8) + H (n=1),H (n=1) + H (n=4),H (n=8) + H (n=1),10000.0,K,4.6087e-10,cm3/s,1,4,1,8,4
4,H (n=1) + H (n=4) → H (n=8) + H (n=1),H (n=1) + H (n=4),H (n=8) + H (n=1),15000.0,K,5.5383e-10,cm3/s,1,4,1,8,4
4,H (n=1) + H (n=4) → H (n=8) + H (n=1),H (n=1) + H (n=4),H (n=8) + H (n=1),20000.0,K,6.0448e-10,cm3/s,1,4,1,8,4
4,H (n=1) + H (n=4) → H (n=8) + H (n=1),H (n=1) + H (n=4),H (n=8) + H (n=1),25000.0,K,6.359e-10,cm3/s,1,4,1,8,4
4,H (n=1) + H (n=4) → H (n=8) + H (n=1),H (n=1) + H (n=4),H (n=8) + H (n=1),30000.0,K,6.5714e-10,cm3/s,1,4,1,8,4
5,H (n=1) + H (n=4) → H (n=9) + H (n=1),H (n=1) + H (n=4),H (n=9) + H (n=1),2000.0,K,1.806e-11,cm3/s,1,4,1,9,5
5,H (n=1) + H (n=4) → H (n=9) + H (n=1),H (n=1) + H (n=4),H (n=9) + H (n=1),3000.0,K,5.92e-11,cm3/s,1,4,1,9,5
5,H (n=1) + H (n=4) → H (n=9) + H (n=1),H (n=1) + H (n=4),H (n=9) + H (n=1),5000.0,K,1.4738e-10,cm3/s,1,4,1,9,5
5,H (n=1) + H (n=4) → H (n=9) + H (n=1),H (n=1) + H (n=4),H (n=9) + H (n=1),7000.0,K,2.1397e-10,cm3/s,1,4,1,9,5
5,H (n=1) + H (n=4) → H (n=9) + H (n=1),H (n=1) + H (n=4),H (n=9) + H (n=1),8000.0,K,2.396e-10,cm3/s,1,4,1,9,5
5,H (n=1) + H (n=4) → H (n=9) + H (n=1),H (n=1) + H (n=4),H (n=9) + H (n=1),9000.0,K,2.6128e-10,cm3/s,1,4,1,9,5
5,H (n=1) + H (n=4) → H (n=9) + H (n=1),H (n=1) + H (n=4),H (n=9) + H (n=1),10000.0,K,2.7975e-10,cm3/s,1,4,1,9,5
5,H (n=1) + H (n=4) → H (n=9) + H (n=1),H (n=1) + H (n=4),H (n=9) + H (n=1),15000.0,K,3.4114e-10,cm3/s,1,4,1,9,5
5,H (n=1) + H (n=4) → H (n=9) + H (n=1),H (n=1) + H (n=4),H (n=9) + H (n=1),20000.0,K,3.7496e-10,cm3/s,1,4,1,9,5
5,H (n=1) + H (n=4) → H (n=9) + H (n=1),H (n=1) + H (n=4),H (n=9) + H (n=1),25000.0,K,3.9606e-10,cm3/s,1,4,1,9,5
5,H (n=1) + H (n=4) → H (n=9) + H (n=1),H (n=1) + H (n=4),H (n=9) + H (n=1),30000.0,K,4.1037e-10,cm3/s,1,4,1,9,5
6,H (n=1) + H (n=5) → H (n=1) + H (n=6),H (n=1) + H (n=5),H (n=1) + H (n=6),2000.0,K,2.68161e-09,cm3/s,1,5,1,6,1
6,H (n=1) + H (n=5) → H (n=1) + H (n=6),H (n=1) + H (n=5),H (n=1) + H (n=6),3000.0,K,3.37083e-09,cm3/s,1,5,1,6,1
6,H (n=1) + H (n=5) → H (n=1) + H (n=6),H (n=1) + H (n=5),H (n=1) + H (n=6),5000.0,K,4.0061e-09,cm3/s,1,5,1,6,1
6,H (n=1) + H (n=5) → H (n=1) + H (n=6),H (n=1) + H (n=5),H (n=1) + H (n=6),7000.0,K,4.2943e-09,cm3/s,1,5,1,6,1
6,H (n=1) + H (n=5) → H (n=1) + H (n=6),H (n=1) + H (n=5),H (n=1) + H (n=6),8000.0,K,4.38513e-09,cm3/s,1,5,1,6,1
6,H (n=1) + H (n=5) → H (n=1) + H (n=6),H (n=1) + H (n=5),H (n=1) + H (n=6),9000.0,K,4.45573e-09,cm3/s,1,5,1,6,1
6,H (n=1) + H (n=5) → H (n=1) + H (n=6),H (n=1) + H (n=5),H (n=1) + H (n=6),10000.0,K,4.51208e-09,cm3/s,1,5,1,6,1
6,H (n=1) + H (n=5) → H (n=1) + H (n=6),H (n=1) + H (n=5),H (n=1) + H (n=6),15000.0,K,4.67927e-09,cm3/s,1,5,1,6,1
6,H (n=1) + H (n=5) → H (n=1) + H (n=6),H (n=1) + H (n=5),H (n=1) + H (n=6),20000.0,K,4.76096e-09,cm3/s,1,5,1,6,1
6,H (n=1) + H (n=5) → H (n=1) + H (n=6),H (n=1) + H (n=5),H (n=1) + H (n=6),25000.0,K,4.80898e-09,cm3/s,1,5,1,6,1
6,H (n=1) + H (n=5) → H (n=1) + H (n=6),H (n=1) + H (n=5),H (n=1) + H (n=6),30000.0,K,4.84047e-09,cm3/s,1,5,1,6,1
7,H (n=1) + H (n=5) → H (n=7) + H (n=1),H (n=1) + H (n=5),H (n=7) + H (n=1),2000.0,K,5.0323e-10,cm3/s,1,5,1,7,2
7,H (n=1) + H (n=5) → H (n=7) + H (n=1),H (n=1) + H (n=5),H (n=7) + H (n=1),3000.0,K,7.6422e-10,cm3/s,1,5,1,7,2
7,H (n=1) + H (n=5) → H (n=7) + H (n=1),H (n=1) + H (n=5),H (n=7) + H (n=1),5000.0,K,1.04763e-09,cm3/s,1,5,1,7,2
7,H (n=1) + H (n=5) → H (n=7) + H (n=1),H (n=1) + H (n=5),H (n=7) + H (n=1),7000.0,K,1.18951e-09,cm3/s,1,5,1,7,2
7,H (n=1) + H (n=5) → H (n=7) + H (n=1),H (n=1) + H (n=5),H (n=7) + H (n=1),8000.0,K,1.23592e-09,cm3/s,1,5,1,7,2
7,H (n=1) + H (n=5) → H (n=7) + H (n=1),H (n=1) + H (n=5),H (n=7) + H (n=1),9000.0,K,1.27255e-09,cm3/s,1,5,1,7,2
7,H (n=1) + H (n=5) → H (n=7) + H (n=1),H (n=1) + H (n=5),H (n=7) + H (n=1),10000.0,K,1.30213e-09,cm3/s,1,5,1,7,2
7,H (n=1) + H (n=5) → H (n=7) + H (n=1),H (n=1) + H (n=5),H (n=7) + H (n=1),15000.0,K,1.39164e-09,cm3/s,1,5,1,7,2
7,H (n=1) + H (n=5) → H (n=7) + H (n=1),H (n=1) + H (n=5),H (n=7) + H (n=1),20000.0,K,1.43627e-09,cm3/s,1,5,1,7,2
7,H (n=1) + H (n=5) → H (n=7) + H (n=1),H (n=1) + H (n=5),H (n=7) + H (n=1),25000.0,K,1.46275e-09,cm3/s,1,5,1,7,2
7,H (n=1) + H (n=5) → H (n=7) + H (n=1),H (n=1) + H (n=5),H (n=7) + H (n=1),30000.0,K,1.4802e-09,cm3/s,1,5,1,7,2
8,H (n=1) + H (n=5) → H (n=8) + H (n=1),H (n=1) + H (n=5),H (n=8) + H (n=1),2000.0,K,1.7648e-10,cm3/s,1,5,1,8,3
8,H (n=1) + H (n=5) → H (n=8) + H (n=1),H (n=1) + H (n=5),H (n=8) + H (n=1),3000.0,K,3.0197e-10,cm3/s,1,5,1,8,3
8,H (n=1) + H (n=5) → H (n=8) + H (n=1),H (n=1) + H (n=5),H (n=8) + H (n=1),5000.0,K,4.5344e-10,cm3/s,1,5,1,8,3
8,H (n=1) + H (n=5) → H (n=8) + H (n=1),H (n=1) + H (n=5),H (n=8) + H (n=1),7000.0,K,5.3427e-10,cm3/s,1,5,1,8,3
8,H (n=1) + H (n=5) → H (n=8) + H (n=1),H (n=1) + H (n=5),H (n=8) + H (n=1),8000.0,K,5.6137e-10,cm3/s,1,5,1,8,3
8,H (n=1) + H (n=5) → H (n=8) + H (n=1),H (n=1) + H (n=5),H (n=8) + H (n=1),9000.0,K,5.8299e-10,cm3/s,1,5,1,8,3
8,H (n=1) + H (n=5) → H (n=8) + H (n=1),H (n=1) + H (n=5),H (n=8) + H (n=1),10000.0,K,6.0057e-10,cm3/s,1,5,1,8,3
8,H (n=1) + H (n=5) → H (n=8) + H (n=1),H (n=1) + H (n=5),H (n=8) + H (n=1),15000.0,K,6.5453e-10,cm3/s,1,5,1,8,3
8,H (n=1) + H (n=5) → H (n=8) + H (n=1),H (n=1) + H (n=5),H (n=8) + H (n=1),20000.0,K,6.8182e-10,cm3/s,1,5,1,8,3
8,H (n=1) + H (n=5) → H (n=8) + H (n=1),H (n=1) + H (n=5),H (n=8) + H (n=1),25000.0,K,6.9812e-10,cm3/s,1,5,1,8,3
8,H (n=1) + H (n=5) → H (n=8) + H (n=1),H (n=1) + H (n=5),H (n=8) + H (n=1),30000.0,K,7.089e-10,cm3/s,1,5,1,8,3
9,H (n=1) + H (n=5) → H (n=9) + H (n=1),H (n=1) + H (n=5),H (n=9) + H (n=1),2000.0,K,8.211e-11,cm3/s,1,5,1,9,4
9,H (n=1) + H (n=5) → H (n=9) + H (n=1),H (n=1) + H (n=5),H (n=9) + H (n=1),3000.0,K,1.5238e-10,cm3/s,1,5,1,9,4
9,H (n=1) + H (n=5) → H (n=9) + H (n=1),H (n=1) + H (n=5),H (n=9) + H (n=1),5000.0,K,2.4354e-10,cm3/s,1,5,1,9,4
9,H (n=1) + H (n=5) → H (n=9) + H (n=1),H (n=1) + H (n=5),H (n=9) + H (n=1),7000.0,K,2.9437e-10,cm3/s,1,5,1,9,4
9,H (n=1) + H (n=5) → H (n=9) + H (n=1),H (n=1) + H (n=5),H (n=9) + H (n=1),8000.0,K,3.1171e-10,cm3/s,1,5,1,9,4
9,H (n=1) + H (n=5) → H (n=9) + H (n=1),H (n=1) + H (n=5),H (n=9) + H (n=1),9000.0,K,3.2563e-10,cm3/s,1,5,1,9,4
9,H (n=1) + H (n=5) → H (n=9) + H (n=1),H (n=1) + H (n=5),H (n=9) + H (n=1),10000.0,K,3.3702e-10,cm3/s,1,5,1,9,4
9,H (n=1) + H (n=5) → H (n=9) + H (n=1),H (n=1) + H (n=5),H (n=9) + H (n=1),15000.0,K,3.7231e-10,cm3/s,1,5,1,9,4
9,H (n=1) + H (n=5) → H (n=9) + H (n=1),H (n=1) + H (n=5),H (n=9) + H (n=1),20000.0,K,3.9034e-10,cm3/s,1,5,1,9,4
9,H (n=1) + H (n=5) → H (n=9) + H (n=1),H (n=1) + H (n=5),H (n=9) + H (n=1),25000.0,K,4.0116e-10,cm3/s,1,5,1,9,4
9,H (n=1) + H (n=5) → H (n=9) + H (n=1),H (n=1) + H (n=5),H (n=9) + H (n=1),30000.0,K,4.0834e-10,cm3/s,1,5,1,9,4
10,H (n=1) + H (n=5) → H (n=10) + H (n=1),H (n=1) + H (n=5),H (n=10) + H (n=1),2000.0,K,4.51e-11,cm3/s,1,5,1,10,5
10,H (n=1) + H (n=5) → H (n=10) + H (n=1),H (n=1) + H (n=5),H (n=10) + H (n=1),3000.0,K,8.87e-11,cm3/s,1,5,1,10,5
10,H (n=1) + H (n=5) → H (n=10) + H (n=1),H (n=1) + H (n=5),H (n=10) + H (n=1),5000.0,K,1.4824e-10,cm3/s,1,5,1,10,5
10,H (n=1) + H (n=5) → H (n=10) + H (n=1),H (n=1) + H (n=5),H (n=10) + H (n=1),7000.0,K,1.825e-10,cm3/s,1,5,1,10,5
10,H (n=1) + H (n=5) → H (n=10) + H (n=1),H (n=1) + H (n=5),H (n=10) + H (n=1),8000.0,K,1.9433e-10,cm3/s,1,5,1,10,5
10,H (n=1) + H (n=5) → H (n=10) + H (n=1),H (n=1) + H (n=5),H (n=10) + H (n=1),9000.0,K,2.0388e-10,cm3/s,1,5,1,10,5
10,H (n=1) + H (n=5) → H (n=10) + H (n=1),H (n=1) + H (n=5),H (n=10) + H (n=1),10000.0,K,2.1172e-10,cm3/s,1,5,1,10,5
10,H (n=1) + H (n=5) → H (n=10) + H (n=1),H (n=1) + H (n=5),H (n=10) + H (n=1),15000.0,K,2.3618e-10,cm3/s,1,5,1,10,5
10,H (n=1) + H (n=5) → H (n=10) + H (n=1),H (n=1) + H (n=5),H (n=10) + H (n=1),20000.0,K,2.4877e-10,cm3/s,1,5,1,10,5
10,H (n=1) + H (n=5) → H (n=10) + H (n=1),H (n=1) + H (n=5),H (n=10) + H (n=1),25000.0,K,2.5636e-10,cm3/s,1,5,1,10,5
10,H (n=1) + H (n=5) → H (n=10) + H (n=1),H (n=1) + H (n=5),H (n=10) + H (n=1),30000.0,K,2.6141e-10,cm3/s,1,5,1,10,5
11,H (n=1) + H (n=6) → H (n=7) + H (n=1),H (n=1) + H (n=6),H (n=7) + H (n=1),2000.0,K,1.97872e-09,cm3/s,1,6,1,7,1
11,H (n=1) + H (n=6) → H (n=7) + H (n=1),H (n=1) + H (n=6),H (n=7) + H (n=1),3000.0,K,2.2484e-09,cm3/s,1,6,1,7,1
11,H (n=1) + H (n=6) → H (n=7) + H (n=1),H (n=1) + H (n=6),H (n=7) + H (n=1),5000.0,K,2.47312e-09,cm3/s,1,6,1,7,1
11,H (n=1) + H (n=6) → H (n=7) + H (n=1),H (n=1) + H (n=6),H (n=7) + H (n=1),7000.0,K,2.56897e-09,cm3/s,1,6,1,7,1
11,H (n=1) + H (n=6) → H (n=7) + H (n=1),H (n=1) + H (n=6),H (n=7) + H (n=1),8000.0,K,2.59849e-09,cm3/s,1,6,1,7,1
11,H (n=1) + H (n=6) → H (n=7) + H (n=1),H (n=1) + H (n=6),H (n=7) + H (n=1),9000.0,K,2.62123e-09,cm3/s,1,6,1,7,1
11,H (n=1) + H (n=6) → H (n=7) + H (n=1),H (n=1) + H (n=6),H (n=7) + H (n=1),10000.0,K,2.63924e-09,cm3/s,1,6,1,7,1
11,H (n=1) + H (n=6) → H (n=7) + H (n=1),H (n=1) + H (n=6),H (n=7) + H (n=1),15000.0,K,2.69208e-09,cm3/s,1,6,1,7,1
11,H (n=1) + H (n=6) → H (n=7) + H (n=1),H (n=1) + H (n=6),H (n=7) + H (n=1),20000.0,K,2.7176e-09,cm3/s,1,6,1,7,1
11,H (n=1) + H (n=6) → H (n=7) + H (n=1),H (n=1) + H (n=6),H (n=7) + H (n=1),25000.0,K,2.73253e-09,cm3/s,1,6,1,7,1
11,H (n=1) + H (n=6) → H (n=7) + H (n=1),H (n=1) + H (n=6),H (n=7) + H (n=1),30000.0,K,2.7423e-09,cm3/s,1,6,1,7,1
12,H (n=1) + H (n=6) → H (n=8) + H (n=1),H (n=1) + H (n=6),H (n=8) + H (n=1),2000.0,K,4.7651e-10,cm3/s,1,6,1,8,2
12,H (n=1) + H (n=6) → H (n=8) + H (n=1),H (n=1) + H (n=6),H (n=8) + H (n=1),3000.0,K,6.0719e-10,cm3/s,1,6,1,8,2
12,H (n=1) + H (n=6) → H (n=8) + H (n=1),H (n=1) + H (n=6),H (n=8) + H (n=1),5000.0,K,7.278e-10,cm3/s,1,6,1,8,2
12,H (n=1) + H (n=6) → H (n=8) + H (n=1),H (n=1) + H (n=6),H (n=8) + H (n=1),7000.0,K,7.8249e-10,cm3/s,1,6,1,8,2
12,H (n=1) + H (n=6) → H (n=8) + H (n=1),H (n=1) + H (n=6),H (n=8) + H (n=1),8000.0,K,7.9972e-10,cm3/s,1,6,1,8,2
12,H (n=1) + H (n=6) → H (n=8) + H (n=1),H (n=1) + H (n=6),H (n=8) + H (n=1),9000.0,K,8.1311e-10,cm3/s,1,6,1,8,2
12,H (n=1) + H (n=6) → H (n=8) + H (n=1),H (n=1) + H (n=6),H (n=8) + H (n=1),10000.0,K,8.238e-10,cm3/s,1,6,1,8,2
12,H (n=1) + H (n=6) → H (n=8) + H (n=1),H (n=1) + H (n=6),H (n=8) + H (n=1),15000.0,K,8.5548e-10,cm3/s,1,6,1,8,2
12,H (n=1) + H (n=6) → H (n=8) + H (n=1),H (n=1) + H (n=6),H (n=8) + H (n=1),20000.0,K,8.7096e-10,cm3/s,1,6,1,8,2
12,H (n=1) + H (n=6) → H (n=8) + H (n=1),H (n=1) + H (n=6),H (n=8) + H (n=1),25000.0,K,8.8005e-10,cm3/s,1,6,1,8,2
12,H (n=1) + H (n=6) → H (n=8) + H (n=1),H (n=1) + H (n=6),H (n=8) + H (n=1),30000.0,K,8.8601e-10,cm3/s,1,6,1,8,2
13,H (n=1) + H (n=6) → H (n=9) + H (n=1),H (n=1) + H (n=6),H (n=9) + H (n=1),2000.0,K,1.93e-10,cm3/s,1,6,1,9,3
13,H (n=1) + H (n=6) → H (n=9) + H (n=1),H (n=1) + H (n=6),H (n=9) + H (n=1),3000.0,K,2.6584e-10,cm3/s,1,6,1,9,3
13,H (n=1) + H (n=6) → H (n=9) + H (n=1),H (n=1) + H (n=6),H (n=9) + H (n=1),5000.0,K,3.3798e-10,cm3/s,1,6,1,9,3
13,H (n=1) + H (n=6) → H (n=9) + H (n=1),H (n=1) + H (n=6),H (n=9) + H (n=1),7000.0,K,3.7211e-10,cm3/s,1,6,1,9,3
13,H (n=1) + H (n=6) → H (n=9) + H (n=1),H (n=1) + H (n=6),H (n=9) + H (n=1),8000.0,K,3.8304e-10,cm3/s,1,6,1,9,3
13,H (n=1) + H (n=6) → H (n=9) + H (n=1),H (n=1) + H (n=6),H (n=9) + H (n=1),9000.0,K,3.9159e-10,cm3/s,1,6,1,9,3
13,H (n=1) + H (n=6) → H (n=9) + H (n=1),H (n=1) + H (n=6),H (n=9) + H (n=1),10000.0,K,3.9844e-10,cm3/s,1,6,1,9,3
13,H (n=1) + H (n=6) → H (n=9) + H (n=1),H (n=1) + H (n=6),H (n=9) + H (n=1),15000.0,K,4.1894e-10,cm3/s,1,6,1,9,3
13,H (n=1) + H (n=6) → H (n=9) + H (n=1),H (n=1) + H (n=6),H (n=9) + H (n=1),20000.0,K,4.2904e-10,cm3/s,1,6,1,9,3
13,H (n=1) + H (n=6) → H (n=9) + H (n=1),H (n=1) + H (n=6),H (n=9) + H (n=1),25000.0,K,4.35e-10,cm3/s,1,6,1,9,3
13,H (n=1) + H (n=6) → H (n=9) + H (n=1),H (n=1) + H (n=6),H (n=9) + H (n=1),30000.0,K,4.3891e-10,cm3/s,1,6,1,9,3
14,H (n=1) + H (n=6) → H (n=10) + H (n=1),H (n=1) + H (n=6),H (n=10) + H (n=1),2000.0,K,9.85e-11,cm3/s,1,6,1,10,4
14,H (n=1) + H (n=6) → H (n=10) + H (n=1),H (n=1) + H (n=6),H (n=10) + H (n=1),3000.0,K,1.4346e-10,cm3/s,1,6,1,10,4
14,H (n=1) + H (n=6) → H (n=10) + H (n=1),H (n=1) + H (n=6),H (n=10) + H (n=1),5000.0,K,1.9031e-10,cm3/s,1,6,1,10,4
14,H (n=1) + H (n=6) → H (n=10) + H (n=1),H (n=1) + H (n=6),H (n=10) + H (n=1),7000.0,K,2.1317e-10,cm3/s,1,6,1,10,4
14,H (n=1) + H (n=6) → H (n=10) + H (n=1),H (n=1) + H (n=6),H (n=10) + H (n=1),8000.0,K,2.2057e-10,cm3/s,1,6,1,10,4
14,H (n=1) + H (n=6) → H (n=10) + H (n=1),H (n=1) + H (n=6),H (n=10) + H (n=1),9000.0,K,2.2639e-10,cm3/s,1,6,1,10,4
14,H (n=1) + H (n=6) → H (n=10) + H (n=1),H (n=1) + H (n=6),H (n=10) + H (n=1),10000.0,K,2.3107e-10,cm3/s,1,6,1,10,4
14,H (n=1) + H (n=6) → H (n=10) + H (n=1),H (n=1) + H (n=6),H (n=10) + H (n=1),15000.0,K,2.4517e-10,cm3/s,1,6,1,10,4
14,H (n=1) + H (n=6) → H (n=10) + H (n=1),H (n=1) + H (n=6),H (n=10) + H (n=1),20000.0,K,2.5215e-10,cm3/s,1,6,1,10,4
14,H (n=1) + H (n=6) → H (n=10) + H (n=1),H (n=1) + H (n=6),H (n=10) + H (n=1),25000.0,K,2.5629e-10,cm3/s,1,6,1,10,4
14,H (n=1) + H (n=6) → H (n=10) + H (n=1),H (n=1) + H (n=6),H (n=10) + H (n=1),30000.0,K,2.5901e-10,cm3/s,1,6,1,10,4
15,H (n=1) + H (n=6) → H (n=1) + H (n=11),H (n=1) + H (n=6),H (n=1) + H (n=11),2000.0,K,5.765e-11,cm3/s,1,6,1,11,5
15,H (n=1) + H (n=6) → H (n=1) + H (n=11),H (n=1) + H (n=6),H (n=1) + H (n=11),3000.0,K,8.753e-11,cm3/s,1,6,1,11,5
15,H (n=1) + H (n=6) → H (n=1) + H (n=11),H (n=1) + H (n=6),H (n=1) + H (n=11),5000.0,K,1.1985e-10,cm3/s,1,6,1,11,5
15,H (n=1) + H (n=6) → H (n=1) + H (n=11),H (n=1) + H (n=6),H (n=1) + H (n=11),7000.0,K,1.3598e-10,cm3/s,1,6,1,11,5
15,H (n=1) + H (n=6) → H (n=1) + H (n=11),H (n=1) + H (n=6),H (n=1) + H (n=11),8000.0,K,1.4125e-10,cm3/s,1,6,1,11,5
15,H (n=1) + H (n=6) → H (n=1) + H (n=11),H (n=1) + H (n=6),H (n=1) + H (n=11),9000.0,K,1.4541e-10,cm3/s,1,6,1,11,5
15,H (n=1) + H (n=6) → H (n=1) + H (n=11),H (n=1) + H (n=6),H (n=1) + H (n=11),10000.0,K,1.4876e-10,cm3/s,1,6,1,11,5
15,H (n=1) + H (n=6) → H (n=1) + H (n=11),H (n=1) + H (n=6),H (n=1) + H (n=11),15000.0,K,1.5891e-10,cm3/s,1,6,1,11,5
15,H (n=1) + H (n=6) → H (n=1) + H (n=11),H (n=1) + H (n=6),H (n=1) + H (n=11),20000.0,K,1.6396e-10,cm3/s,1,6,1,11,5
15,H (n=1) + H (n=6) → H (n=1) + H (n=11),H (n=1) + H (n=6),H (n=1) + H (n=11),25000.0,K,1.6696e-10,cm3/s,1,6,1,11,5
15,H (n=1) + H (n=6) → H (n=1) + H (n=11),H (n=1) + H (n=6),H (n=1) + H (n=11),30000.0,K,1.6894e-10,cm3/s,1,6,1,11,5
16,H (n=7) + H (n=1) → H (n=8) + H (n=1),H (n=7) + H (n=1),H (n=8) + H (n=1),2000.0,K,1.36415e-09,cm3/s,1,7,1,8,1
16,H (n=7) + H (n=1) → H (n=8) + H (n=1),H (n=7) + H (n=1),H (n=8) + H (n=1),3000.0,K,1.47213e-09,cm3/s,1,7,1,8,1
16,H (n=7) + H (n=1) → H (n=8) + H (n=1),H (n=7) + H (n=1),H (n=8) + H (n=1),5000.0,K,1.55736e-09,cm3/s,1,7,1,8,1
16,H (n=7) + H (n=1) → H (n=8) + H (n=1),H (n=7) + H (n=1),H (n=8) + H (n=1),7000.0,K,1.59254e-09,cm3/s,1,7,1,8,1
16,H (n=7) + H (n=1) → H (n=8) + H (n=1),H (n=7) + H (n=1),H (n=8) + H (n=1),8000.0,K,1.60324e-09,cm3/s,1,7,1,8,1
16,H (n=7) + H (n=1) → H (n=8) + H (n=1),H (n=7) + H (n=1),H (n=8) + H (n=1),9000.0,K,1.61145e-09,cm3/s,1,7,1,8,1
16,H (n=7) + H (n=1) → H (n=8) + H (n=1),H (n=7) + H (n=1),H (n=8) + H (n=1),10000.0,K,1.61792e-09,cm3/s,1,7,1,8,1
16,H (n=7) + H (n=1) → H (n=8) + H (n=1),H (n=7) + H (n=1),H (n=8) + H (n=1),15000.0,K,1.63682e-09,cm3/s,1,7,1,8,1
16,H (n=7) + H (n=1) → H (n=8) + H (n=1),H (n=7) + H (n=1),H (n=8) + H (n=1),20000.0,K,1.6459e-09,cm3/s,1,7,1,8,1
16,H (n=7) + H (n=1) → H (n=8) + H (n=1),H (n=7) + H (n=1),H (n=8) + H (n=1),25000.0,K,1.6512e-09,cm3/s,1,7,1,8,1
16,H (n=7) + H (n=1) → H (n=8) + H (n=1),H (n=7) + H (n=1),H (n=8) + H (n=1),30000.0,K,1.65467e-09,cm3/s,1,7,1,8,1
17,H (n=7) + H (n=1) → H (n=9) + H (n=1),H (n=7) + H (n=1),H (n=9) + H (n=1),2000.0,K,3.8004e-10,cm3/s,1,7,1,9,2
17,H (n=7) + H (n=1) → H (n=9) + H (n=1),H (n=7) + H (n=1),H (n=9) + H (n=1),3000.0,K,4.4152e-10,cm3/s,1,7,1,9,2
17,H (n=7) + H (n=1) → H (n=9) + H (n=1),H (n=7) + H (n=1),H (n=9) + H (n=1),5000.0,K,4.9348e-10,cm3/s,1,7,1,9,2
17,H (n=7) + H (n=1) → H (n=9) + H (n=1),H (n=7) + H (n=1),H (n=9) + H (n=1),7000.0,K,5.1583e-10,cm3/s,1,7,1,9,2
17,H (n=7) + H (n=1) → H (n=9) + H (n=1),H (n=7) + H (n=1),H (n=9) + H (n=1),8000.0,K,5.2273e-10,cm3/s,1,7,1,9,2
17,H (n=7) + H (n=1) → H (n=9) + H (n=1),H (n=7) + H (n=1),H (n=9) + H (n=1),9000.0,K,5.2805e-10,cm3/s,1,7,1,9,2
17,H (n=7) + H (n=1) → H (n=9) + H (n=1),H (n=7) + H (n=1),H (n=9) + H (n=1),10000.0,K,5.3227e-10,cm3/s,1,7,1,9,2
17,H (n=7) + H (n=1) → H (n=9) + H (n=1),H (n=7) + H (n=1),H (n=9) + H (n=1),15000.0,K,5.4466e-10,cm3/s,1,7,1,9,2
17,H (n=7) + H (n=1) → H (n=9) + H (n=1),H (n=7) + H (n=1),H (n=9) + H (n=1),20000.0,K,5.5066e-10,cm3/s,1,7,1,9,2
17,H (n=7) + H (n=1) → H (n=9) + H (n=1),H (n=7) + H (n=1),H (n=9) + H (n=1),25000.0,K,5.5417e-10,cm3/s,1,7,1,9,2
17,H (n=7) + H (n=1) → H (n=9) + H (n=1),H (n=7) + H (n=1),H (n=9) + H (n=1),30000.0,K,5.5646e-10,cm3/s,1,7,1,9,2
18,H (n=7) + H (n=1) → H (n=10) + H (n=1),H (n=7) + H (n=1),H (n=10) + H (n=1),2000.0,K,1.6853e-10,cm3/s,1,7,1,10,3
18,H (n=7) + H (n=1) → H (n=10) + H (n=1),H (n=7) + H (n=1),H (n=10) + H (n=1),3000.0,K,2.0645e-10,cm3/s,1,7,1,10,3
18,H (n=7) + H (n=1) → H (n=10) + H (n=1),H (n=7) + H (n=1),H (n=10) + H (n=1),5000.0,K,2.4012e-10,cm3/s,1,7,1,10,3
18,H (n=7) + H (n=1) → H (n=10) + H (n=1),H (n=7) + H (n=1),H (n=10) + H (n=1),7000.0,K,2.5503e-10,cm3/s,1,7,1,10,3
18,H (n=7) + H (n=1) → H (n=10) + H (n=1),H (n=7) + H (n=1),H (n=10) + H (n=1),8000.0,K,2.5969e-10,cm3/s,1,7,1,10,3
18,H (n=7) + H (n=1) → H (n=10) + H (n=1),H (n=7) + H (n=1),H (n=10) + H (n=1),9000.0,K,2.633e-10,cm3/s,1,7,1,10,3
18,H (n=7) + H (n=1) → H (n=10) + H (n=1),H (n=7) + H (n=1),H (n=10) + H (n=1),10000.0,K,2.6617e-10,cm3/s,1,7,1,10,3
18,H (n=7) + H (n=1) → H (n=10) + H (n=1),H (n=7) + H (n=1),H (n=10) + H (n=1),15000.0,K,2.7464e-10,cm3/s,1,7,1,10,3
18,H (n=7) + H (n=1) → H (n=10) + H (n=1),H (n=7) + H (n=1),H (n=10) + H (n=1),20000.0,K,2.7875e-10,cm3/s,1,7,1,10,3
18,H (n=7) + H (n=1) → H (n=10) + H (n=1),H (n=7) + H (n=1),H (n=10) + H (n=1),25000.0,K,2.8117e-10,cm3/s,1,7,1,10,3
18,H (n=7) + H (n=1) → H (n=10) + H (n=1),H (n=7) + H (n=1),H (n=10) + H (n=1),30000.0,K,2.8275e-10,cm3/s,1,7,1,10,3
19,H (n=7) + H (n=1) → H (n=1) + H (n=11),H (n=7) + H (n=1),H (n=1) + H (n=11),2000.0,K,9.148e-11,cm3/s,1,7,1,11,4
19,H (n=7) + H (n=1) → H (n=1) + H (n=11),H (n=7) + H (n=1),H (n=1) + H (n=11),3000.0,K,1.166e-10,cm3/s,1,7,1,11,4
19,H (n=7) + H (n=1) → H (n=1) + H (n=11),H (n=7) + H (n=1),H (n=1) + H (n=11),5000.0,K,1.3973e-10,cm3/s,1,7,1,11,4
19,H (n=7) + H (n=1) → H (n=1) + H (n=11),H (n=7) + H (n=1),H (n=1) + H (n=11),7000.0,K,1.502e-10,cm3/s,1,7,1,11,4
19,H (n=7) + H (n=1) → H (n=1) + H (n=11),H (n=7) + H (n=1),H (n=1) + H (n=11),8000.0,K,1.535e-10,cm3/s,1,7,1,11,4
19,H (n=7) + H (n=1) → H (n=1) + H (n=11),H (n=7) + H (n=1),H (n=1) + H (n=11),9000.0,K,1.5606e-10,cm3/s,1,7,1,11,4
19,H (n=7) + H (n=1) → H (n=1) + H (n=11),H (n=7) + H (n=1),H (n=1) + H (n=11),10000.0,K,1.5811e-10,cm3/s,1,7,1,11,4
19,H (n=7) + H (n=1) → H (n=1) + H (n=11),H (n=7) + H (n=1),H (n=1) + H (n=11),15000.0,K,1.6417e-10,cm3/s,1,7,1,11,4
19,H (n=7) + H (n=1) → H (n=1) + H (n=11),H (n=7) + H (n=1),H (n=1) + H (n=11),20000.0,K,1.6712e-10,cm3/s,1,7,1,11,4
19,H (n=7) + H (n=1) → H (n=1) + H (n=11),H (n=7) + H (n=1),H (n=1) + H (n=11),25000.0,K,1.6886e-10,cm3/s,1,7,1,11,4
19,H (n=7) + H (n=1) → H (n=1) + H (n=11),H (n=7) + H (n=1),H (n=1) + H (n=11),30000.0,K,1.7e-10,cm3/s,1,7,1,11,4
20,H (n=7) + H (n=1) → H (n=1) + H (n=12),H (n=7) + H (n=1),H (n=1) + H (n=12),2000.0,K,5.597e-11,cm3/s,1,7,1,12,5
20,H (n=7) + H (n=1) → H (n=1) + H (n=12),H (n=7) + H (n=1),H (n=1) + H (n=12),3000.0,K,7.354e-11,cm3/s,1,7,1,12,5
20,H (n=7) + H (n=1) → H (n=1) + H (n=12),H (n=7) + H (n=1),H (n=1) + H (n=12),5000.0,K,9.018e-11,cm3/s,1,7,1,12,5
20,H (n=7) + H (n=1) → H (n=1) + H (n=12),H (n=7) + H (n=1),H (n=1) + H (n=12),7000.0,K,9.785e-11,cm3/s,1,7,1,12,5
20,H (n=7) + H (n=1) → H (n=1) + H (n=12),H (n=7) + H (n=1),H (n=1) + H (n=12),8000.0,K,1.0028e-10,cm3/s,1,7,1,12,5
20,H (n=7) + H (n=1) → H (n=1) + H (n=12),H (n=7) + H (n=1),H (n=1) + H (n=12),9000.0,K,1.0217e-10,cm3/s,1,7,1,12,5
20,H (n=7) + H (n=1) → H (n=1) + H (n=12),H (n=7) + H (n=1),H (n=1) + H (n=12),10000.0,K,1.0368e-10,cm3/s,1,7,1,12,5
20,H (n=7) + H (n=1) → H (n=1) + H (n=12),H (n=7) + H (n=1),H (n=1) + H (n=12),15000.0,K,1.0818e-10,cm3/s,1,7,1,12,5
20,H (n=7) + H (n=1) → H (n=1) + H (n=12),H (n=7) + H (n=1),H (n=1) + H (n=12),20000.0,K,1.1038e-10,cm3/s,1,7,1,12,5
20,H (n=7) + H (n=1) → H (n=1) + H (n=12),H (n=7) + H (n=1),H (n=1) + H (n=12),25000.0,K,1.1168e-10,cm3/s,1,7,1,12,5
20,H (n=7) + H (n=1) → H (n=1) + H (n=12),H (n=7) + H (n=1),H (n=1) + H (n=12),30000.0,K,1.1253e-10,cm3/s,1,7,1,12,5
21,H (n=8) + H (n=1) → H (n=9) + H (n=1),H (n=8) + H (n=1),H (n=9) + H (n=1),2000.0,K,9.3319e-10,cm3/s,1,8,1,9,1
21,H (n=8) + H (n=1) → H (n=9) + H (n=1),H (n=8) + H (n=1),H (n=9) + H (n=1),3000.0,K,9.7869e-10,cm3/s,1,8,1,9,1
21,H (n=8) + H (n=1) → H (n=9) + H (n=1),H (n=8) + H (n=1),H (n=9) + H (n=1),5000.0,K,1.01344e-09,cm3/s,1,8,1,9,1
21,H (n=8) + H (n=1) → H (n=9) + H (n=1),H (n=8) + H (n=1),H (n=9) + H (n=1),7000.0,K,1.02749e-09,cm3/s,1,8,1,9,1
21,H (n=8) + H (n=1) → H (n=9) + H (n=1),H (n=8) + H (n=1),H (n=9) + H (n=1),8000.0,K,1.03173e-09,cm3/s,1,8,1,9,1
21,H (n=8) + H (n=1) → H (n=9) + H (n=1),H (n=8) + H (n=1),H (n=9) + H (n=1),9000.0,K,1.03498e-09,cm3/s,1,8,1,9,1
21,H (n=8) + H (n=1) → H (n=9) + H (n=1),H (n=8) + H (n=1),H (n=9) + H (n=1),10000.0,K,1.03753e-09,cm3/s,1,8,1,9,1
21,H (n=8) + H (n=1) → H (n=9) + H (n=1),H (n=8) + H (n=1),H (n=9) + H (n=1),15000.0,K,1.04496e-09,cm3/s,1,8,1,9,1
21,H (n=8) + H (n=1) → H (n=9) + H (n=1),H (n=8) + H (n=1),H (n=9) + H (n=1),20000.0,K,1.04853e-09,cm3/s,1,8,1,9,1
21,H (n=8) + H (n=1) → H (n=9) + H (n=1),H (n=8) + H (n=1),H (n=9) + H (n=1),25000.0,K,1.05061e-09,cm3/s,1,8,1,9,1
21,H (n=8) + H (n=1) → H (n=9) + H (n=1),H (n=8) + H (n=1),H (n=9) + H (n=1),30000.0,K,1.05197e-09,cm3/s,1,8,1,9,1
22,H (n=8) + H (n=1) → H (n=10) + H (n=1),H (n=8) + H (n=1),H (n=10) + H (n=1),2000.0,K,2.8523e-10,cm3/s,1,8,1,10,2
22,H (n=8) + H (n=1) → H (n=10) + H (n=1),H (n=8) + H (n=1),H (n=10) + H (n=1),3000.0,K,3.1439e-10,cm3/s,1,8,1,10,2
22,H (n=8) + H (n=1) → H (n=10) + H (n=1),H (n=8) + H (n=1),H (n=10) + H (n=1),5000.0,K,3.3779e-10,cm3/s,1,8,1,10,2
22,H (n=8) + H (n=1) → H (n=10) + H (n=1),H (n=8) + H (n=1),H (n=10) + H (n=1),7000.0,K,3.4754e-10,cm3/s,1,8,1,10,2
22,H (n=8) + H (n=1) → H (n=10) + H (n=1),H (n=8) + H (n=1),H (n=10) + H (n=1),8000.0,K,3.5052e-10,cm3/s,1,8,1,10,2
22,H (n=8) + H (n=1) → H (n=10) + H (n=1),H (n=8) + H (n=1),H (n=10) + H (n=1),9000.0,K,3.5281e-10,cm3/s,1,8,1,10,2
22,H (n=8) + H (n=1) → H (n=10) + H (n=1),H (n=8) + H (n=1),H (n=10) + H (n=1),10000.0,K,3.5461e-10,cm3/s,1,8,1,10,2
22,H (n=8) + H (n=1) → H (n=10) + H (n=1),H (n=8) + H (n=1),H (n=10) + H (n=1),15000.0,K,3.5989e-10,cm3/s,1,8,1,10,2
22,H (n=8) + H (n=1) → H (n=10) + H (n=1),H (n=8) + H (n=1),H (n=10) + H (n=1),20000.0,K,3.6243e-10,cm3/s,1,8,1,10,2
22,H (n=8) + H (n=1) → H (n=10) + H (n=1),H (n=8) + H (n=1),H (n=10) + H (n=1),25000.0,K,3.6392e-10,cm3/s,1,8,1,10,2
22,H (n=8) + H (n=1) → H (n=10) + H (n=1),H (n=8) + H (n=1),H (n=10) + H (n=1),30000.0,K,3.6489e-10,cm3/s,1,8,1,10,2
23,H (n=8) + H (n=1) → H (n=1) + H (n=11),H (n=8) + H (n=1),H (n=1) + H (n=11),2000.0,K,1.344e-10,cm3/s,1,8,1,11,3
23,H (n=8) + H (n=1) → H (n=1) + H (n=11),H (n=8) + H (n=1),H (n=1) + H (n=11),3000.0,K,1.5378e-10,cm3/s,1,8,1,11,3
23,H (n=8) + H (n=1) → H (n=1) + H (n=11),H (n=8) + H (n=1),H (n=1) + H (n=11),5000.0,K,1.699e-10,cm3/s,1,8,1,11,3
23,H (n=8) + H (n=1) → H (n=1) + H (n=11),H (n=8) + H (n=1),H (n=1) + H (n=11),7000.0,K,1.7677e-10,cm3/s,1,8,1,11,3
23,H (n=8) + H (n=1) → H (n=1) + H (n=11),H (n=8) + H (n=1),H (n=1) + H (n=11),8000.0,K,1.7888e-10,cm3/s,1,8,1,11,3
23,H (n=8) + H (n=1) → H (n=1) + H (n=11),H (n=8) + H (n=1),H (n=1) + H (n=11),9000.0,K,1.8051e-10,cm3/s,1,8,1,11,3
23,H (n=8) + H (n=1) → H (n=1) + H (n=11),H (n=8) + H (n=1),H (n=1) + H (n=11),10000.0,K,1.818e-10,cm3/s,1,8,1,11,3
23,H (n=8) + H (n=1) → H (n=1) + H (n=11),H (n=8) + H (n=1),H (n=1) + H (n=11),15000.0,K,1.8557e-10,cm3/s,1,8,1,11,3
23,H (n=8) + H (n=1) → H (n=1) + H (n=11),H (n=8) + H (n=1),H (n=1) + H (n=11),20000.0,K,1.874e-10,cm3/s,1,8,1,11,3
23,H (n=8) + H (n=1) → H (n=1) + H (n=11),H (n=8) + H (n=1),H (n=1) + H (n=11),25000.0,K,1.8847e-10,cm3/s,1,8,1,11,3
23,H (n=8) + H (n=1) → H (n=1) + H (n=11),H (n=8) + H (n=1),H (n=1) + H (n=11),30000.0,K,1.8916e-10,cm3/s,1,8,1,11,3
24,H (n=8) + H (n=1) → H (n=1) + H (n=12),H (n=8) + H (n=1),H (n=1) + H (n=12),2000.0,K,7.617e-11,cm3/s,1,8,1,12,4
24,H (n=8) + H (n=1) → H (n=1) + H (n=12),H (n=8) + H (n=1),H (n=1) + H (n=12),3000.0,K,8.971e-11,cm3/s,1,8,1,12,4
24,H (n=8) + H (n=1) → H (n=1) + H (n=12),H (n=8) + H (n=1),H (n=1) + H (n=12),5000.0,K,1.0128e-10,cm3/s,1,8,1,12,4
24,H (n=8) + H (n=1) → H (n=1) + H (n=12),H (n=8) + H (n=1),H (n=1) + H (n=12),7000.0,K,1.0629e-10,cm3/s,1,8,1,12,4
24,H (n=8) + H (n=1) → H (n=1) + H (n=12),H (n=8) + H (n=1),H (n=1) + H (n=12),8000.0,K,1.0785e-10,cm3/s,1,8,1,12,4
24,H (n=8) + H (n=1) → H (n=1) + H (n=12),H (n=8) + H (n=1),H (n=1) + H (n=12),9000.0,K,1.0904e-10,cm3/s,1,8,1,12,4
24,H (n=8) + H (n=1) → H (n=1) + H (n=12),H (n=8) + H (n=1),H (n=1) + H (n=12),10000.0,K,1.0999e-10,cm3/s,1,8,1,12,4
24,H (n=8) + H (n=1) → H (n=1) + H (n=12),H (n=8) + H (n=1),H (n=1) + H (n=12),15000.0,K,1.1279e-10,cm3/s,1,8,1,12,4
24,H (n=8) + H (n=1) → H (n=1) + H (n=12),H (n=8) + H (n=1),H (n=1) + H (n=12),20000.0,K,1.1414e-10,cm3/s,1,8,1,12,4
24,H (n=8) + H (n=1) → H (n=1) + H (n=12),H (n=8) + H (n=1),H (n=1) + H (n=12),25000.0,K,1.1493e-10,cm3/s,1,8,1,12,4
24,H (n=8) + H (n=1) → H (n=1) + H (n=12),H (n=8) + H (n=1),H (n=1) + H (n=12),30000.0,K,1.1545e-10,cm3/s,1,8,1,12,4
25,H (n=8) + H (n=1) → H (n=1) + H (n=13),H (n=8) + H (n=1),H (n=1) + H (n=13),2000.0,K,4.813e-11,cm3/s,1,8,1,13,5
25,H (n=8) + H (n=1) → H (n=1) + H (n=13),H (n=8) + H (n=1),H (n=1) + H (n=13),3000.0,K,5.799e-11,cm3/s,1,8,1,13,5
25,H (n=8) + H (n=1) → H (n=1) + H (n=13),H (n=8) + H (n=1),H (n=1) + H (n=13),5000.0,K,6.66e-11,cm3/s,1,8,1,13,5
25,H (n=8) + H (n=1) → H (n=1) + H (n=13),H (n=8) + H (n=1),H (n=1) + H (n=13),7000.0,K,7.038e-11,cm3/s,1,8,1,13,5
25,H (n=8) + H (n=1) → H (n=1) + H (n=13),H (n=8) + H (n=1),H (n=1) + H (n=13),8000.0,K,7.155e-11,cm3/s,1,8,1,13,5
25,H (n=8) + H (n=1) → H (n=1) + H (n=13),H (n=8) + H (n=1),H (n=1) + H (n=13),9000.0,K,7.246e-11,cm3/s,1,8,1,13,5
25,H (n=8) + H (n=1) → H (n=1) + H (n=13),H (n=8) + H (n=1),H (n=1) + H (n=13),10000.0,K,7.318e-11,cm3/s,1,8,1,13,5
25,H (n=8) + H (n=1) → H (n=1) + H (n=13),H (n=8) + H (n=1),H (n=1) + H (n=13),15000.0,K,7.531e-11,cm3/s,1,8,1,13,5
25,H (n=8) + H (n=1) → H (n=1) + H (n=13),H (n=8) + H (n=1),H (n=1) + H (n=13),20000.0,K,7.634e-11,cm3/s,1,8,1,13,5
25,H (n=8) + H (n=1) → H (n=1) + H (n=13),H (n=8) + H (n=1),H (n=1) + H (n=13),25000.0,K,7.695e-11,cm3/s,1,8,1,13,5
25,H (n=8) + H (n=1) → H (n=1) + H (n=13),H (n=8) + H (n=1),H (n=1) + H (n=13),30000.0,K,7.734e-11,cm3/s,1,8,1,13,5
26,H (n=9) + H (n=1) → H (n=10) + H (n=1),H (n=9) + H (n=1),H (n=10) + H (n=1),2000.0,K,6.4668e-10,cm3/s,1,9,1,10,1
26,H (n=9) + H (n=1) → H (n=10) + H (n=1),H (n=9) + H (n=1),H (n=10) + H (n=1),3000.0,K,6.6687e-10,cm3/s,1,9,1,10,1
26,H (n=9) + H (n=1) → H (n=10) + H (n=1),H (n=9) + H (n=1),H (n=10) + H (n=1),5000.0,K,6.8193e-10,cm3/s,1,9,1,10,1
26,H (n=9) + H (n=1) → H (n=10) + H (n=1),H (n=9) + H (n=1),H (n=10) + H (n=1),7000.0,K,6.8793e-10,cm3/s,1,9,1,10,1
26,H (n=9) + H (n=1) → H (n=10) + H (n=1),H (n=9) + H (n=1),H (n=10) + H (n=1),8000.0,K,6.8974e-10,cm3/s,1,9,1,10,1
26,H (n=9) + H (n=1) → H (n=10) + H (n=1),H (n=9) + H (n=1),H (n=10) + H (n=1),9000.0,K,6.9111e-10,cm3/s,1,9,1,10,1
26,H (n=9) + H (n=1) → H (n=10) + H (n=1),H (n=9) + H (n=1),H (n=10) + H (n=1),10000.0,K,6.9219e-10,cm3/s,1,9,1,10,1
26,H (n=9) + H (n=1) → H (n=10) + H (n=1),H (n=9) + H (n=1),H (n=10) + H (n=1),15000.0,K,6.9533e-10,cm3/s,1,9,1,10,1
26,H (n=9) + H (n=1) → H (n=10) + H (n=1),H (n=9) + H (n=1),H (n=10) + H (n=1),20000.0,K,6.9683e-10,cm3/s,1,9,1,10,1
26,H (n=9) + H (n=1) → H (n=10) + H (n=1),H (n=9) + H (n=1),H (n=10) + H (n=1),25000.0,K,6.977e-10,cm3/s,1,9,1,10,1
26,H (n=9) + H (n=1) → H (n=10) + H (n=1),H (n=9) + H (n=1),H (n=10) + H (n=1),30000.0,K,6.9827e-10,cm3/s,1,9,1,10,1
27,H (n=9) + H (n=1) → H (n=1) + H (n=11),H (n=9) + H (n=1),H (n=1) + H (n=11),2000.0,K,2.1053e-10,cm3/s,1,9,1,11,2
27,H (n=9) + H (n=1) → H (n=1) + H (n=11),H (n=9) + H (n=1),H (n=1) + H (n=11),3000.0,K,2.2478e-10,cm3/s,1,9,1,11,2
27,H (n=9) + H (n=1) → H (n=1) + H (n=11),H (n=9) + H (n=1),H (n=1) + H (n=11),5000.0,K,2.3584e-10,cm3/s,1,9,1,11,2
27,H (n=9) + H (n=1) → H (n=1) + H (n=11),H (n=9) + H (n=1),H (n=1) + H (n=11),7000.0,K,2.4037e-10,cm3/s,1,9,1,11,2
27,H (n=9) + H (n=1) → H (n=1) + H (n=11),H (n=9) + H (n=1),H (n=1) + H (n=11),8000.0,K,2.4174e-10,cm3/s,1,9,1,11,2
27,H (n=9) + H (n=1) → H (n=1) + H (n=11),H (n=9) + H (n=1),H (n=1) + H (n=11),9000.0,K,2.4279e-10,cm3/s,1,9,1,11,2
27,H (n=9) + H (n=1) → H (n=1) + H (n=11),H (n=9) + H (n=1),H (n=1) + H (n=11),10000.0,K,2.4362e-10,cm3/s,1,9,1,11,2
27,H (n=9) + H (n=1) → H (n=1) + H (n=11),H (n=9) + H (n=1),H (n=1) + H (n=11),15000.0,K,2.4603e-10,cm3/s,1,9,1,11,2
27,H (n=9) + H (n=1) → H (n=1) + H (n=11),H (n=9) + H (n=1),H (n=1) + H (n=11),20000.0,K,2.4719e-10,cm3/s,1,9,1,11,2
27,H (n=9) + H (n=1) → H (n=1) + H (n=11),H (n=9) + H (n=1),H (n=1) + H (n=11),25000.0,K,2.4786e-10,cm3/s,1,9,1,11,2
27,H (n=9) + H (n=1) → H (n=1) + H (n=11),H (n=9) + H (n=1),H (n=1) + H (n=11),30000.0,K,2.483e-10,cm3/s,1,9,1,11,2
28,H (n=9) + H (n=1) → H (n=1) + H (n=12),H (n=9) + H (n=1),H (n=1) + H (n=12),2000.0,K,1.0354e-10,cm3/s,1,9,1,12,3
28,H (n=9) + H (n=1) → H (n=1) + H (n=12),H (n=9) + H (n=1),H (n=1) + H (n=12),3000.0,K,1.1358e-10,cm3/s,1,9,1,12,3
28,H (n=9) + H (n=1) → H (n=1) + H (n=12),H (n=9) + H (n=1),H (n=1) + H (n=12),5000.0,K,1.216e-10,cm3/s,1,9,1,12,3
28,H (n=9) + H (n=1) → H (n=1) + H (n=12),H (n=9) + H (n=1),H (n=1) + H (n=12),7000.0,K,1.2493e-10,cm3/s,1,9,1,12,3
28,H (n=9) + H (n=1) → H (n=1) + H (n=12),H (n=9) + H (n=1),H (n=1) + H (n=12),8000.0,K,1.2595e-10,cm3/s,1,9,1,12,3
28,H (n=9) + H (n=1) → H (n=1) + H (n=12),H (n=9) + H (n=1),H (n=1) + H (n=12),9000.0,K,1.2673e-10,cm3/s,1,9,1,12,3
28,H (n=9) + H (n=1) → H (n=1) + H (n=12),H (n=9) + H (n=1),H (n=1) + H (n=12),10000.0,K,1.2735e-10,cm3/s,1,9,1,12,3
28,H (n=9) + H (n=1) → H (n=1) + H (n=12),H (n=9) + H (n=1),H (n=1) + H (n=12),15000.0,K,1.2915e-10,cm3/s,1,9,1,12,3
28,H (n=9) + H (n=1) → H (n=1) + H (n=12),H (n=9) + H (n=1),H (n=1) + H (n=12),20000.0,K,1.3001e-10,cm3/s,1,9,1,12,3
28,H (n=9) + H (n=1) → H (n=1) + H (n=12),H (n=9) + H (n=1),H (n=1) + H (n=12),25000.0,K,1.3052e-10,cm3/s,1,9,1,12,3
28,H (n=9) + H (n=1) → H (n=1) + H (n=12),H (n=9) + H (n=1),H (n=1) + H (n=12),30000.0,K,1.3085e-10,cm3/s,1,9,1,12,3
29,H (n=9) + H (n=1) → H (n=1) + H (n=13),H (n=9) + H (n=1),H (n=1) + H (n=13),2000.0,K,6.055e-11,cm3/s,1,9,1,13,4
29,H (n=9) + H (n=1) → H (n=1) + H (n=13),H (n=9) + H (n=1),H (n=1) + H (n=13),3000.0,K,6.788e-11,cm3/s,1,9,1,13,4
29,H (n=9) + H (n=1) → H (n=1) + H (n=13),H (n=9) + H (n=1),H (n=1) + H (n=13),5000.0,K,7.385e-11,cm3/s,1,9,1,13,4
29,H (n=9) + H (n=1) → H (n=1) + H (n=13),H (n=9) + H (n=1),H (n=1) + H (n=13),7000.0,K,7.636e-11,cm3/s,1,9,1,13,4
29,H (n=9) + H (n=1) → H (n=1) + H (n=13),H (n=9) + H (n=1),H (n=1) + H (n=13),8000.0,K,7.713e-11,cm3/s,1,9,1,13,4
29,H (n=9) + H (n=1) → H (n=1) + H (n=13),H (n=9) + H (n=1),H (n=1) + H (n=13),9000.0,K,7.772e-11,cm3/s,1,9,1,13,4
29,H (n=9) + H (n=1) → H (n=1) + H (n=13),H (n=9) + H (n=1),H (n=1) + H (n=13),10000.0,K,7.819e-11,cm3/s,1,9,1,13,4
29,H (n=9) + H (n=1) → H (n=1) + H (n=13),H (n=9) + H (n=1),H (n=1) + H (n=13),15000.0,K,7.956e-11,cm3/s,1,9,1,13,4
29,H (n=9) + H (n=1) → H (n=1) + H (n=13),H (n=9) + H (n=1),H (n=1) + H (n=13),20000.0,K,8.022e-11,cm3/s,1,9,1,13,4
29,H (n=9) + H (n=1) → H (n=1) + H (n=13),H (n=9) + H (n=1),H (n=1) + H (n=13),25000.0,K,8.06e-11,cm3/s,1,9,1,13,4
29,H (n=9) + H (n=1) → H (n=1) + H (n=13),H (n=9) + H (n=1),H (n=1) + H (n=13),30000.0,K,8.086e-11,cm3/s,1,9,1,13,4
30,H (n=9) + H (n=1) → H (n=1) + H (n=14),H (n=9) + H (n=1),H (n=1) + H (n=14),2000.0,K,3.919e-11,cm3/s,1,9,1,14,5
30,H (n=9) + H (n=1) → H (n=1) + H (n=14),H (n=9) + H (n=1),H (n=1) + H (n=14),3000.0,K,4.47e-11,cm3/s,1,9,1,14,5
30,H (n=9) + H (n=1) → H (n=1) + H (n=14),H (n=9) + H (n=1),H (n=1) + H (n=14),5000.0,K,4.927e-11,cm3/s,1,9,1,14,5
30,H (n=9) + H (n=1) → H (n=1) + H (n=14),H (n=9) + H (n=1),H (n=1) + H (n=14),7000.0,K,5.121e-11,cm3/s,1,9,1,14,5
30,H (n=9) + H (n=1) → H (n=1) + H (n=14),H (n=9) + H (n=1),H (n=1) + H (n=14),8000.0,K,5.181e-11,cm3/s,1,9,1,14,5
30,H (n=9) + H (n=1) → H (n=1) + H (n=14),H (n=9) + H (n=1),H (n=1) + H (n=14),9000.0,K,5.227e-11,cm3/s,1,9,1,14,5
30,H (n=9) + H (n=1) → H (n=1) + H (n=14),H (n=9) + H (n=1),H (n=1) + H (n=14),10000.0,K,5.263e-11,cm3/s,1,9,1,14,5
30,H (n=9) + H (n=1) → H (n=1) + H (n=14),H (n=9) + H (n=1),H (n=1) + H (n=14),15000.0,K,5.37e-11,cm3/s,1,9,1,14,5
30,H (n=9) + H (n=1) → H (n=1) + H (n=14),H (n=9) + H (n=1),H (n=1) + H (n=14),20000.0,K,5.422e-11,cm3/s,1,9,1,14,5
30,H (n=9) + H (n=1) → H (n=1) + H (n=14),H (n=9) + H (n=1),H (n=1) + H (n=14),25000.0,K,5.452e-11,cm3/s,1,9,1,14,5
30,H (n=9) + H (n=1) → H (n=1) + H (n=14),H (n=9) + H (n=1),H (n=1) + H (n=14),30000.0,K,5.471e-11,cm3/s,1,9,1,14,5
31,H (n=10) + H (n=1) → H (n=1) + H (n=11),H (n=10) + H (n=1),H (n=1) + H (n=11),2000.0,K,4.5697e-10,cm3/s,1,10,1,11,1
31,H (n=10) + H (n=1) → H (n=1) + H (n=11),H (n=10) + H (n=1),H (n=1) + H (n=11),3000.0,K,4.6632e-10,cm3/s,1,10,1,11,1
31,H (n=10) + H (n=1) → H (n=1) + H (n=11),H (n=10) + H (n=1),H (n=1) + H (n=11),5000.0,K,4.7317e-10,cm3/s,1,10,1,11,1
31,H (n=10) + H (n=1) → H (n=1) + H (n=11),H (n=10) + H (n=1),H (n=1) + H (n=11),7000.0,K,4.7586e-10,cm3/s,1,10,1,11,1
31,H (n=10) + H (n=1) → H (n=1) + H (n=11),H (n=10) + H (n=1),H (n=1) + H (n=11),8000.0,K,4.7667e-10,cm3/s,1,10,1,11,1
31,H (n=10) + H (n=1) → H (n=1) + H (n=11),H (n=10) + H (n=1),H (n=1) + H (n=11),9000.0,K,4.7728e-10,cm3/s,1,10,1,11,1
31,H (n=10) + H (n=1) → H (n=1) + H (n=11),H (n=10) + H (n=1),H (n=1) + H (n=11),10000.0,K,4.7776e-10,cm3/s,1,10,1,11,1
31,H (n=10) + H (n=1) → H (n=1) + H (n=11),H (n=10) + H (n=1),H (n=1) + H (n=11),15000.0,K,4.7915e-10,cm3/s,1,10,1,11,1
31,H (n=10) + H (n=1) → H (n=1) + H (n=11),H (n=10) + H (n=1),H (n=1) + H (n=11),20000.0,K,4.7981e-10,cm3/s,1,10,1,11,1
31,H (n=10) + H (n=1) → H (n=1) + H (n=11),H (n=10) + H (n=1),H (n=1) + H (n=11),25000.0,K,4.8019e-10,cm3/s,1,10,1,11,1
31,H (n=10) + H (n=1) → H (n=1) + H (n=11),H (n=10) + H (n=1),H (n=1) + H (n=11),30000.0,K,4.8045e-10,cm3/s,1,10,1,11,1
32,H (n=10) + H (n=1) → H (n=1) + H (n=12),H (n=10) + H (n=1),H (n=1) + H (n=12),2000.0,K,1.5566e-10,cm3/s,1,10,1,12,2
32,H (n=10) + H (n=1) → H (n=1) + H (n=12),H (n=10) + H (n=1),H (n=1) + H (n=12),3000.0,K,1.6288e-10,cm3/s,1,10,1,12,2
32,H (n=10) + H (n=1) → H (n=1) + H (n=12),H (n=10) + H (n=1),H (n=1) + H (n=12),5000.0,K,1.6835e-10,cm3/s,1,10,1,12,2
32,H (n=10) + H (n=1) → H (n=1) + H (n=12),H (n=10) + H (n=1),H (n=1) + H (n=12),7000.0,K,1.7056e-10,cm3/s,1,10,1,12,2
32,H (n=10) + H (n=1) → H (n=1) + H (n=12),H (n=10) + H (n=1),H (n=1) + H (n=12),8000.0,K,1.7123e-10,cm3/s,1,10,1,12,2
32,H (n=10) + H (n=1) → H (n=1) + H (n=12),H (n=10) + H (n=1),H (n=1) + H (n=12),9000.0,K,1.7173e-10,cm3/s,1,10,1,12,2
32,H (n=10) + H (n=1) → H (n=1) + H (n=12),H (n=10) + H (n=1),H (n=1) + H (n=12),10000.0,K,1.7213e-10,cm3/s,1,10,1,12,2
32,H (n=10) + H (n=1) → H (n=1) + H (n=12),H (n=10) + H (n=1),H (n=1) + H (n=12),15000.0,K,1.733e-10,cm3/s,1,10,1,12,2
32,H (n=10) + H (n=1) → H (n=1) + H (n=12),H (n=10) + H (n=1),H (n=1) + H (n=12),20000.0,K,1.7386e-10,cm3/s,1,10,1,12,2
32,H (n=10) + H (n=1) → H (n=1) + H (n=12),H (n=10) + H (n=1),H (n=1) + H (n=12),25000.0,K,1.7418e-10,cm3/s,1,10,1,12,2
32,H (n=10) + H (n=1) → H (n=1) + H (n=12),H (n=10) + H (n=1),H (n=1) + H (n=12),30000.0,K,1.7439e-10,cm3/s,1,10,1,12,2
33,H (n=10) + H (n=1) → H (n=1) + H (n=13),H (n=10) + H (n=1),H (n=1) + H (n=13),2000.0,K,7.9e-11,cm3/s,1,10,1,13,3
33,H (n=10) + H (n=1) → H (n=1) + H (n=13),H (n=10) + H (n=1),H (n=1) + H (n=13),3000.0,K,8.435e-11,cm3/s,1,10,1,13,3
33,H (n=10) + H (n=1) → H (n=1) + H (n=13),H (n=10) + H (n=1),H (n=1) + H (n=13),5000.0,K,8.85e-11,cm3/s,1,10,1,13,3
33,H (n=10) + H (n=1) → H (n=1) + H (n=13),H (n=10) + H (n=1),H (n=1) + H (n=13),7000.0,K,9.019e-11,cm3/s,1,10,1,13,3
33,H (n=10) + H (n=1) → H (n=1) + H (n=13),H (n=10) + H (n=1),H (n=1) + H (n=13),8000.0,K,9.071e-11,cm3/s,1,10,1,13,3
33,H (n=10) + H (n=1) → H (n=1) + H (n=13),H (n=10) + H (n=1),H (n=1) + H (n=13),9000.0,K,9.11e-11,cm3/s,1,10,1,13,3
33,H (n=10) + H (n=1) → H (n=1) + H (n=13),H (n=10) + H (n=1),H (n=1) + H (n=13),10000.0,K,9.141e-11,cm3/s,1,10,1,13,3
33,H (n=10) + H (n=1) → H (n=1) + H (n=13),H (n=10) + H (n=1),H (n=1) + H (n=13),15000.0,K,9.231e-11,cm3/s,1,10,1,13,3
33,H (n=10) + H (n=1) → H (n=1) + H (n=13),H (n=10) + H (n=1),H (n=1) + H (n=13),20000.0,K,9.275e-11,cm3/s,1,10,1,13,3
33,H (n=10) + H (n=1) → H (n=1) + H (n=13),H (n=10) + H (n=1),H (n=1) + H (n=13),25000.0,K,9.3e-11,cm3/s,1,10,1,13,3
33,H (n=10) + H (n=1) → H (n=1) + H (n=13),H (n=10) + H (n=1),H (n=1) + H (n=13),30000.0,K,9.316e-11,cm3/s,1,10,1,13,3
34,H (n=10) + H (n=1) → H (n=1) + H (n=14),H (n=10) + H (n=1),H (n=1) + H (n=14),2000.0,K,4.731e-11,cm3/s,1,10,1,14,4
34,H (n=10) + H (n=1) → H (n=1) + H (n=14),H (n=10) + H (n=1),H (n=1) + H (n=14),3000.0,K,5.135e-11,cm3/s,1,10,1,14,4
34,H (n=10) + H (n=1) → H (n=1) + H (n=14),H (n=10) + H (n=1),H (n=1) + H (n=14),5000.0,K,5.454e-11,cm3/s,1,10,1,14,4
34,H (n=10) + H (n=1) → H (n=1) + H (n=14),H (n=10) + H (n=1),H (n=1) + H (n=14),7000.0,K,5.585e-11,cm3/s,1,10,1,14,4
34,H (n=10) + H (n=1) → H (n=1) + H (n=14),H (n=10) + H (n=1),H (n=1) + H (n=14),8000.0,K,5.625e-11,cm3/s,1,10,1,14,4
34,H (n=10) + H (n=1) → H (n=1) + H (n=14),H (n=10) + H (n=1),H (n=1) + H (n=14),9000.0,K,5.656e-11,cm3/s,1,10,1,14,4
34,H (n=10) + H (n=1) → H (n=1) + H (n=14),H (n=10) + H (n=1),H (n=1) + H (n=14),10000.0,K,5.68e-11,cm3/s,1,10,1,14,4
34,H (n=10) + H (n=1) → H (n=1) + H (n=14),H (n=10) + H (n=1),H (n=1) + H (n=14),15000.0,K,5.751e-11,cm3/s,1,10,1,14,4
34,H (n=10) + H (n=1) → H (n=1) + H (n=14),H (n=10) + H (n=1),H (n=1) + H (n=14),20000.0,K,5.785e-11,cm3/s,1,10,1,14,4
34,H (n=10) + H (n=1) → H (n=1) + H (n=14),H (n=10) + H (n=1),H (n=1) + H (n=14),25000.0,K,5.805e-11,cm3/s,1,10,1,14,4
34,H (n=10) + H (n=1) → H (n=1) + H (n=14),H (n=10) + H (n=1),H (n=1) + H (n=14),30000.0,K,5.818e-11,cm3/s,1,10,1,14,4
35,H (n=10) + H (n=1) → H (n=15) + H (n=1),H (n=10) + H (n=1),H (n=15) + H (n=1),2000.0,K,3.12e-11,cm3/s,1,10,1,15,5
35,H (n=10) + H (n=1) → H (n=15) + H (n=1),H (n=10) + H (n=1),H (n=15) + H (n=1),3000.0,K,3.432e-11,cm3/s,1,10,1,15,5
35,H (n=10) + H (n=1) → H (n=15) + H (n=1),H (n=10) + H (n=1),H (n=15) + H (n=1),5000.0,K,3.682e-11,cm3/s,1,10,1,15,5
35,H (n=10) + H (n=1) → H (n=15) + H (n=1),H (n=10) + H (n=1),H (n=15) + H (n=1),7000.0,K,3.786e-11,cm3/s,1,10,1,15,5
35,H (n=10) + H (n=1) → H (n=15) + H (n=1),H (n=10) + H (n=1),H (n=15) + H (n=1),8000.0,K,3.818e-11,cm3/s,1,10,1,15,5
35,H (n=10) + H (n=1) → H (n=15) + H (n=1),H (n=10) + H (n=1),H (n=15) + H (n=1),9000.0,K,3.842e-11,cm3/s,1,10,1,15,5
35,H (n=10) + H (n=1) → H (n=15) + H (n=1),H (n=10) + H (n=1),H (n=15) + H (n=1),10000.0,K,3.861e-11,cm3/s,1,10,1,15,5
35,H (n=10) + H (n=1) → H (n=15) + H (n=1),H (n=10) + H (n=1),H (n=15) + H (n=1),15000.0,K,3.917e-11,cm3/s,1,10,1,15,5
35,H (n=10) + H (n=1) → H (n=15) + H (n=1),H (n=10) + H (n=1),H (n=15) + H (n=1),20000.0,K,3.944e-11,cm3/s,1,10,1,15,5
35,H (n=10) + H (n=1) → H (n=15) + H (n=1),H (n=10) + H (n=1),H (n=15) + H (n=1),25000.0,K,3.96e-11,cm3/s,1,10,1,15,5
35,H (n=10) + H (n=1) → H (n=15) + H (n=1),H (n=10) + H (n=1),H (n=15) + H (n=1),30000.0,K,3.971e-11,cm3/s,1,10,1,15,5
36,H (n=1) + H (n=11) → H (n=1) + H (n=12),H (n=1) + H (n=11),H (n=1) + H (n=12),2000.0,K,3.2969e-10,cm3/s,1,11,1,12,1
36,H (n=1) + H (n=11) → H (n=1) + H (n=12),H (n=1) + H (n=11),H (n=1) + H (n=12),3000.0,K,3.3417e-10,cm3/s,1,11,1,12,1
36,H (n=1) + H (n=11) → H (n=1) + H (n=12),H (n=1) + H (n=11),H (n=1) + H (n=12),5000.0,K,3.3739e-10,cm3/s,1,11,1,12,1
36,H (n=1) + H (n=11) → H (n=1) + H (n=12),H (n=1) + H (n=11),H (n=1) + H (n=12),7000.0,K,3.3863e-10,cm3/s,1,11,1,12,1
36,H (n=1) + H (n=11) → H (n=1) + H (n=12),H (n=1) + H (n=11),H (n=1) + H (n=12),8000.0,K,3.39e-10,cm3/s,1,11,1,12,1
36,H (n=1) + H (n=11) → H (n=1) + H (n=12),H (n=1) + H (n=11),H (n=1) + H (n=12),9000.0,K,3.3928e-10,cm3/s,1,11,1,12,1
36,H (n=1) + H (n=11) → H (n=1) + H (n=12),H (n=1) + H (n=11),H (n=1) + H (n=12),10000.0,K,3.395e-10,cm3/s,1,11,1,12,1
36,H (n=1) + H (n=11) → H (n=1) + H (n=12),H (n=1) + H (n=11),H (n=1) + H (n=12),15000.0,K,3.4013e-10,cm3/s,1,11,1,12,1
36,H (n=1) + H (n=11) → H (n=1) + H (n=12),H (n=1) + H (n=11),H (n=1) + H (n=12),20000.0,K,3.4043e-10,cm3/s,1,11,1,12,1
36,H (n=1) + H (n=11) → H (n=1) + H (n=12),H (n=1) + H (n=11),H (n=1) + H (n=12),25000.0,K,3.4061e-10,cm3/s,1,11,1,12,1
36,H (n=1) + H (n=11) → H (n=1) + H (n=12),H (n=1) + H (n=11),H (n=1) + H (n=12),30000.0,K,3.4072e-10,cm3/s,1,11,1,12,1
37,H (n=1) + H (n=11) → H (n=1) + H (n=13),H (n=1) + H (n=11),H (n=1) + H (n=13),2000.0,K,1.1619e-10,cm3/s,1,11,1,13,2
37,H (n=1) + H (n=11) → H (n=1) + H (n=13),H (n=1) + H (n=11),H (n=1) + H (n=13),3000.0,K,1.1997e-10,cm3/s,1,11,1,13,2
37,H (n=1) + H (n=11) → H (n=1) + H (n=13),H (n=1) + H (n=11),H (n=1) + H (n=13),5000.0,K,1.2279e-10,cm3/s,1,11,1,13,2
37,H (n=1) + H (n=11) → H (n=1) + H (n=13),H (n=1) + H (n=11),H (n=1) + H (n=13),7000.0,K,1.2391e-10,cm3/s,1,11,1,13,2
37,H (n=1) + H (n=11) → H (n=1) + H (n=13),H (n=1) + H (n=11),H (n=1) + H (n=13),8000.0,K,1.2425e-10,cm3/s,1,11,1,13,2
37,H (n=1) + H (n=11) → H (n=1) + H (n=13),H (n=1) + H (n=11),H (n=1) + H (n=13),9000.0,K,1.245e-10,cm3/s,1,11,1,13,2
37,H (n=1) + H (n=11) → H (n=1) + H (n=13),H (n=1) + H (n=11),H (n=1) + H (n=13),10000.0,K,1.247e-10,cm3/s,1,11,1,13,2
37,H (n=1) + H (n=11) → H (n=1) + H (n=13),H (n=1) + H (n=11),H (n=1) + H (n=13),15000.0,K,1.2529e-10,cm3/s,1,11,1,13,2
37,H (n=1) + H (n=11) → H (n=1) + H (n=13),H (n=1) + H (n=11),H (n=1) + H (n=13),20000.0,K,1.2557e-10,cm3/s,1,11,1,13,2
37,H (n=1) + H (n=11) → H (n=1) + H (n=13),H (n=1) + H (n=11),H (n=1) + H (n=13),25000.0,K,1.2574e-10,cm3/s,1,11,1,13,2
37,H (n=1) + H (n=11) → H (n=1) + H (n=13),H (n=1) + H (n=11),H (n=1) + H (n=13),30000.0,K,1.2584e-10,cm3/s,1,11,1,13,2
38,H (n=1) + H (n=11) → H (n=1) + H (n=14),H (n=1) + H (n=11),H (n=1) + H (n=14),2000.0,K,6.041e-11,cm3/s,1,11,1,14,3
38,H (n=1) + H (n=11) → H (n=1) + H (n=14),H (n=1) + H (n=11),H (n=1) + H (n=14),3000.0,K,6.333e-11,cm3/s,1,11,1,14,3
38,H (n=1) + H (n=11) → H (n=1) + H (n=14),H (n=1) + H (n=11),H (n=1) + H (n=14),5000.0,K,6.556e-11,cm3/s,1,11,1,14,3
38,H (n=1) + H (n=11) → H (n=1) + H (n=14),H (n=1) + H (n=11),H (n=1) + H (n=14),7000.0,K,6.645e-11,cm3/s,1,11,1,14,3
38,H (n=1) + H (n=11) → H (n=1) + H (n=14),H (n=1) + H (n=11),H (n=1) + H (n=14),8000.0,K,6.673e-11,cm3/s,1,11,1,14,3
38,H (n=1) + H (n=11) → H (n=1) + H (n=14),H (n=1) + H (n=11),H (n=1) + H (n=14),9000.0,K,6.693e-11,cm3/s,1,11,1,14,3
38,H (n=1) + H (n=11) → H (n=1) + H (n=14),H (n=1) + H (n=11),H (n=1) + H (n=14),10000.0,K,6.71e-11,cm3/s,1,11,1,14,3
38,H (n=1) + H (n=11) → H (n=1) + H (n=14),H (n=1) + H (n=11),H (n=1) + H (n=14),15000.0,K,6.757e-11,cm3/s,1,11,1,14,3
38,H (n=1) + H (n=11) → H (n=1) + H (n=14),H (n=1) + H (n=11),H (n=1) + H (n=14),20000.0,K,6.78e-11,cm3/s,1,11,1,14,3
38,H (n=1) + H (n=11) → H (n=1) + H (n=14),H (n=1) + H (n=11),H (n=1) + H (n=14),25000.0,K,6.793e-11,cm3/s,1,11,1,14,3
38,H (n=1) + H (n=11) → H (n=1) + H (n=14),H (n=1) + H (n=11),H (n=1) + H (n=14),30000.0,K,6.802e-11,cm3/s,1,11,1,14,3
39,H (n=1) + H (n=11) → H (n=15) + H (n=1),H (n=1) + H (n=11),H (n=15) + H (n=1),2000.0,K,3.685e-11,cm3/s,1,11,1,15,4
39,H (n=1) + H (n=11) → H (n=15) + H (n=1),H (n=1) + H (n=11),H (n=15) + H (n=1),3000.0,K,3.913e-11,cm3/s,1,11,1,15,4
39,H (n=1) + H (n=11) → H (n=15) + H (n=1),H (n=1) + H (n=11),H (n=15) + H (n=1),5000.0,K,4.089e-11,cm3/s,1,11,1,15,4
39,H (n=1) + H (n=11) → H (n=15) + H (n=1),H (n=1) + H (n=11),H (n=15) + H (n=1),7000.0,K,4.16e-11,cm3/s,1,11,1,15,4
39,H (n=1) + H (n=11) → H (n=15) + H (n=1),H (n=1) + H (n=11),H (n=15) + H (n=1),8000.0,K,4.182e-11,cm3/s,1,11,1,15,4
39,H (n=1) + H (n=11) → H (n=15) + H (n=1),H (n=1) + H (n=11),H (n=15) + H (n=1),9000.0,K,4.199e-11,cm3/s,1,11,1,15,4
39,H (n=1) + H (n=11) → H (n=15) + H (n=1),H (n=1) + H (n=11),H (n=15) + H (n=1),10000.0,K,4.212e-11,cm3/s,1,11,1,15,4
39,H (n=1) + H (n=11) → H (n=15) + H (n=1),H (n=1) + H (n=11),H (n=15) + H (n=1),15000.0,K,4.25e-11,cm3/s,1,11,1,15,4
39,H (n=1) + H (n=11) → H (n=15) + H (n=1),H (n=1) + H (n=11),H (n=15) + H (n=1),20000.0,K,4.268e-11,cm3/s,1,11,1,15,4
39,H (n=1) + H (n=11) → H (n=15) + H (n=1),H (n=1) + H (n=11),H (n=15) + H (n=1),25000.0,K,4.279e-11,cm3/s,1,11,1,15,4
39,H (n=1) + H (n=11) → H (n=15) + H (n=1),H (n=1) + H (n=11),H (n=15) + H (n=1),30000.0,K,4.286e-11,cm3/s,1,11,1,15,4
40,H (n=1) + H (n=11) → H (n=16) + H (n=1),H (n=1) + H (n=11),H (n=16) + H (n=1),2000.0,K,2.466e-11,cm3/s,1,11,1,16,5
40,H (n=1) + H (n=11) → H (n=16) + H (n=1),H (n=1) + H (n=11),H (n=16) + H (n=1),3000.0,K,2.647e-11,cm3/s,1,11,1,16,5
40,H (n=1) + H (n=11) → H (n=16) + H (n=1),H (n=1) + H (n=11),H (n=16) + H (n=1),5000.0,K,2.788e-11,cm3/s,1,11,1,16,5
40,H (n=1) + H (n=11) → H (n=16) + H (n=1),H (n=1) + H (n=11),H (n=16) + H (n=1),7000.0,K,2.845e-11,cm3/s,1,11,1,16,5
40,H (n=1) + H (n=11) → H (n=16) + H (n=1),H (n=1) + H (n=11),H (n=16) + H (n=1),8000.0,K,2.863e-11,cm3/s,1,11,1,16,5
40,H (n=1) + H (n=11) → H (n=16) + H (n=1),H (n=1) + H (n=11),H (n=16) + H (n=1),9000.0,K,2.876e-11,cm3/s,1,11,1,16,5
40,H (n=1) + H (n=11) → H (n=16) + H (n=1),H (n=1) + H (n=11),H (n=16) + H (n=1),10000.0,K,2.887e-11,cm3/s,1,11,1,16,5
40,H (n=1) + H (n=11) → H (n=16) + H (n=1),H (n=1) + H (n=11),H (n=16) + H (n=1),15000.0,K,2.918e-11,cm3/s,1,11,1,16,5
40,H (n=1) + H (n=11) → H (n=16) + H (n=1),H (n=1) + H (n=11),H (n=16) + H (n=1),20000.0,K,2.932e-11,cm3/s,1,11,1,16,5
40,H (n=1) + H (n=11) → H (n=16) + H (n=1),H (n=1) + H (n=11),H (n=16) + H (n=1),25000.0,K,2.941e-11,cm3/s,1,11,1,16,5
40,H (n=1) + H (n=11) → H (n=16) + H (n=1),H (n=1) + H (n=11),H (n=16) + H (n=1),30000.0,K,2.947e-11,cm3/s,1,11,1,16,5
41,H (n=1) + H (n=12) → H (n=1) + H (n=13),H (n=1) + H (n=12),H (n=1) + H (n=13),2000.0,K,2.4269e-10,cm3/s,1,12,1,13,1
41,H (n=1) + H (n=12) → H (n=1) + H (n=13),H (n=1) + H (n=12),H (n=1) + H (n=13),3000.0,K,2.4487e-10,cm3/s,1,12,1,13,1
41,H (n=1) + H (n=12) → H (n=1) + H (n=13),H (n=1) + H (n=12),H (n=1) + H (n=13),5000.0,K,2.464e-10,cm3/s,1,12,1,13,1
41,H (n=1) + H (n=12) → H (n=1) + H (n=13),H (n=1) + H (n=12),H (n=1) + H (n=13),7000.0,K,2.4698e-10,cm3/s,1,12,1,13,1
41,H (n=1) + H (n=12) → H (n=1) + H (n=13),H (n=1) + H (n=12),H (n=1) + H (n=13),8000.0,K,2.4715e-10,cm3/s,1,12,1,13,1
41,H (n=1) + H (n=12) → H (n=1) + H (n=13),H (n=1) + H (n=12),H (n=1) + H (n=13),9000.0,K,2.4728e-10,cm3/s,1,12,1,13,1
41,H (n=1) + H (n=12) → H (n=1) + H (n=13),H (n=1) + H (n=12),H (n=1) + H (n=13),10000.0,K,2.4738e-10,cm3/s,1,12,1,13,1
41,H (n=1) + H (n=12) → H (n=1) + H (n=13),H (n=1) + H (n=12),H (n=1) + H (n=13),15000.0,K,2.4767e-10,cm3/s,1,12,1,13,1
41,H (n=1) + H (n=12) → H (n=1) + H (n=13),H (n=1) + H (n=12),H (n=1) + H (n=13),20000.0,K,2.4781e-10,cm3/s,1,12,1,13,1
41,H (n=1) + H (n=12) → H (n=1) + H (n=13),H (n=1) + H (n=12),H (n=1) + H (n=13),25000.0,K,2.4788e-10,cm3/s,1,12,1,13,1
41,H (n=1) + H (n=12) → H (n=1) + H (n=13),H (n=1) + H (n=12),H (n=1) + H (n=13),30000.0,K,2.4794e-10,cm3/s,1,12,1,13,1
42,H (n=1) + H (n=12) → H (n=1) + H (n=14),H (n=1) + H (n=12),H (n=1) + H (n=14),2000.0,K,8.782e-11,cm3/s,1,12,1,14,2
42,H (n=1) + H (n=12) → H (n=1) + H (n=14),H (n=1) + H (n=12),H (n=1) + H (n=14),3000.0,K,8.986e-11,cm3/s,1,12,1,14,2
42,H (n=1) + H (n=12) → H (n=1) + H (n=14),H (n=1) + H (n=12),H (n=1) + H (n=14),5000.0,K,9.135e-11,cm3/s,1,12,1,14,2
42,H (n=1) + H (n=12) → H (n=1) + H (n=14),H (n=1) + H (n=12),H (n=1) + H (n=14),7000.0,K,9.194e-11,cm3/s,1,12,1,14,2
42,H (n=1) + H (n=12) → H (n=1) + H (n=14),H (n=1) + H (n=12),H (n=1) + H (n=14),8000.0,K,9.212e-11,cm3/s,1,12,1,14,2
42,H (n=1) + H (n=12) → H (n=1) + H (n=14),H (n=1) + H (n=12),H (n=1) + H (n=14),9000.0,K,9.225e-11,cm3/s,1,12,1,14,2
42,H (n=1) + H (n=12) → H (n=1) + H (n=14),H (n=1) + H (n=12),H (n=1) + H (n=14),10000.0,K,9.236e-11,cm3/s,1,12,1,14,2
42,H (n=1) + H (n=12) → H (n=1) + H (n=14),H (n=1) + H (n=12),H (n=1) + H (n=14),15000.0,K,9.266e-11,cm3/s,1,12,1,14,2
42,H (n=1) + H (n=12) → H (n=1) + H (n=14),H (n=1) + H (n=12),H (n=1) + H (n=14),20000.0,K,9.281e-11,cm3/s,1,12,1,14,2
42,H (n=1) + H (n=12) → H (n=1) + H (n=14),H (n=1) + H (n=12),H (n=1) + H (n=14),25000.0,K,9.29e-11,cm3/s,1,12,1,14,2
42,H (n=1) + H (n=12) → H (n=1) + H (n=14),H (n=1) + H (n=12),H (n=1) + H (n=14),30000.0,K,9.295e-11,cm3/s,1,12,1,14,2
43,H (n=1) + H (n=12) → H (n=15) + H (n=1),H (n=1) + H (n=12),H (n=15) + H (n=1),2000.0,K,4.653e-11,cm3/s,1,12,1,15,3
43,H (n=1) + H (n=12) → H (n=15) + H (n=1),H (n=1) + H (n=12),H (n=15) + H (n=1),3000.0,K,4.818e-11,cm3/s,1,12,1,15,3
43,H (n=1) + H (n=12) → H (n=15) + H (n=1),H (n=1) + H (n=12),H (n=15) + H (n=1),5000.0,K,4.941e-11,cm3/s,1,12,1,15,3
43,H (n=1) + H (n=12) → H (n=15) + H (n=1),H (n=1) + H (n=12),H (n=15) + H (n=1),7000.0,K,4.99e-11,cm3/s,1,12,1,15,3
43,H (n=1) + H (n=12) → H (n=15) + H (n=1),H (n=1) + H (n=12),H (n=15) + H (n=1),8000.0,K,5.005e-11,cm3/s,1,12,1,15,3
43,H (n=1) + H (n=12) → H (n=15) + H (n=1),H (n=1) + H (n=12),H (n=15) + H (n=1),9000.0,K,5.016e-11,cm3/s,1,12,1,15,3
43,H (n=1) + H (n=12) → H (n=15) + H (n=1),H (n=1) + H (n=12),H (n=15) + H (n=1),10000.0,K,5.025e-11,cm3/s,1,12,1,15,3
43,H (n=1) + H (n=12) → H (n=15) + H (n=1),H (n=1) + H (n=12),H (n=15) + H (n=1),15000.0,K,5.05e-11,cm3/s,1,12,1,15,3
43,H (n=1) + H (n=12) → H (n=15) + H (n=1),H (n=1) + H (n=12),H (n=15) + H (n=1),20000.0,K,5.063e-11,cm3/s,1,12,1,15,3
43,H (n=1) + H (n=12) → H (n=15) + H (n=1),H (n=1) + H (n=12),H (n=15) + H (n=1),25000.0,K,5.07e-11,cm3/s,1,12,1,15,3
43,H (n=1) + H (n=12) → H (n=15) + H (n=1),H (n=1) + H (n=12),H (n=15) + H (n=1),30000.0,K,5.075e-11,cm3/s,1,12,1,15,3
44,H (n=1) + H (n=12) → H (n=16) + H (n=1),H (n=1) + H (n=12),H (n=16) + H (n=1),2000.0,K,2.881e-11,cm3/s,1,12,1,16,4
44,H (n=1) + H (n=12) → H (n=16) + H (n=1),H (n=1) + H (n=12),H (n=16) + H (n=1),3000.0,K,3.013e-11,cm3/s,1,12,1,16,4
44,H (n=1) + H (n=12) → H (n=16) + H (n=1),H (n=1) + H (n=12),H (n=16) + H (n=1),5000.0,K,3.113e-11,cm3/s,1,12,1,16,4
44,H (n=1) + H (n=12) → H (n=16) + H (n=1),H (n=1) + H (n=12),H (n=16) + H (n=1),7000.0,K,3.153e-11,cm3/s,1,12,1,16,4
44,H (n=1) + H (n=12) → H (n=16) + H (n=1),H (n=1) + H (n=12),H (n=16) + H (n=1),8000.0,K,3.165e-11,cm3/s,1,12,1,16,4
44,H (n=1) + H (n=12) → H (n=16) + H (n=1),H (n=1) + H (n=12),H (n=16) + H (n=1),9000.0,K,3.174e-11,cm3/s,1,12,1,16,4
44,H (n=1) + H (n=12) → H (n=16) + H (n=1),H (n=1) + H (n=12),H (n=16) + H (n=1),10000.0,K,3.182e-11,cm3/s,1,12,1,16,4
44,H (n=1) + H (n=12) → H (n=16) + H (n=1),H (n=1) + H (n=12),H (n=16) + H (n=1),15000.0,K,3.203e-11,cm3/s,1,12,1,16,4
44,H (n=1) + H (n=12) → H (n=16) + H (n=1),H (n=1) + H (n=12),H (n=16) + H (n=1),20000.0,K,3.213e-11,cm3/s,1,12,1,16,4
44,H (n=1) + H (n=12) → H (n=16) + H (n=1),H (n=1) + H (n=12),H (n=16) + H (n=1),25000.0,K,3.219e-11,cm3/s,1,12,1,16,4
44,H (n=1) + H (n=12) → H (n=16) + H (n=1),H (n=1) + H (n=12),H (n=16) + H (n=1),30000.0,K,3.223e-11,cm3/s,1,12,1,16,4
45,H (n=1) + H (n=12) → H (n=17) + H (n=1),H (n=1) + H (n=12),H (n=17) + H (n=1),2000.0,K,1.951e-11,cm3/s,1,12,1,17,5
45,H (n=1) + H (n=12) → H (n=17) + H (n=1),H (n=1) + H (n=12),H (n=17) + H (n=1),3000.0,K,2.058e-11,cm3/s,1,12,1,17,5
45,H (n=1) + H (n=12) → H (n=17) + H (n=1),H (n=1) + H (n=12),H (n=17) + H (n=1),5000.0,K,2.139e-11,cm3/s,1,12,1,17,5
45,H (n=1) + H (n=12) → H (n=17) + H (n=1),H (n=1) + H (n=12),H (n=17) + H (n=1),7000.0,K,2.173e-11,cm3/s,1,12,1,17,5
45,H (n=1) + H (n=12) → H (n=17) + H (n=1),H (n=1) + H (n=12),H (n=17) + H (n=1),8000.0,K,2.183e-11,cm3/s,1,12,1,17,5
45,H (n=1) + H (n=12) → H (n=17) + H (n=1),H (n=1) + H (n=12),H (n=17) + H (n=1),9000.0,K,2.19e-11,cm3/s,1,12,1,17,5
45,H (n=1) + H (n=12) → H (n=17) + H (n=1),H (n=1) + H (n=12),H (n=17) + H (n=1),10000.0,K,2.196e-11,cm3/s,1,12,1,17,5
45,H (n=1) + H (n=12) → H (n=17) + H (n=1),H (n=1) + H (n=12),H (n=17) + H (n=1),15000.0,K,2.214e-11,cm3/s,1,12,1,17,5
45,H (n=1) + H (n=12) → H (n=17) + H (n=1),H (n=1) + H (n=12),H (n=17) + H (n=1),20000.0,K,2.222e-11,cm3/s,1,12,1,17,5
45,H (n=1) + H (n=12) → H (n=17) + H (n=1),H (n=1) + H (n=12),H (n=17) + H (n=1),25000.0,K,2.227e-11,cm3/s,1,12,1,17,5
45,H (n=1) + H (n=12) → H (n=17) + H (n=1),H (n=1) + H (n=12),H (n=17) + H (n=1),30000.0,K,2.23e-11,cm3/s,1,12,1,17,5
46,H (n=1) + H (n=13) → H (n=1) + H (n=14),H (n=1) + H (n=13),H (n=1) + H (n=14),2000.0,K,1.8199e-10,cm3/s,1,13,1,14,1
46,H (n=1) + H (n=13) → H (n=1) + H (n=14),H (n=1) + H (n=13),H (n=1) + H (n=14),3000.0,K,1.8305e-10,cm3/s,1,13,1,14,1
46,H (n=1) + H (n=13) → H (n=1) + H (n=14),H (n=1) + H (n=13),H (n=1) + H (n=14),5000.0,K,1.8378e-10,cm3/s,1,13,1,14,1
46,H (n=1) + H (n=13) → H (n=1) + H (n=14),H (n=1) + H (n=13),H (n=1) + H (n=14),7000.0,K,1.8404e-10,cm3/s,1,13,1,14,1
46,H (n=1) + H (n=13) → H (n=1) + H (n=14),H (n=1) + H (n=13),H (n=1) + H (n=14),8000.0,K,1.8412e-10,cm3/s,1,13,1,14,1
46,H (n=1) + H (n=13) → H (n=1) + H (n=14),H (n=1) + H (n=13),H (n=1) + H (n=14),9000.0,K,1.8418e-10,cm3/s,1,13,1,14,1
46,H (n=1) + H (n=13) → H (n=1) + H (n=14),H (n=1) + H (n=13),H (n=1) + H (n=14),10000.0,K,1.8422e-10,cm3/s,1,13,1,14,1
46,H (n=1) + H (n=13) → H (n=1) + H (n=14),H (n=1) + H (n=13),H (n=1) + H (n=14),15000.0,K,1.8435e-10,cm3/s,1,13,1,14,1
46,H (n=1) + H (n=13) → H (n=1) + H (n=14),H (n=1) + H (n=13),H (n=1) + H (n=14),20000.0,K,1.8441e-10,cm3/s,1,13,1,14,1
46,H (n=1) + H (n=13) → H (n=1) + H (n=14),H (n=1) + H (n=13),H (n=1) + H (n=14),25000.0,K,1.8444e-10,cm3/s,1,13,1,14,1
46,H (n=1) + H (n=13) → H (n=1) + H (n=14),H (n=1) + H (n=13),H (n=1) + H (n=14),30000.0,K,1.8446e-10,cm3/s,1,13,1,14,1
47,H (n=1) + H (n=13) → H (n=15) + H (n=1),H (n=1) + H (n=13),H (n=15) + H (n=1),2000.0,K,6.727e-11,cm3/s,1,13,1,15,2
47,H (n=1) + H (n=13) → H (n=15) + H (n=1),H (n=1) + H (n=13),H (n=15) + H (n=1),3000.0,K,6.84e-11,cm3/s,1,13,1,15,2
47,H (n=1) + H (n=13) → H (n=15) + H (n=1),H (n=1) + H (n=13),H (n=15) + H (n=1),5000.0,K,6.921e-11,cm3/s,1,13,1,15,2
47,H (n=1) + H (n=13) → H (n=15) + H (n=1),H (n=1) + H (n=13),H (n=15) + H (n=1),7000.0,K,6.952e-11,cm3/s,1,13,1,15,2
47,H (n=1) + H (n=13) → H (n=15) + H (n=1),H (n=1) + H (n=13),H (n=15) + H (n=1),8000.0,K,6.962e-11,cm3/s,1,13,1,15,2
47,H (n=1) + H (n=13) → H (n=15) + H (n=1),H (n=1) + H (n=13),H (n=15) + H (n=1),9000.0,K,6.969e-11,cm3/s,1,13,1,15,2
47,H (n=1) + H (n=13) → H (n=15) + H (n=1),H (n=1) + H (n=13),H (n=15) + H (n=1),10000.0,K,6.975e-11,cm3/s,1,13,1,15,2
47,H (n=1) + H (n=13) → H (n=15) + H (n=1),H (n=1) + H (n=13),H (n=15) + H (n=1),15000.0,K,6.991e-11,cm3/s,1,13,1,15,2
47,H (n=1) + H (n=13) → H (n=15) + H (n=1),H (n=1) + H (n=13),H (n=15) + H (n=1),20000.0,K,6.999e-11,cm3/s,1,13,1,15,2
47,H (n=1) + H (n=13) → H (n=15) + H (n=1),H (n=1) + H (n=13),H (n=15) + H (n=1),25000.0,K,7.003e-11,cm3/s,1,13,1,15,2
47,H (n=1) + H (n=13) → H (n=15) + H (n=1),H (n=1) + H (n=13),H (n=15) + H (n=1),30000.0,K,7.006e-11,cm3/s,1,13,1,15,2
48,H (n=1) + H (n=13) → H (n=16) + H (n=1),H (n=1) + H (n=13),H (n=16) + H (n=1),2000.0,K,3.619e-11,cm3/s,1,13,1,16,3
48,H (n=1) + H (n=13) → H (n=16) + H (n=1),H (n=1) + H (n=13),H (n=16) + H (n=1),3000.0,K,3.714e-11,cm3/s,1,13,1,16,3
48,H (n=1) + H (n=13) → H (n=16) + H (n=1),H (n=1) + H (n=13),H (n=16) + H (n=1),5000.0,K,3.784e-11,cm3/s,1,13,1,16,3
48,H (n=1) + H (n=13) → H (n=16) + H (n=1),H (n=1) + H (n=13),H (n=16) + H (n=1),7000.0,K,3.812e-11,cm3/s,1,13,1,16,3
48,H (n=1) + H (n=13) → H (n=16) + H (n=1),H (n=1) + H (n=13),H (n=16) + H (n=1),8000.0,K,3.82e-11,cm3/s,1,13,1,16,3
48,H (n=1) + H (n=13) → H (n=16) + H (n=1),H (n=1) + H (n=13),H (n=16) + H (n=1),9000.0,K,3.826e-11,cm3/s,1,13,1,16,3
48,H (n=1) + H (n=13) → H (n=16) + H (n=1),H (n=1) + H (n=13),H (n=16) + H (n=1),10000.0,K,3.831e-11,cm3/s,1,13,1,16,3
48,H (n=1) + H (n=13) → H (n=16) + H (n=1),H (n=1) + H (n=13),H (n=16) + H (n=1),15000.0,K,3.845e-11,cm3/s,1,13,1,16,3
48,H (n=1) + H (n=13) → H (n=16) + H (n=1),H (n=1) + H (n=13),H (n=16) + H (n=1),20000.0,K,3.852e-11,cm3/s,1,13,1,16,3
48,H (n=1) + H (n=13) → H (n=16) + H (n=1),H (n=1) + H (n=13),H (n=16) + H (n=1),25000.0,K,3.856e-11,cm3/s,1,13,1,16,3
48,H (n=1) + H (n=13) → H (n=16) + H (n=1),H (n=1) + H (n=13),H (n=16) + H (n=1),30000.0,K,3.859e-11,cm3/s,1,13,1,16,3
49,H (n=1) + H (n=13) → H (n=17) + H (n=1),H (n=1) + H (n=13),H (n=17) + H (n=1),2000.0,K,2.268e-11,cm3/s,1,13,1,17,4
49,H (n=1) + H (n=13) → H (n=17) + H (n=1),H (n=1) + H (n=13),H (n=17) + H (n=1),3000.0,K,2.346e-11,cm3/s,1,13,1,17,4
49,H (n=1) + H (n=13) → H (n=17) + H (n=1),H (n=1) + H (n=13),H (n=17) + H (n=1),5000.0,K,2.404e-11,cm3/s,1,13,1,17,4
49,H (n=1) + H (n=13) → H (n=17) + H (n=1),H (n=1) + H (n=13),H (n=17) + H (n=1),7000.0,K,2.427e-11,cm3/s,1,13,1,17,4
49,H (n=1) + H (n=13) → H (n=17) + H (n=1),H (n=1) + H (n=13),H (n=17) + H (n=1),8000.0,K,2.434e-11,cm3/s,1,13,1,17,4
49,H (n=1) + H (n=13) → H (n=17) + H (n=1),H (n=1) + H (n=13),H (n=17) + H (n=1),9000.0,K,2.44e-11,cm3/s,1,13,1,17,4
49,H (n=1) + H (n=13) → H (n=17) + H (n=1),H (n=1) + H (n=13),H (n=17) + H (n=1),10000.0,K,2.444e-11,cm3/s,1,13,1,17,4
49,H (n=1) + H (n=13) → H (n=17) + H (n=1),H (n=1) + H (n=13),H (n=17) + H (n=1),15000.0,K,2.456e-11,cm3/s,1,13,1,17,4
49,H (n=1) + H (n=13) → H (n=17) + H (n=1),H (n=1) + H (n=13),H (n=17) + H (n=1),20000.0,K,2.462e-11,cm3/s,1,13,1,17,4
49,H (n=1) + H (n=13) → H (n=17) + H (n=1),H (n=1) + H (n=13),H (n=17) + H (n=1),25000.0,K,2.465e-11,cm3/s,1,13,1,17,4
49,H (n=1) + H (n=13) → H (n=17) + H (n=1),H (n=1) + H (n=13),H (n=17) + H (n=1),30000.0,K,2.468e-11,cm3/s,1,13,1,17,4
50,H (n=1) + H (n=13) → H (n=18) + H (n=1),H (n=1) + H (n=13),H (n=18) + H (n=1),2000.0,K,1.551e-11,cm3/s,1,13,1,18,5
50,H (n=1) + H (n=13) → H (n=18) + H (n=1),H (n=1) + H (n=13),H (n=18) + H (n=1),3000.0,K,1.616e-11,cm3/s,1,13,1,18,5
50,H (n=1) + H (n=13) → H (n=18) + H (n=1),H (n=1) + H (n=13),H (n=18) + H (n=1),5000.0,K,1.664e-11,cm3/s,1,13,1,18,5
50,H (n=1) + H (n=13) → H (n=18) + H (n=1),H (n=1) + H (n=13),H (n=18) + H (n=1),7000.0,K,1.684e-11,cm3/s,1,13,1,18,5
50,H (n=1) + H (n=13) → H (n=18) + H (n=1),H (n=1) + H (n=13),H (n=18) + H (n=1),8000.0,K,1.69e-11,cm3/s,1,13,1,18,5
50,H (n=1) + H (n=13) → H (n=18) + H (n=1),H (n=1) + H (n=13),H (n=18) + H (n=1),9000.0,K,1.694e-11,cm3/s,1,13,1,18,5
50,H (n=1) + H (n=13) → H (n=18) + H (n=1),H (n=1) + H (n=13),H (n=18) + H (n=1),10000.0,K,1.698e-11,cm3/s,1,13,1,18,5
50,H (n=1) + H (n=13) → H (n=18) + H (n=1),H (n=1) + H (n=13),H (n=18) + H (n=1),15000.0,K,1.708e-11,cm3/s,1,13,1,18,5
50,H (n=1) + H (n=13) → H (n=18) + H (n=1),H (n=1) + H (n=13),H (n=18) + H (n=1),20000.0,K,1.713e-11,cm3/s,1,13,1,18,5
50,H (n=1) + H (n=13) → H (n=18) + H (n=1),H (n=1) + H (n=13),H (n=18) + H (n=1),25000.0,K,1.716e-11,cm3/s,1,13,1,18,5
50,H (n=1) + H (n=13) → H (n=18) + H (n=1),H (n=1) + H (n=13),H (n=18) + H (n=1),30000.0,K,1.718e-11,cm3/s,1,13,1,18,5
51,H (n=1) + H (n=14) → H (n=15) + H (n=1),H (n=1) + H (n=14),H (n=15) + H (n=1),2000.0,K,1.388e-10,cm3/s,1,14,1,15,1
51,H (n=1) + H (n=14) → H (n=15) + H (n=1),H (n=1) + H (n=14),H (n=15) + H (n=1),3000.0,K,1.3931e-10,cm3/s,1,14,1,15,1
51,H (n=1) + H (n=14) → H (n=15) + H (n=1),H (n=1) + H (n=14),H (n=15) + H (n=1),5000.0,K,1.3964e-10,cm3/s,1,14,1,15,1
51,H (n=1) + H (n=14) → H (n=15) + H (n=1),H (n=1) + H (n=14),H (n=15) + H (n=1),7000.0,K,1.3975e-10,cm3/s,1,14,1,15,1
51,H (n=1) + H (n=14) → H (n=15) + H (n=1),H (n=1) + H (n=14),H (n=15) + H (n=1),8000.0,K,1.3978e-10,cm3/s,1,14,1,15,1
51,H (n=1) + H (n=14) → H (n=15) + H (n=1),H (n=1) + H (n=14),H (n=15) + H (n=1),9000.0,K,1.3981e-10,cm3/s,1,14,1,15,1
51,H (n=1) + H (n=14) → H (n=15) + H (n=1),H (n=1) + H (n=14),H (n=15) + H (n=1),10000.0,K,1.3982e-10,cm3/s,1,14,1,15,1
51,H (n=1) + H (n=14) → H (n=15) + H (n=1),H (n=1) + H (n=14),H (n=15) + H (n=1),15000.0,K,1.3987e-10,cm3/s,1,14,1,15,1
51,H (n=1) + H (n=14) → H (n=15) + H (n=1),H (n=1) + H (n=14),H (n=15) + H (n=1),20000.0,K,1.399e-10,cm3/s,1,14,1,15,1
51,H (n=1) + H (n=14) → H (n=15) + H (n=1),H (n=1) + H (n=14),H (n=15) + H (n=1),25000.0,K,1.3991e-10,cm3/s,1,14,1,15,1
51,H (n=1) + H (n=14) → H (n=15) + H (n=1),H (n=1) + H (n=14),H (n=15) + H (n=1),30000.0,K,1.3992e-10,cm3/s,1,14,1,15,1
52,H (n=1) + H (n=14) → H (n=16) + H (n=1),H (n=1) + H (n=14),H (n=16) + H (n=1),2000.0,K,5.221e-11,cm3/s,1,14,1,16,2
52,H (n=1) + H (n=14) → H (n=16) + H (n=1),H (n=1) + H (n=14),H (n=16) + H (n=1),3000.0,K,5.284e-11,cm3/s,1,14,1,16,2
52,H (n=1) + H (n=14) → H (n=16) + H (n=1),H (n=1) + H (n=14),H (n=16) + H (n=1),5000.0,K,5.329e-11,cm3/s,1,14,1,16,2
52,H (n=1) + H (n=14) → H (n=16) + H (n=1),H (n=1) + H (n=14),H (n=16) + H (n=1),7000.0,K,5.346e-11,cm3/s,1,14,1,16,2
52,H (n=1) + H (n=14) → H (n=16) + H (n=1),H (n=1) + H (n=14),H (n=16) + H (n=1),8000.0,K,5.352e-11,cm3/s,1,14,1,16,2
52,H (n=1) + H (n=14) → H (n=16) + H (n=1),H (n=1) + H (n=14),H (n=16) + H (n=1),9000.0,K,5.355e-11,cm3/s,1,14,1,16,2
52,H (n=1) + H (n=14) → H (n=16) + H (n=1),H (n=1) + H (n=14),H (n=16) + H (n=1),10000.0,K,5.358e-11,cm3/s,1,14,1,16,2
52,H (n=1) + H (n=14) → H (n=16) + H (n=1),H (n=1) + H (n=14),H (n=16) + H (n=1),15000.0,K,5.367e-11,cm3/s,1,14,1,16,2
52,H (n=1) + H (n=14) → H (n=16) + H (n=1),H (n=1) + H (n=14),H (n=16) + H (n=1),20000.0,K,5.371e-11,cm3/s,1,14,1,16,2
52,H (n=1) + H (n=14) → H (n=16) + H (n=1),H (n=1) + H (n=14),H (n=16) + H (n=1),25000.0,K,5.374e-11,cm3/s,1,14,1,16,2
52,H (n=1) + H (n=14) → H (n=16) + H (n=1),H (n=1) + H (n=14),H (n=16) + H (n=1),30000.0,K,5.375e-11,cm3/s,1,14,1,16,2
53,H (n=1) + H (n=14) → H (n=17) + H (n=1),H (n=1) + H (n=14),H (n=17) + H (n=1),2000.0,K,2.845e-11,cm3/s,1,14,1,17,3
53,H (n=1) + H (n=14) → H (n=17) + H (n=1),H (n=1) + H (n=14),H (n=17) + H (n=1),3000.0,K,2.9e-11,cm3/s,1,14,1,17,3
53,H (n=1) + H (n=14) → H (n=17) + H (n=1),H (n=1) + H (n=14),H (n=17) + H (n=1),5000.0,K,2.941e-11,cm3/s,1,14,1,17,3
53,H (n=1) + H (n=14) → H (n=17) + H (n=1),H (n=1) + H (n=14),H (n=17) + H (n=1),7000.0,K,2.957e-11,cm3/s,1,14,1,17,3
53,H (n=1) + H (n=14) → H (n=17) + H (n=1),H (n=1) + H (n=14),H (n=17) + H (n=1),8000.0,K,2.962e-11,cm3/s,1,14,1,17,3
53,H (n=1) + H (n=14) → H (n=17) + H (n=1),H (n=1) + H (n=14),H (n=17) + H (n=1),9000.0,K,2.965e-11,cm3/s,1,14,1,17,3
53,H (n=1) + H (n=14) → H (n=17) + H (n=1),H (n=1) + H (n=14),H (n=17) + H (n=1),10000.0,K,2.968e-11,cm3/s,1,14,1,17,3
53,H (n=1) + H (n=14) → H (n=17) + H (n=1),H (n=1) + H (n=14),H (n=17) + H (n=1),15000.0,K,2.976e-11,cm3/s,1,14,1,17,3
53,H (n=1) + H (n=14) → H (n=17) + H (n=1),H (n=1) + H (n=14),H (n=17) + H (n=1),20000.0,K,2.98e-11,cm3/s,1,14,1,17,3
53,H (n=1) + H (n=14) → H (n=17) + H (n=1),H (n=1) + H (n=14),H (n=17) + H (n=1),25000.0,K,2.982e-11,cm3/s,1,14,1,17,3
53,H (n=1) + H (n=14) → H (n=17) + H (n=1),H (n=1) + H (n=14),H (n=17) + H (n=1),30000.0,K,2.984e-11,cm3/s,1,14,1,17,3
54,H (n=1) + H (n=14) → H (n=18) + H (n=1),H (n=1) + H (n=14),H (n=18) + H (n=1),2000.0,K,1.801e-11,cm3/s,1,14,1,18,4
54,H (n=1) + H (n=14) → H (n=18) + H (n=1),H (n=1) + H (n=14),H (n=18) + H (n=1),3000.0,K,1.848e-11,cm3/s,1,14,1,18,4
54,H (n=1) + H (n=14) → H (n=18) + H (n=1),H (n=1) + H (n=14),H (n=18) + H (n=1),5000.0,K,1.883e-11,cm3/s,1,14,1,18,4
54,H (n=1) + H (n=14) → H (n=18) + H (n=1),H (n=1) + H (n=14),H (n=18) + H (n=1),7000.0,K,1.896e-11,cm3/s,1,14,1,18,4
54,H (n=1) + H (n=14) → H (n=18) + H (n=1),H (n=1) + H (n=14),H (n=18) + H (n=1),8000.0,K,1.9e-11,cm3/s,1,14,1,18,4
54,H (n=1) + H (n=14) → H (n=18) + H (n=1),H (n=1) + H (n=14),H (n=18) + H (n=1),9000.0,K,1.904e-11,cm3/s,1,14,1,18,4
54,H (n=1) + H (n=14) → H (n=18) + H (n=1),H (n=1) + H (n=14),H (n=18) + H (n=1),10000.0,K,1.906e-11,cm3/s,1,14,1,18,4
54,H (n=1) + H (n=14) → H (n=18) + H (n=1),H (n=1) + H (n=14),H (n=18) + H (n=1),15000.0,K,1.913e-11,cm3/s,1,14,1,18,4
54,H (n=1) + H (n=14) → H (n=18) + H (n=1),H (n=1) + H (n=14),H (n=18) + H (n=1),20000.0,K,1.917e-11,cm3/s,1,14,1,18,4
54,H (n=1) + H (n=14) → H (n=18) + H (n=1),H (n=1) + H (n=14),H (n=18) + H (n=1),25000.0,K,1.919e-11,cm3/s,1,14,1,18,4
54,H (n=1) + H (n=14) → H (n=18) + H (n=1),H (n=1) + H (n=14),H (n=18) + H (n=1),30000.0,K,1.92e-11,cm3/s,1,14,1,18,4
55,H (n=1) + H (n=14) → H (n=1) + H (n=19),H (n=1) + H (n=14),H (n=1) + H (n=19),2000.0,K,1.242e-11,cm3/s,1,14,1,19,5
55,H (n=1) + H (n=14) → H (n=1) + H (n=19),H (n=1) + H (n=14),H (n=1) + H (n=19),3000.0,K,1.282e-11,cm3/s,1,14,1,19,5
55,H (n=1) + H (n=14) → H (n=1) + H (n=19),H (n=1) + H (n=14),H (n=1) + H (n=19),5000.0,K,1.311e-11,cm3/s,1,14,1,19,5
55,H (n=1) + H (n=14) → H (n=1) + H (n=19),H (n=1) + H (n=14),H (n=1) + H (n=19),7000.0,K,1.323e-11,cm3/s,1,14,1,19,5
55,H (n=1) + H (n=14) → H (n=1) + H (n=19),H (n=1) + H (n=14),H (n=1) + H (n=19),8000.0,K,1.326e-11,cm3/s,1,14,1,19,5
55,H (n=1) + H (n=14) → H (n=1) + H (n=19),H (n=1) + H (n=14),H (n=1) + H (n=19),9000.0,K,1.329e-11,cm3/s,1,14,1,19,5
55,H (n=1) + H (n=14) → H (n=1) + H (n=19),H (n=1) + H (n=14),H (n=1) + H (n=19),10000.0,K,1.331e-11,cm3/s,1,14,1,19,5
55,H (n=1) + H (n=14) → H (n=1) + H (n=19),H (n=1) + H (n=14),H (n=1) + H (n=19),15000.0,K,1.337e-11,cm3/s,1,14,1,19,5
55,H (n=1) + H (n=14) → H (n=1) + H (n=19),H (n=1) + H (n=14),H (n=1) + H (n=19),20000.0,K,1.34e-11,cm3/s,1,14,1,19,5
55,H (n=1) + H (n=14) → H (n=1) + H (n=19),H (n=1) + H (n=14),H (n=1) + H (n=19),25000.0,K,1.342e-11,cm3/s,1,14,1,19,5
55,H (n=1) + H (n=14) → H (n=1) + H (n=19),H (n=1) + H (n=14),H (n=1) + H (n=19),30000.0,K,1.343e-11,cm3/s,1,14,1,19,5
56,H (n=15) + H (n=1) → H (n=16) + H (n=1),H (n=15) + H (n=1),H (n=16) + H (n=1),2000.0,K,1.075e-10,cm3/s,1,15,1,16,1
56,H (n=15) + H (n=1) → H (n=16) + H (n=1),H (n=15) + H (n=1),H (n=16) + H (n=1),3000.0,K,1.0773e-10,cm3/s,1,15,1,16,1
56,H (n=15) + H (n=1) → H (n=16) + H (n=1),H (n=15) + H (n=1),H (n=16) + H (n=1),5000.0,K,1.0785e-10,cm3/s,1,15,1,16,1
56,H (n=15) + H (n=1) → H (n=16) + H (n=1),H (n=15) + H (n=1),H (n=16) + H (n=1),7000.0,K,1.0789e-10,cm3/s,1,15,1,16,1
56,H (n=15) + H (n=1) → H (n=16) + H (n=1),H (n=15) + H (n=1),H (n=16) + H (n=1),8000.0,K,1.079e-10,cm3/s,1,15,1,16,1
56,H (n=15) + H (n=1) → H (n=16) + H (n=1),H (n=15) + H (n=1),H (n=16) + H (n=1),9000.0,K,1.0791e-10,cm3/s,1,15,1,16,1
56,H (n=15) + H (n=1) → H (n=16) + H (n=1),H (n=15) + H (n=1),H (n=16) + H (n=1),10000.0,K,1.0791e-10,cm3/s,1,15,1,16,1
56,H (n=15) + H (n=1) → H (n=16) + H (n=1),H (n=15) + H (n=1),H (n=16) + H (n=1),15000.0,K,1.0793e-10,cm3/s,1,15,1,16,1
56,H (n=15) + H (n=1) → H (n=16) + H (n=1),H (n=15) + H (n=1),H (n=16) + H (n=1),20000.0,K,1.0793e-10,cm3/s,1,15,1,16,1
56,H (n=15) + H (n=1) → H (n=16) + H (n=1),H (n=15) + H (n=1),H (n=16) + H (n=1),25000.0,K,1.0793e-10,cm3/s,1,15,1,16,1
56,H (n=15) + H (n=1) → H (n=16) + H (n=1),H (n=15) + H (n=1),H (n=16) + H (n=1),30000.0,K,1.0794e-10,cm3/s,1,15,1,16,1
57,H (n=15) + H (n=1) → H (n=17) + H (n=1),H (n=15) + H (n=1),H (n=17) + H (n=1),2000.0,K,4.104e-11,cm3/s,1,15,1,17,2
57,H (n=15) + H (n=1) → H (n=17) + H (n=1),H (n=15) + H (n=1),H (n=17) + H (n=1),3000.0,K,4.139e-11,cm3/s,1,15,1,17,2
57,H (n=15) + H (n=1) → H (n=17) + H (n=1),H (n=15) + H (n=1),H (n=17) + H (n=1),5000.0,K,4.164e-11,cm3/s,1,15,1,17,2
57,H (n=15) + H (n=1) → H (n=17) + H (n=1),H (n=15) + H (n=1),H (n=17) + H (n=1),7000.0,K,4.174e-11,cm3/s,1,15,1,17,2
57,H (n=15) + H (n=1) → H (n=17) + H (n=1),H (n=15) + H (n=1),H (n=17) + H (n=1),8000.0,K,4.176e-11,cm3/s,1,15,1,17,2
57,H (n=15) + H (n=1) → H (n=17) + H (n=1),H (n=15) + H (n=1),H (n=17) + H (n=1),9000.0,K,4.179e-11,cm3/s,1,15,1,17,2
57,H (n=15) + H (n=1) → H (n=17) + H (n=1),H (n=15) + H (n=1),H (n=17) + H (n=1),10000.0,K,4.18e-11,cm3/s,1,15,1,17,2
57,H (n=15) + H (n=1) → H (n=17) + H (n=1),H (n=15) + H (n=1),H (n=17) + H (n=1),15000.0,K,4.185e-11,cm3/s,1,15,1,17,2
57,H (n=15) + H (n=1) → H (n=17) + H (n=1),H (n=15) + H (n=1),H (n=17) + H (n=1),20000.0,K,4.187e-11,cm3/s,1,15,1,17,2
57,H (n=15) + H (n=1) → H (n=17) + H (n=1),H (n=15) + H (n=1),H (n=17) + H (n=1),25000.0,K,4.188e-11,cm3/s,1,15,1,17,2
57,H (n=15) + H (n=1) → H (n=17) + H (n=1),H (n=15) + H (n=1),H (n=17) + H (n=1),30000.0,K,4.189e-11,cm3/s,1,15,1,17,2
58,H (n=15) + H (n=1) → H (n=18) + H (n=1),H (n=15) + H (n=1),H (n=18) + H (n=1),2000.0,K,2.26e-11,cm3/s,1,15,1,18,3
58,H (n=15) + H (n=1) → H (n=18) + H (n=1),H (n=15) + H (n=1),H (n=18) + H (n=1),3000.0,K,2.293e-11,cm3/s,1,15,1,18,3
58,H (n=15) + H (n=1) → H (n=18) + H (n=1),H (n=15) + H (n=1),H (n=18) + H (n=1),5000.0,K,2.317e-11,cm3/s,1,15,1,18,3
58,H (n=15) + H (n=1) → H (n=18) + H (n=1),H (n=15) + H (n=1),H (n=18) + H (n=1),7000.0,K,2.326e-11,cm3/s,1,15,1,18,3
58,H (n=15) + H (n=1) → H (n=18) + H (n=1),H (n=15) + H (n=1),H (n=18) + H (n=1),8000.0,K,2.329e-11,cm3/s,1,15,1,18,3
58,H (n=15) + H (n=1) → H (n=18) + H (n=1),H (n=15) + H (n=1),H (n=18) + H (n=1),9000.0,K,2.331e-11,cm3/s,1,15,1,18,3
58,H (n=15) + H (n=1) → H (n=18) + H (n=1),H (n=15) + H (n=1),H (n=18) + H (n=1),10000.0,K,2.333e-11,cm3/s,1,15,1,18,3
58,H (n=15) + H (n=1) → H (n=18) + H (n=1),H (n=15) + H (n=1),H (n=18) + H (n=1),15000.0,K,2.337e-11,cm3/s,1,15,1,18,3
58,H (n=15) + H (n=1) → H (n=18) + H (n=1),H (n=15) + H (n=1),H (n=18) + H (n=1),20000.0,K,2.34e-11,cm3/s,1,15,1,18,3
58,H (n=15) + H (n=1) → H (n=18) + H (n=1),H (n=15) + H (n=1),H (n=18) + H (n=1),25000.0,K,2.341e-11,cm3/s,1,15,1,18,3
58,H (n=15) + H (n=1) → H (n=18) + H (n=1),H (n=15) + H (n=1),H (n=18) + H (n=1),30000.0,K,2.342e-11,cm3/s,1,15,1,18,3
59,H (n=15) + H (n=1) → H (n=1) + H (n=19),H (n=15) + H (n=1),H (n=1) + H (n=19),2000.0,K,1.443e-11,cm3/s,1,15,1,19,4
59,H (n=15) + H (n=1) → H (n=1) + H (n=19),H (n=15) + H (n=1),H (n=1) + H (n=19),3000.0,K,1.472e-11,cm3/s,1,15,1,19,4
59,H (n=15) + H (n=1) → H (n=1) + H (n=19),H (n=15) + H (n=1),H (n=1) + H (n=19),5000.0,K,1.493e-11,cm3/s,1,15,1,19,4
59,H (n=15) + H (n=1) → H (n=1) + H (n=19),H (n=15) + H (n=1),H (n=1) + H (n=19),7000.0,K,1.501e-11,cm3/s,1,15,1,19,4
59,H (n=15) + H (n=1) → H (n=1) + H (n=19),H (n=15) + H (n=1),H (n=1) + H (n=19),8000.0,K,1.503e-11,cm3/s,1,15,1,19,4
59,H (n=15) + H (n=1) → H (n=1) + H (n=19),H (n=15) + H (n=1),H (n=1) + H (n=19),9000.0,K,1.505e-11,cm3/s,1,15,1,19,4
59,H (n=15) + H (n=1) → H (n=1) + H (n=19),H (n=15) + H (n=1),H (n=1) + H (n=19),10000.0,K,1.507e-11,cm3/s,1,15,1,19,4
59,H (n=15) + H (n=1) → H (n=1) + H (n=19),H (n=15) + H (n=1),H (n=1) + H (n=19),15000.0,K,1.511e-11,cm3/s,1,15,1,19,4
59,H (n=15) + H (n=1) → H (n=1) + H (n=19),H (n=15) + H (n=1),H (n=1) + H (n=19),20000.0,K,1.513e-11,cm3/s,1,15,1,19,4
59,H (n=15) + H (n=1) → H (n=1) + H (n=19),H (n=15) + H (n=1),H (n=1) + H (n=19),25000.0,K,1.514e-11,cm3/s,1,15,1,19,4
59,H (n=15) + H (n=1) → H (n=1) + H (n=19),H (n=15) + H (n=1),H (n=1) + H (n=19),30000.0,K,1.515e-11,cm3/s,1,15,1,19,4
60,H (n=15) + H (n=1) → H (n=1) + H (n=20),H (n=15) + H (n=1),H (n=1) + H (n=20),2000.0,K,1.002e-11,cm3/s,1,15,1,20,5
60,H (n=15) + H (n=1) → H (n=1) + H (n=20),H (n=15) + H (n=1),H (n=1) + H (n=20),3000.0,K,1.027e-11,cm3/s,1,15,1,20,5
60,H (n=15) + H (n=1) → H (n=1) + H (n=20),H (n=15) + H (n=1),H (n=1) + H (n=20),5000.0,K,1.045e-11,cm3/s,1,15,1,20,5
60,H (n=15) + H (n=1) → H (n=1) + H (n=20),H (n=15) + H (n=1),H (n=1) + H (n=20),7000.0,K,1.052e-11,cm3/s,1,15,1,20,5
60,H (n=15) + H (n=1) → H (n=1) + H (n=20),H (n=15) + H (n=1),H (n=1) + H (n=20),8000.0,K,1.055e-11,cm3/s,1,15,1,20,5
60,H (n=15) + H (n=1) → H (n=1) + H (n=20),H (n=15) + H (n=1),H (n=1) + H (n=20),9000.0,K,1.056e-11,cm3/s,1,15,1,20,5
60,H (n=15) + H (n=1) → H (n=1) + H (n=20),H (n=15) + H (n=1),H (n=1) + H (n=20),10000.0,K,1.058e-11,cm3/s,1,15,1,20,5
60,H (n=15) + H (n=1) → H (n=1) + H (n=20),H (n=15) + H (n=1),H (n=1) + H (n=20),15000.0,K,1.061e-11,cm3/s,1,15,1,20,5
60,H (n=15) + H (n=1) → H (n=1) + H (n=20),H (n=15) + H (n=1),H (n=1) + H (n=20),20000.0,K,1.063e-11,cm3/s,1,15,1,20,5
60,H (n=15) + H (n=1) → H (n=1) + H (n=20),H (n=15) + H (n=1),H (n=1) + H (n=20),25000.0,K,1.064e-11,cm3/s,1,15,1,20,5
60,H (n=15) + H (n=1) → H (n=1) + H (n=20),H (n=15) + H (n=1),H (n=1) + H (n=20),30000.0,K,1.065e-11,cm3/s,1,15,1,20,5
61,H (n=16) + H (n=1) → H (n=17) + H (n=1),H (n=16) + H (n=1),H (n=17) + H (n=1),2000.0,K,8.442e-11,cm3/s,1,16,1,17,1
61,H (n=16) + H (n=1) → H (n=17) + H (n=1),H (n=16) + H (n=1),H (n=17) + H (n=1),3000.0,K,8.45e-11,cm3/s,1,16,1,17,1
61,H (n=16) + H (n=1) → H (n=17) + H (n=1),H (n=16) + H (n=1),H (n=17) + H (n=1),5000.0,K,8.453e-11,cm3/s,1,16,1,17,1
61,H (n=16) + H (n=1) → H (n=17) + H (n=1),H (n=16) + H (n=1),H (n=17) + H (n=1),7000.0,K,8.453e-11,cm3/s,1,16,1,17,1
61,H (n=16) + H (n=1) → H (n=17) + H (n=1),H (n=16) + H (n=1),H (n=17) + H (n=1),8000.0,K,8.453e-11,cm3/s,1,16,1,17,1
61,H (n=16) + H (n=1) → H (n=17) + H (n=1),H (n=16) + H (n=1),H (n=17) + H (n=1),9000.0,K,8.453e-11,cm3/s,1,16,1,17,1
61,H (n=16) + H (n=1) → H (n=17) + H (n=1),H (n=16) + H (n=1),H (n=17) + H (n=1),10000.0,K,8.453e-11,cm3/s,1,16,1,17,1
61,H (n=16) + H (n=1) → H (n=17) + H (n=1),H (n=16) + H (n=1),H (n=17) + H (n=1),15000.0,K,8.453e-11,cm3/s,1,16,1,17,1
61,H (n=16) + H (n=1) → H (n=17) + H (n=1),H (n=16) + H (n=1),H (n=17) + H (n=1),20000.0,K,8.452e-11,cm3/s,1,16,1,17,1
61,H (n=16) + H (n=1) → H (n=17) + H (n=1),H (n=16) + H (n=1),H (n=17) + H (n=1),25000.0,K,8.452e-11,cm3/s,1,16,1,17,1
61,H (n=16) + H (n=1) → H (n=17) + H (n=1),H (n=16) + H (n=1),H (n=17) + H (n=1),30000.0,K,8.452e-11,cm3/s,1,16,1,17,1
62,H (n=16) + H (n=1) → H (n=18) + H (n=1),H (n=16) + H (n=1),H (n=18) + H (n=1),2000.0,K,3.263e-11,cm3/s,1,16,1,18,2
62,H (n=16) + H (n=1) → H (n=18) + H (n=1),H (n=16) + H (n=1),H (n=18) + H (n=1),3000.0,K,3.284e-11,cm3/s,1,16,1,18,2
62,H (n=16) + H (n=1) → H (n=18) + H (n=1),H (n=16) + H (n=1),H (n=18) + H (n=1),5000.0,K,3.297e-11,cm3/s,1,16,1,18,2
62,H (n=16) + H (n=1) → H (n=18) + H (n=1),H (n=16) + H (n=1),H (n=18) + H (n=1),7000.0,K,3.302e-11,cm3/s,1,16,1,18,2
62,H (n=16) + H (n=1) → H (n=18) + H (n=1),H (n=16) + H (n=1),H (n=18) + H (n=1),8000.0,K,3.304e-11,cm3/s,1,16,1,18,2
62,H (n=16) + H (n=1) → H (n=18) + H (n=1),H (n=16) + H (n=1),H (n=18) + H (n=1),9000.0,K,3.305e-11,cm3/s,1,16,1,18,2
62,H (n=16) + H (n=1) → H (n=18) + H (n=1),H (n=16) + H (n=1),H (n=18) + H (n=1),10000.0,K,3.306e-11,cm3/s,1,16,1,18,2
62,H (n=16) + H (n=1) → H (n=18) + H (n=1),H (n=16) + H (n=1),H (n=18) + H (n=1),15000.0,K,3.308e-11,cm3/s,1,16,1,18,2
62,H (n=16) + H (n=1) → H (n=18) + H (n=1),H (n=16) + H (n=1),H (n=18) + H (n=1),20000.0,K,3.309e-11,cm3/s,1,16,1,18,2
62,H (n=16) + H (n=1) → H (n=18) + H (n=1),H (n=16) + H (n=1),H (n=18) + H (n=1),25000.0,K,3.31e-11,cm3/s,1,16,1,18,2
62,H (n=16) + H (n=1) → H (n=18) + H (n=1),H (n=16) + H (n=1),H (n=18) + H (n=1),30000.0,K,3.31e-11,cm3/s,1,16,1,18,2
63,H (n=16) + H (n=1) → H (n=1) + H (n=19),H (n=16) + H (n=1),H (n=1) + H (n=19),2000.0,K,1.814e-11,cm3/s,1,16,1,19,3
63,H (n=16) + H (n=1) → H (n=1) + H (n=19),H (n=16) + H (n=1),H (n=1) + H (n=19),3000.0,K,1.834e-11,cm3/s,1,16,1,19,3
63,H (n=16) + H (n=1) → H (n=1) + H (n=19),H (n=16) + H (n=1),H (n=1) + H (n=19),5000.0,K,1.848e-11,cm3/s,1,16,1,19,3
63,H (n=16) + H (n=1) → H (n=1) + H (n=19),H (n=16) + H (n=1),H (n=1) + H (n=19),7000.0,K,1.853e-11,cm3/s,1,16,1,19,3
63,H (n=16) + H (n=1) → H (n=1) + H (n=19),H (n=16) + H (n=1),H (n=1) + H (n=19),8000.0,K,1.855e-11,cm3/s,1,16,1,19,3
63,H (n=16) + H (n=1) → H (n=1) + H (n=19),H (n=16) + H (n=1),H (n=1) + H (n=19),9000.0,K,1.856e-11,cm3/s,1,16,1,19,3
63,H (n=16) + H (n=1) → H (n=1) + H (n=19),H (n=16) + H (n=1),H (n=1) + H (n=19),10000.0,K,1.857e-11,cm3/s,1,16,1,19,3
63,H (n=16) + H (n=1) → H (n=1) + H (n=19),H (n=16) + H (n=1),H (n=1) + H (n=19),15000.0,K,1.86e-11,cm3/s,1,16,1,19,3
63,H (n=16) + H (n=1) → H (n=1) + H (n=19),H (n=16) + H (n=1),H (n=1) + H (n=19),20000.0,K,1.861e-11,cm3/s,1,16,1,19,3
63,H (n=16) + H (n=1) → H (n=1) + H (n=19),H (n=16) + H (n=1),H (n=1) + H (n=19),25000.0,K,1.862e-11,cm3/s,1,16,1,19,3
63,H (n=16) + H (n=1) → H (n=1) + H (n=19),H (n=16) + H (n=1),H (n=1) + H (n=19),30000.0,K,1.862e-11,cm3/s,1,16,1,19,3
64,H (n=16) + H (n=1) → H (n=1) + H (n=20),H (n=16) + H (n=1),H (n=1) + H (n=20),2000.0,K,1.166e-11,cm3/s,1,16,1,20,4
64,H (n=16) + H (n=1) → H (n=1) + H (n=20),H (n=16) + H (n=1),H (n=1) + H (n=20),3000.0,K,1.184e-11,cm3/s,1,16,1,20,4
64,H (n=16) + H (n=1) → H (n=1) + H (n=20),H (n=16) + H (n=1),H (n=1) + H (n=20),5000.0,K,1.197e-11,cm3/s,1,16,1,20,4
64,H (n=16) + H (n=1) → H (n=1) + H (n=20),H (n=16) + H (n=1),H (n=1) + H (n=20),7000.0,K,1.202e-11,cm3/s,1,16,1,20,4
64,H (n=16) + H (n=1) → H (n=1) + H (n=20),H (n=16) + H (n=1),H (n=1) + H (n=20),8000.0,K,1.204e-11,cm3/s,1,16,1,20,4
64,H (n=16) + H (n=1) → H (n=1) + H (n=20),H (n=16) + H (n=1),H (n=1) + H (n=20),9000.0,K,1.205e-11,cm3/s,1,16,1,20,4
64,H (n=16) + H (n=1) → H (n=1) + H (n=20),H (n=16) + H (n=1),H (n=1) + H (n=20),10000.0,K,1.206e-11,cm3/s,1,16,1,20,4
64,H (n=16) + H (n=1) → H (n=1) + H (n=20),H (n=16) + H (n=1),H (n=1) + H (n=20),15000.0,K,1.208e-11,cm3/s,1,16,1,20,4
64,H (n=16) + H (n=1) → H (n=1) + H (n=20),H (n=16) + H (n=1),H (n=1) + H (n=20),20000.0,K,1.21e-11,cm3/s,1,16,1,20,4
64,H (n=16) + H (n=1) → H (n=1) + H (n=20),H (n=16) + H (n=1),H (n=1) + H (n=20),25000.0,K,1.21e-11,cm3/s,1,16,1,20,4
64,H (n=16) + H (n=1) → H (n=1) + H (n=20),H (n=16) + H (n=1),H (n=1) + H (n=20),30000.0,K,1.211e-11,cm3/s,1,16,1,20,4
65,H (n=16) + H (n=1) → H (n=1) + H (n=21),H (n=16) + H (n=1),H (n=1) + H (n=21),2000.0,K,8.15e-12,cm3/s,1,16,1,21,5
65,H (n=16) + H (n=1) → H (n=1) + H (n=21),H (n=16) + H (n=1),H (n=1) + H (n=21),3000.0,K,8.31e-12,cm3/s,1,16,1,21,5
65,H (n=16) + H (n=1) → H (n=1) + H (n=21),H (n=16) + H (n=1),H (n=1) + H (n=21),5000.0,K,8.42e-12,cm3/s,1,16,1,21,5
65,H (n=16) + H (n=1) → H (n=1) + H (n=21),H (n=16) + H (n=1),H (n=1) + H (n=21),7000.0,K,8.47e-12,cm3/s,1,16,1,21,5
65,H (n=16) + H (n=1) → H (n=1) + H (n=21),H (n=16) + H (n=1),H (n=1) + H (n=21),8000.0,K,8.48e-12,cm3/s,1,16,1,21,5
65,H (n=16) + H (n=1) → H (n=1) + H (n=21),H (n=16) + H (n=1),H (n=1) + H (n=21),9000.0,K,8.49e-12,cm3/s,1,16,1,21,5
65,H (n=16) + H (n=1) → H (n=1) + H (n=21),H (n=16) + H (n=1),H (n=1) + H (n=21),10000.0,K,8.5e-12,cm3/s,1,16,1,21,5
65,H (n=16) + H (n=1) → H (n=1) + H (n=21),H (n=16) + H (n=1),H (n=1) + H (n=21),15000.0,K,8.52e-12,cm3/s,1,16,1,21,5
65,H (n=16) + H (n=1) → H (n=1) + H (n=21),H (n=16) + H (n=1),H (n=1) + H (n=21),20000.0,K,8.53e-12,cm3/s,1,16,1,21,5
65,H (n=16) + H (n=1) → H (n=1) + H (n=21),H (n=16) + H (n=1),H (n=1) + H (n=21),25000.0,K,8.54e-12,cm3/s,1,16,1,21,5
65,H (n=16) + H (n=1) → H (n=1) + H (n=21),H (n=16) + H (n=1),H (n=1) + H (n=21),30000.0,K,8.54e-12,cm3/s,1,16,1,21,5
66,H (n=17) + H (n=1) → H (n=18) + H (n=1),H (n=17) + H (n=1),H (n=18) + H (n=1),2000.0,K,6.714e-11,cm3/s,1,17,1,18,1
66,H (n=17) + H (n=1) → H (n=18) + H (n=1),H (n=17) + H (n=1),H (n=18) + H (n=1),3000.0,K,6.714e-11,cm3/s,1,17,1,18,1
66,H (n=17) + H (n=1) → H (n=18) + H (n=1),H (n=17) + H (n=1),H (n=18) + H (n=1),5000.0,K,6.712e-11,cm3/s,1,17,1,18,1
66,H (n=17) + H (n=1) → H (n=18) + H (n=1),H (n=17) + H (n=1),H (n=18) + H (n=1),7000.0,K,6.711e-11,cm3/s,1,17,1,18,1
66,H (n=17) + H (n=1) → H (n=18) + H (n=1),H (n=17) + H (n=1),H (n=18) + H (n=1),8000.0,K,6.71e-11,cm3/s,1,17,1,18,1
66,H (n=17) + H (n=1) → H (n=18) + H (n=1),H (n=17) + H (n=1),H (n=18) + H (n=1),9000.0,K,6.71e-11,cm3/s,1,17,1,18,1
66,H (n=17) + H (n=1) → H (n=18) + H (n=1),H (n=17) + H (n=1),H (n=18) + H (n=1),10000.0,K,6.71e-11,cm3/s,1,17,1,18,1
66,H (n=17) + H (n=1) → H (n=18) + H (n=1),H (n=17) + H (n=1),H (n=18) + H (n=1),15000.0,K,6.708e-11,cm3/s,1,17,1,18,1
66,H (n=17) + H (n=1) → H (n=18) + H (n=1),H (n=17) + H (n=1),H (n=18) + H (n=1),20000.0,K,6.708e-11,cm3/s,1,17,1,18,1
66,H (n=17) + H (n=1) → H (n=18) + H (n=1),H (n=17) + H (n=1),H (n=18) + H (n=1),25000.0,K,6.707e-11,cm3/s,1,17,1,18,1
66,H (n=17) + H (n=1) → H (n=18) + H (n=1),H (n=17) + H (n=1),H (n=18) + H (n=1),30000.0,K,6.707e-11,cm3/s,1,17,1,18,1
67,H (n=17) + H (n=1) → H (n=1) + H (n=19),H (n=17) + H (n=1),H (n=1) + H (n=19),2000.0,K,2.624e-11,cm3/s,1,17,1,19,2
67,H (n=17) + H (n=1) → H (n=1) + H (n=19),H (n=17) + H (n=1),H (n=1) + H (n=19),3000.0,K,2.635e-11,cm3/s,1,17,1,19,2
67,H (n=17) + H (n=1) → H (n=1) + H (n=19),H (n=17) + H (n=1),H (n=1) + H (n=19),5000.0,K,2.642e-11,cm3/s,1,17,1,19,2
67,H (n=17) + H (n=1) → H (n=1) + H (n=19),H (n=17) + H (n=1),H (n=1) + H (n=19),7000.0,K,2.645e-11,cm3/s,1,17,1,19,2
67,H (n=17) + H (n=1) → H (n=1) + H (n=19),H (n=17) + H (n=1),H (n=1) + H (n=19),8000.0,K,2.646e-11,cm3/s,1,17,1,19,2
67,H (n=17) + H (n=1) → H (n=1) + H (n=19),H (n=17) + H (n=1),H (n=1) + H (n=19),9000.0,K,2.646e-11,cm3/s,1,17,1,19,2
67,H (n=17) + H (n=1) → H (n=1) + H (n=19),H (n=17) + H (n=1),H (n=1) + H (n=19),10000.0,K,2.647e-11,cm3/s,1,17,1,19,2
67,H (n=17) + H (n=1) → H (n=1) + H (n=19),H (n=17) + H (n=1),H (n=1) + H (n=19),15000.0,K,2.648e-11,cm3/s,1,17,1,19,2
67,H (n=17) + H (n=1) → H (n=1) + H (n=19),H (n=17) + H (n=1),H (n=1) + H (n=19),20000.0,K,2.648e-11,cm3/s,1,17,1,19,2
67,H (n=17) + H (n=1) → H (n=1) + H (n=19),H (n=17) + H (n=1),H (n=1) + H (n=19),25000.0,K,2.649e-11,cm3/s,1,17,1,19,2
67,H (n=17) + H (n=1) → H (n=1) + H (n=19),H (n=17) + H (n=1),H (n=1) + H (n=19),30000.0,K,2.649e-11,cm3/s,1,17,1,19,2
68,H (n=17) + H (n=1) → H (n=1) + H (n=20),H (n=17) + H (n=1),H (n=1) + H (n=20),2000.0,K,1.47e-11,cm3/s,1,17,1,20,3
68,H (n=17) + H (n=1) → H (n=1) + H (n=20),H (n=17) + H (n=1),H (n=1) + H (n=20),3000.0,K,1.482e-11,cm3/s,1,17,1,20,3
68,H (n=17) + H (n=1) → H (n=1) + H (n=20),H (n=17) + H (n=1),H (n=1) + H (n=20),5000.0,K,1.49e-11,cm3/s,1,17,1,20,3
68,H (n=17) + H (n=1) → H (n=1) + H (n=20),H (n=17) + H (n=1),H (n=1) + H (n=20),7000.0,K,1.493e-11,cm3/s,1,17,1,20,3
68,H (n=17) + H (n=1) → H (n=1) + H (n=20),H (n=17) + H (n=1),H (n=1) + H (n=20),8000.0,K,1.494e-11,cm3/s,1,17,1,20,3
68,H (n=17) + H (n=1) → H (n=1) + H (n=20),H (n=17) + H (n=1),H (n=1) + H (n=20),9000.0,K,1.495e-11,cm3/s,1,17,1,20,3
68,H (n=17) + H (n=1) → H (n=1) + H (n=20),H (n=17) + H (n=1),H (n=1) + H (n=20),10000.0,K,1.495e-11,cm3/s,1,17,1,20,3
68,H (n=17) + H (n=1) → H (n=1) + H (n=20),H (n=17) + H (n=1),H (n=1) + H (n=20),15000.0,K,1.497e-11,cm3/s,1,17,1,20,3
68,H (n=17) + H (n=1) → H (n=1) + H (n=20),H (n=17) + H (n=1),H (n=1) + H (n=20),20000.0,K,1.498e-11,cm3/s,1,17,1,20,3
68,H (n=17) + H (n=1) → H (n=1) + H (n=20),H (n=17) + H (n=1),H (n=1) + H (n=20),25000.0,K,1.498e-11,cm3/s,1,17,1,20,3
68,H (n=17) + H (n=1) → H (n=1) + H (n=20),H (n=17) + H (n=1),H (n=1) + H (n=20),30000.0,K,1.498e-11,cm3/s,1,17,1,20,3
69,H (n=17) + H (n=1) → H (n=1) + H (n=21),H (n=17) + H (n=1),H (n=1) + H (n=21),2000.0,K,9.51e-12,cm3/s,1,17,1,21,4
69,H (n=17) + H (n=1) → H (n=1) + H (n=21),H (n=17) + H (n=1),H (n=1) + H (n=21),3000.0,K,9.62e-12,cm3/s,1,17,1,21,4
69,H (n=17) + H (n=1) → H (n=1) + H (n=21),H (n=17) + H (n=1),H (n=1) + H (n=21),5000.0,K,9.7e-12,cm3/s,1,17,1,21,4
69,H (n=17) + H (n=1) → H (n=1) + H (n=21),H (n=17) + H (n=1),H (n=1) + H (n=21),7000.0,K,9.73e-12,cm3/s,1,17,1,21,4
69,H (n=17) + H (n=1) → H (n=1) + H (n=21),H (n=17) + H (n=1),H (n=1) + H (n=21),8000.0,K,9.74e-12,cm3/s,1,17,1,21,4
69,H (n=17) + H (n=1) → H (n=1) + H (n=21),H (n=17) + H (n=1),H (n=1) + H (n=21),9000.0,K,9.75e-12,cm3/s,1,17,1,21,4
69,H (n=17) + H (n=1) → H (n=1) + H (n=21),H (n=17) + H (n=1),H (n=1) + H (n=21),10000.0,K,9.76e-12,cm3/s,1,17,1,21,4
69,H (n=17) + H (n=1) → H (n=1) + H (n=21),H (n=17) + H (n=1),H (n=1) + H (n=21),15000.0,K,9.77e-12,cm3/s,1,17,1,21,4
69,H (n=17) + H (n=1) → H (n=1) + H (n=21),H (n=17) + H (n=1),H (n=1) + H (n=21),20000.0,K,9.78e-12,cm3/s,1,17,1,21,4
69,H (n=17) + H (n=1) → H (n=1) + H (n=21),H (n=17) + H (n=1),H (n=1) + H (n=21),25000.0,K,9.78e-12,cm3/s,1,17,1,21,4
69,H (n=17) + H (n=1) → H (n=1) + H (n=21),H (n=17) + H (n=1),H (n=1) + H (n=21),30000.0,K,9.79e-12,cm3/s,1,17,1,21,4
70,H (n=17) + H (n=1) → H (n=1) + H (n=22),H (n=17) + H (n=1),H (n=1) + H (n=22),2000.0,K,6.68e-12,cm3/s,1,17,1,22,5
70,H (n=17) + H (n=1) → H (n=1) + H (n=22),H (n=17) + H (n=1),H (n=1) + H (n=22),3000.0,K,6.78e-12,cm3/s,1,17,1,22,5
70,H (n=17) + H (n=1) → H (n=1) + H (n=22),H (n=17) + H (n=1),H (n=1) + H (n=22),5000.0,K,6.86e-12,cm3/s,1,17,1,22,5
70,H (n=17) + H (n=1) → H (n=1) + H (n=22),H (n=17) + H (n=1),H (n=1) + H (n=22),7000.0,K,6.89e-12,cm3/s,1,17,1,22,5
70,H (n=17) + H (n=1) → H (n=1) + H (n=22),H (n=17) + H (n=1),H (n=1) + H (n=22),8000.0,K,6.89e-12,cm3/s,1,17,1,22,5
70,H (n=17) + H (n=1) → H (n=1) + H (n=22),H (n=17) + H (n=1),H (n=1) + H (n=22),9000.0,K,6.9e-12,cm3/s,1,17,1,22,5
70,H (n=17) + H (n=1) → H (n=1) + H (n=22),H (n=17) + H (n=1),H (n=1) + H (n=22),10000.0,K,6.91e-12,cm3/s,1,17,1,22,5
70,H (n=17) + H (n=1) → H (n=1) + H (n=22),H (n=17) + H (n=1),H (n=1) + H (n=22),15000.0,K,6.92e-12,cm3/s,1,17,1,22,5
70,H (n=17) + H (n=1) → H (n=1) + H (n=22),H (n=17) + H (n=1),H (n=1) + H (n=22),20000.0,K,6.93e-12,cm3/s,1,17,1,22,5
70,H (n=17) + H (n=1) → H (n=1) + H (n=22),H (n=17) + H (n=1),H (n=1) + H (n=22),25000.0,K,6.93e-12,cm3/s,1,17,1,22,5
70,H (n=17) + H (n=1) → H (n=1) + H (n=22),H (n=17) + H (n=1),H (n=1) + H (n=22),30000.0,K,6.93e-12,cm3/s,1,17,1,22,5
71,H (n=18) + H (n=1) → H (n=1) + H (n=19),H (n=18) + H (n=1),H (n=1) + H (n=19),2000.0,K,5.4e-11,cm3/s,1,18,1,19,1
71,H (n=18) + H (n=1) → H (n=1) + H (n=19),H (n=18) + H (n=1),H (n=1) + H (n=19),3000.0,K,5.397e-11,cm3/s,1,18,1,19,1
71,H (n=18) + H (n=1) → H (n=1) + H (n=19),H (n=18) + H (n=1),H (n=1) + H (n=19),5000.0,K,5.393e-11,cm3/s,1,18,1,19,1
71,H (n=18) + H (n=1) → H (n=1) + H (n=19),H (n=18) + H (n=1),H (n=1) + H (n=19),7000.0,K,5.391e-11,cm3/s,1,18,1,19,1
71,H (n=18) + H (n=1) → H (n=1) + H (n=19),H (n=18) + H (n=1),H (n=1) + H (n=19),8000.0,K,5.39e-11,cm3/s,1,18,1,19,1
71,H (n=18) + H (n=1) → H (n=1) + H (n=19),H (n=18) + H (n=1),H (n=1) + H (n=19),9000.0,K,5.39e-11,cm3/s,1,18,1,19,1
71,H (n=18) + H (n=1) → H (n=1) + H (n=19),H (n=18) + H (n=1),H (n=1) + H (n=19),10000.0,K,5.389e-11,cm3/s,1,18,1,19,1
71,H (n=18) + H (n=1) → H (n=1) + H (n=19),H (n=18) + H (n=1),H (n=1) + H (n=19),15000.0,K,5.388e-11,cm3/s,1,18,1,19,1
71,H (n=18) + H (n=1) → H (n=1) + H (n=19),H (n=18) + H (n=1),H (n=1) + H (n=19),20000.0,K,5.387e-11,cm3/s,1,18,1,19,1
71,H (n=18) + H (n=1) → H (n=1) + H (n=19),H (n=18) + H (n=1),H (n=1) + H (n=19),25000.0,K,5.387e-11,cm3/s,1,18,1,19,1
71,H (n=18) + H (n=1) → H (n=1) + H (n=19),H (n=18) + H (n=1),H (n=1) + H (n=19),30000.0,K,5.386e-11,cm3/s,1,18,1,19,1
72,H (n=18) + H (n=1) → H (n=1) + H (n=20),H (n=18) + H (n=1),H (n=1) + H (n=20),2000.0,K,2.131e-11,cm3/s,1,18,1,20,2
72,H (n=18) + H (n=1) → H (n=1) + H (n=20),H (n=18) + H (n=1),H (n=1) + H (n=20),3000.0,K,2.137e-11,cm3/s,1,18,1,20,2
72,H (n=18) + H (n=1) → H (n=1) + H (n=20),H (n=18) + H (n=1),H (n=1) + H (n=20),5000.0,K,2.14e-11,cm3/s,1,18,1,20,2
72,H (n=18) + H (n=1) → H (n=1) + H (n=20),H (n=18) + H (n=1),H (n=1) + H (n=20),7000.0,K,2.142e-11,cm3/s,1,18,1,20,2
72,H (n=18) + H (n=1) → H (n=1) + H (n=20),H (n=18) + H (n=1),H (n=1) + H (n=20),8000.0,K,2.142e-11,cm3/s,1,18,1,20,2
72,H (n=18) + H (n=1) → H (n=1) + H (n=20),H (n=18) + H (n=1),H (n=1) + H (n=20),9000.0,K,2.142e-11,cm3/s,1,18,1,20,2
72,H (n=18) + H (n=1) → H (n=1) + H (n=20),H (n=18) + H (n=1),H (n=1) + H (n=20),10000.0,K,2.142e-11,cm3/s,1,18,1,20,2
72,H (n=18) + H (n=1) → H (n=1) + H (n=20),H (n=18) + H (n=1),H (n=1) + H (n=20),15000.0,K,2.143e-11,cm3/s,1,18,1,20,2
72,H (n=18) + H (n=1) → H (n=1) + H (n=20),H (n=18) + H (n=1),H (n=1) + H (n=20),20000.0,K,2.143e-11,cm3/s,1,18,1,20,2
72,H (n=18) + H (n=1) → H (n=1) + H (n=20),H (n=18) + H (n=1),H (n=1) + H (n=20),25000.0,K,2.143e-11,cm3/s,1,18,1,20,2
72,H (n=18) + H (n=1) → H (n=1) + H (n=20),H (n=18) + H (n=1),H (n=1) + H (n=20),30000.0,K,2.143e-11,cm3/s,1,18,1,20,2
73,H (n=18) + H (n=1) → H (n=1) + H (n=21),H (n=18) + H (n=1),H (n=1) + H (n=21),2000.0,K,1.202e-11,cm3/s,1,18,1,21,3
73,H (n=18) + H (n=1) → H (n=1) + H (n=21),H (n=18) + H (n=1),H (n=1) + H (n=21),3000.0,K,1.209e-11,cm3/s,1,18,1,21,3
73,H (n=18) + H (n=1) → H (n=1) + H (n=21),H (n=18) + H (n=1),H (n=1) + H (n=21),5000.0,K,1.214e-11,cm3/s,1,18,1,21,3
73,H (n=18) + H (n=1) → H (n=1) + H (n=21),H (n=18) + H (n=1),H (n=1) + H (n=21),7000.0,K,1.216e-11,cm3/s,1,18,1,21,3
73,H (n=18) + H (n=1) → H (n=1) + H (n=21),H (n=18) + H (n=1),H (n=1) + H (n=21),8000.0,K,1.216e-11,cm3/s,1,18,1,21,3
73,H (n=18) + H (n=1) → H (n=1) + H (n=21),H (n=18) + H (n=1),H (n=1) + H (n=21),9000.0,K,1.217e-11,cm3/s,1,18,1,21,3
73,H (n=18) + H (n=1) → H (n=1) + H (n=21),H (n=18) + H (n=1),H (n=1) + H (n=21),10000.0,K,1.217e-11,cm3/s,1,18,1,21,3
73,H (n=18) + H (n=1) → H (n=1) + H (n=21),H (n=18) + H (n=1),H (n=1) + H (n=21),15000.0,K,1.218e-11,cm3/s,1,18,1,21,3
73,H (n=18) + H (n=1) → H (n=1) + H (n=21),H (n=18) + H (n=1),H (n=1) + H (n=21),20000.0,K,1.218e-11,cm3/s,1,18,1,21,3
73,H (n=18) + H (n=1) → H (n=1) + H (n=21),H (n=18) + H (n=1),H (n=1) + H (n=21),25000.0,K,1.219e-11,cm3/s,1,18,1,21,3
73,H (n=18) + H (n=1) → H (n=1) + H (n=21),H (n=18) + H (n=1),H (n=1) + H (n=21),30000.0,K,1.219e-11,cm3/s,1,18,1,21,3
74,H (n=18) + H (n=1) → H (n=1) + H (n=22),H (n=18) + H (n=1),H (n=1) + H (n=22),2000.0,K,7.82e-12,cm3/s,1,18,1,22,4
74,H (n=18) + H (n=1) → H (n=1) + H (n=22),H (n=18) + H (n=1),H (n=1) + H (n=22),3000.0,K,7.89e-12,cm3/s,1,18,1,22,4
74,H (n=18) + H (n=1) → H (n=1) + H (n=22),H (n=18) + H (n=1),H (n=1) + H (n=22),5000.0,K,7.94e-12,cm3/s,1,18,1,22,4
74,H (n=18) + H (n=1) → H (n=1) + H (n=22),H (n=18) + H (n=1),H (n=1) + H (n=22),7000.0,K,7.96e-12,cm3/s,1,18,1,22,4
74,H (n=18) + H (n=1) → H (n=1) + H (n=22),H (n=18) + H (n=1),H (n=1) + H (n=22),8000.0,K,7.97e-12,cm3/s,1,18,1,22,4
74,H (n=18) + H (n=1) → H (n=1) + H (n=22),H (n=18) + H (n=1),H (n=1) + H (n=22),9000.0,K,7.97e-12,cm3/s,1,18,1,22,4
74,H (n=18) + H (n=1) → H (n=1) + H (n=22),H (n=18) + H (n=1),H (n=1) + H (n=22),10000.0,K,7.97e-12,cm3/s,1,18,1,22,4
74,H (n=18) + H (n=1) → H (n=1) + H (n=22),H (n=18) + H (n=1),H (n=1) + H (n=22),15000.0,K,7.98e-12,cm3/s,1,18,1,22,4
74,H (n=18) + H (n=1) → H (n=1) + H (n=22),H (n=18) + H (n=1),H (n=1) + H (n=22),20000.0,K,7.99e-12,cm3/s,1,18,1,22,4
74,H (n=18) + H (n=1) → H (n=1) + H (n=22),H (n=18) + H (n=1),H (n=1) + H (n=22),25000.0,K,7.99e-12,cm3/s,1,18,1,22,4
74,H (n=18) + H (n=1) → H (n=1) + H (n=22),H (n=18) + H (n=1),H (n=1) + H (n=22),30000.0,K,7.99e-12,cm3/s,1,18,1,22,4
75,H (n=18) + H (n=1) → H (n=23) + H (n=1),H (n=18) + H (n=1),H (n=23) + H (n=1),2000.0,K,5.52e-12,cm3/s,1,18,1,23,5
75,H (n=18) + H (n=1) → H (n=23) + H (n=1),H (n=18) + H (n=1),H (n=23) + H (n=1),3000.0,K,5.59e-12,cm3/s,1,18,1,23,5
75,H (n=18) + H (n=1) → H (n=23) + H (n=1),H (n=18) + H (n=1),H (n=23) + H (n=1),5000.0,K,5.63e-12,cm3/s,1,18,1,23,5
75,H (n=18) + H (n=1) → H (n=23) + H (n=1),H (n=18) + H (n=1),H (n=23) + H (n=1),7000.0,K,5.65e-12,cm3/s,1,18,1,23,5
75,H (n=18) + H (n=1) → H (n=23) + H (n=1),H (n=18) + H (n=1),H (n=23) + H (n=1),8000.0,K,5.66e-12,cm3/s,1,18,1,23,5
75,H (n=18) + H (n=1) → H (n=23) + H (n=1),H (n=18) + H (n=1),H (n=23) + H (n=1),9000.0,K,5.66e-12,cm3/s,1,18,1,23,5
75,H (n=18) + H (n=1) → H (n=23) + H (n=1),H (n=18) + H (n=1),H (n=23) + H (n=1),10000.0,K,5.66e-12,cm3/s,1,18,1,23,5
75,H (n=18) + H (n=1) → H (n=23) + H (n=1),H (n=18) + H (n=1),H (n=23) + H (n=1),15000.0,K,5.67e-12,cm3/s,1,18,1,23,5
75,H (n=18) + H (n=1) → H (n=23) + H (n=1),H (n=18) + H (n=1),H (n=23) + H (n=1),20000.0,K,5.68e-12,cm3/s,1,18,1,23,5
75,H (n=18) + H (n=1) → H (n=23) + H (n=1),H (n=18) + H (n=1),H (n=23) + H (n=1),25000.0,K,5.68e-12,cm3/s,1,18,1,23,5
75,H (n=18) + H (n=1) → H (n=23) + H (n=1),H (n=18) + H (n=1),H (n=23) + H (n=1),30000.0,K,5.68e-12,cm3/s,1,18,1,23,5
76,H (n=1) + H (n=19) → H (n=1) + H (n=20),H (n=1) + H (n=19),H (n=1) + H (n=20),2000.0,K,4.389e-11,cm3/s,1,19,1,20,1
76,H (n=1) + H (n=19) → H (n=1) + H (n=20),H (n=1) + H (n=19),H (n=1) + H (n=20),3000.0,K,4.384e-11,cm3/s,1,19,1,20,1
76,H (n=1) + H (n=19) → H (n=1) + H (n=20),H (n=1) + H (n=19),H (n=1) + H (n=20),5000.0,K,4.38e-11,cm3/s,1,19,1,20,1
76,H (n=1) + H (n=19) → H (n=1) + H (n=20),H (n=1) + H (n=19),H (n=1) + H (n=20),7000.0,K,4.377e-11,cm3/s,1,19,1,20,1
76,H (n=1) + H (n=19) → H (n=1) + H (n=20),H (n=1) + H (n=19),H (n=1) + H (n=20),8000.0,K,4.377e-11,cm3/s,1,19,1,20,1
76,H (n=1) + H (n=19) → H (n=1) + H (n=20),H (n=1) + H (n=19),H (n=1) + H (n=20),9000.0,K,4.376e-11,cm3/s,1,19,1,20,1
76,H (n=1) + H (n=19) → H (n=1) + H (n=20),H (n=1) + H (n=19),H (n=1) + H (n=20),10000.0,K,4.375e-11,cm3/s,1,19,1,20,1
76,H (n=1) + H (n=19) → H (n=1) + H (n=20),H (n=1) + H (n=19),H (n=1) + H (n=20),15000.0,K,4.374e-11,cm3/s,1,19,1,20,1
76,H (n=1) + H (n=19) → H (n=1) + H (n=20),H (n=1) + H (n=19),H (n=1) + H (n=20),20000.0,K,4.373e-11,cm3/s,1,19,1,20,1
76,H (n=1) + H (n=19) → H (n=1) + H (n=20),H (n=1) + H (n=19),H (n=1) + H (n=20),25000.0,K,4.373e-11,cm3/s,1,19,1,20,1
76,H (n=1) + H (n=19) → H (n=1) + H (n=20),H (n=1) + H (n=19),H (n=1) + H (n=20),30000.0,K,4.372e-11,cm3/s,1,19,1,20,1
77,H (n=1) + H (n=19) → H (n=1) + H (n=21),H (n=1) + H (n=19),H (n=1) + H (n=21),2000.0,K,1.746e-11,cm3/s,1,19,1,21,2
77,H (n=1) + H (n=19) → H (n=1) + H (n=21),H (n=1) + H (n=19),H (n=1) + H (n=21),3000.0,K,1.749e-11,cm3/s,1,19,1,21,2
77,H (n=1) + H (n=19) → H (n=1) + H (n=21),H (n=1) + H (n=19),H (n=1) + H (n=21),5000.0,K,1.751e-11,cm3/s,1,19,1,21,2
77,H (n=1) + H (n=19) → H (n=1) + H (n=21),H (n=1) + H (n=19),H (n=1) + H (n=21),7000.0,K,1.751e-11,cm3/s,1,19,1,21,2
77,H (n=1) + H (n=19) → H (n=1) + H (n=21),H (n=1) + H (n=19),H (n=1) + H (n=21),8000.0,K,1.751e-11,cm3/s,1,19,1,21,2
77,H (n=1) + H (n=19) → H (n=1) + H (n=21),H (n=1) + H (n=19),H (n=1) + H (n=21),9000.0,K,1.752e-11,cm3/s,1,19,1,21,2
77,H (n=1) + H (n=19) → H (n=1) + H (n=21),H (n=1) + H (n=19),H (n=1) + H (n=21),10000.0,K,1.752e-11,cm3/s,1,19,1,21,2
77,H (n=1) + H (n=19) → H (n=1) + H (n=21),H (n=1) + H (n=19),H (n=1) + H (n=21),15000.0,K,1.752e-11,cm3/s,1,19,1,21,2
77,H (n=1) + H (n=19) → H (n=1) + H (n=21),H (n=1) + H (n=19),H (n=1) + H (n=21),20000.0,K,1.752e-11,cm3/s,1,19,1,21,2
77,H (n=1) + H (n=19) → H (n=1) + H (n=21),H (n=1) + H (n=19),H (n=1) + H (n=21),25000.0,K,1.752e-11,cm3/s,1,19,1,21,2
77,H (n=1) + H (n=19) → H (n=1) + H (n=21),H (n=1) + H (n=19),H (n=1) + H (n=21),30000.0,K,1.752e-11,cm3/s,1,19,1,21,2
78,H (n=1) + H (n=19) → H (n=1) + H (n=22),H (n=1) + H (n=19),H (n=1) + H (n=22),2000.0,K,9.91e-12,cm3/s,1,19,1,22,3
78,H (n=1) + H (n=19) → H (n=1) + H (n=22),H (n=1) + H (n=19),H (n=1) + H (n=22),3000.0,K,9.95e-12,cm3/s,1,19,1,22,3
78,H (n=1) + H (n=19) → H (n=1) + H (n=22),H (n=1) + H (n=19),H (n=1) + H (n=22),5000.0,K,9.98e-12,cm3/s,1,19,1,22,3
78,H (n=1) + H (n=19) → H (n=1) + H (n=22),H (n=1) + H (n=19),H (n=1) + H (n=22),7000.0,K,9.99e-12,cm3/s,1,19,1,22,3
78,H (n=1) + H (n=19) → H (n=1) + H (n=22),H (n=1) + H (n=19),H (n=1) + H (n=22),8000.0,K,1e-11,cm3/s,1,19,1,22,3
78,H (n=1) + H (n=19) → H (n=1) + H (n=22),H (n=1) + H (n=19),H (n=1) + H (n=22),9000.0,K,1e-11,cm3/s,1,19,1,22,3
78,H (n=1) + H (n=19) → H (n=1) + H (n=22),H (n=1) + H (n=19),H (n=1) + H (n=22),10000.0,K,1e-11,cm3/s,1,19,1,22,3
78,H (n=1) + H (n=19) → H (n=1) + H (n=22),H (n=1) + H (n=19),H (n=1) + H (n=22),15000.0,K,1e-11,cm3/s,1,19,1,22,3
78,H (n=1) + H (n=19) → H (n=1) + H (n=22),H (n=1) + H (n=19),H (n=1) + H (n=22),20000.0,K,1.001e-11,cm3/s,1,19,1,22,3
78,H (n=1) + H (n=19) → H (n=1) + H (n=22),H (n=1) + H (n=19),H (n=1) + H (n=22),25000.0,K,1.001e-11,cm3/s,1,19,1,22,3
78,H (n=1) + H (n=19) → H (n=1) + H (n=22),H (n=1) + H (n=19),H (n=1) + H (n=22),30000.0,K,1.001e-11,cm3/s,1,19,1,22,3
79,H (n=1) + H (n=19) → H (n=23) + H (n=1),H (n=1) + H (n=19),H (n=23) + H (n=1),2000.0,K,6.48e-12,cm3/s,1,19,1,23,4
79,H (n=1) + H (n=19) → H (n=23) + H (n=1),H (n=1) + H (n=19),H (n=23) + H (n=1),3000.0,K,6.53e-12,cm3/s,1,19,1,23,4
79,H (n=1) + H (n=19) → H (n=23) + H (n=1),H (n=1) + H (n=19),H (n=23) + H (n=1),5000.0,K,6.56e-12,cm3/s,1,19,1,23,4
79,H (n=1) + H (n=19) → H (n=23) + H (n=1),H (n=1) + H (n=19),H (n=23) + H (n=1),7000.0,K,6.57e-12,cm3/s,1,19,1,23,4
79,H (n=1) + H (n=19) → H (n=23) + H (n=1),H (n=1) + H (n=19),H (n=23) + H (n=1),8000.0,K,6.57e-12,cm3/s,1,19,1,23,4
79,H (n=1) + H (n=19) → H (n=23) + H (n=1),H (n=1) + H (n=19),H (n=23) + H (n=1),9000.0,K,6.58e-12,cm3/s,1,19,1,23,4
79,H (n=1) + H (n=19) → H (n=23) + H (n=1),H (n=1) + H (n=19),H (n=23) + H (n=1),10000.0,K,6.58e-12,cm3/s,1,19,1,23,4
79,H (n=1) + H (n=19) → H (n=23) + H (n=1),H (n=1) + H (n=19),H (n=23) + H (n=1),15000.0,K,6.58e-12,cm3/s,1,19,1,23,4
79,H (n=1) + H (n=19) → H (n=23) + H (n=1),H (n=1) + H (n=19),H (n=23) + H (n=1),20000.0,K,6.59e-12,cm3/s,1,19,1,23,4
79,H (n=1) + H (n=19) → H (n=23) + H (n=1),H (n=1) + H (n=19),H (n=23) + H (n=1),25000.0,K,6.59e-12,cm3/s,1,19,1,23,4
79,H (n=1) + H (n=19) → H (n=23) + H (n=1),H (n=1) + H (n=19),H (n=23) + H (n=1),30000.0,K,6.59e-12,cm3/s,1,19,1,23,4
80,H (n=1) + H (n=19) → H (n=24) + H (n=1),H (n=1) + H (n=19),H (n=24) + H (n=1),2000.0,K,4.6e-12,cm3/s,1,19,1,24,5
80,H (n=1) + H (n=19) → H (n=24) + H (n=1),H (n=1) + H (n=19),H (n=24) + H (n=1),3000.0,K,4.64e-12,cm3/s,1,19,1,24,5
80,H (n=1) + H (n=19) → H (n=24) + H (n=1),H (n=1) + H (n=19),H (n=24) + H (n=1),5000.0,K,4.67e-12,cm3/s,1,19,1,24,5
80,H (n=1) + H (n=19) → H (n=24) + H (n=1),H (n=1) + H (n=19),H (n=24) + H (n=1),7000.0,K,4.68e-12,cm3/s,1,19,1,24,5
80,H (n=1) + H (n=19) → H (n=24) + H (n=1),H (n=1) + H (n=19),H (n=24) + H (n=1),8000.0,K,4.68e-12,cm3/s,1,19,1,24,5
80,H (n=1) + H (n=19) → H (n=24) + H (n=1),H (n=1) + H (n=19),H (n=24) + H (n=1),9000.0,K,4.69e-12,cm3/s,1,19,1,24,5
80,H (n=1) + H (n=19) → H (n=24) + H (n=1),H (n=1) + H (n=19),H (n=24) + H (n=1),10000.0,K,4.69e-12,cm3/s,1,19,1,24,5
80,H (n=1) + H (n=19) → H (n=24) + H (n=1),H (n=1) + H (n=19),H (n=24) + H (n=1),15000.0,K,4.69e-12,cm3/s,1,19,1,24,5
80,H (n=1) + H (n=19) → H (n=24) + H (n=1),H (n=1) + H (n=19),H (n=24) + H (n=1),20000.0,K,4.7e-12,cm3/s,1,19,1,24,5
80,H (n=1) + H (n=19) → H (n=24) + H (n=1),H (n=1) + H (n=19),H (n=24) + H (n=1),25000.0,K,4.7e-12,cm3/s,1,19,1,24,5
80,H (n=1) + H (n=19) → H (n=24) + H (n=1),H (n=1) + H (n=19),H (n=24) + H (n=1),30000.0,K,4.7e-12,cm3/s,1,19,1,24,5
81,H (n=1) + H (n=20) → H (n=1) + H (n=21),H (n=1) + H (n=20),H (n=1) + H (n=21),2000.0,K,3.6e-11,cm3/s,1,20,1,21,1
81,H (n=1) + H (n=20) → H (n=1) + H (n=21),H (n=1) + H (n=20),H (n=1) + H (n=21),3000.0,K,3.595e-11,cm3/s,1,20,1,21,1
81,H (n=1) + H (n=20) → H (n=1) + H (n=21),H (n=1) + H (n=20),H (n=1) + H (n=21),5000.0,K,3.591e-11,cm3/s,1,20,1,21,1
81,H (n=1) + H (n=20) → H (n=1) + H (n=21),H (n=1) + H (n=20),H (n=1) + H (n=21),7000.0,K,3.589e-11,cm3/s,1,20,1,21,1
81,H (n=1) + H (n=20) → H (n=1) + H (n=21),H (n=1) + H (n=20),H (n=1) + H (n=21),8000.0,K,3.588e-11,cm3/s,1,20,1,21,1
81,H (n=1) + H (n=20) → H (n=1) + H (n=21),H (n=1) + H (n=20),H (n=1) + H (n=21),9000.0,K,3.587e-11,cm3/s,1,20,1,21,1
81,H (n=1) + H (n=20) → H (n=1) + H (n=21),H (n=1) + H (n=20),H (n=1) + H (n=21),10000.0,K,3.587e-11,cm3/s,1,20,1,21,1
81,H (n=1) + H (n=20) → H (n=1) + H (n=21),H (n=1) + H (n=20),H (n=1) + H (n=21),15000.0,K,3.585e-11,cm3/s,1,20,1,21,1
81,H (n=1) + H (n=20) → H (n=1) + H (n=21),H (n=1) + H (n=20),H (n=1) + H (n=21),20000.0,K,3.585e-11,cm3/s,1,20,1,21,1
81,H (n=1) + H (n=20) → H (n=1) + H (n=21),H (n=1) + H (n=20),H (n=1) + H (n=21),25000.0,K,3.584e-11,cm3/s,1,20,1,21,1
81,H (n=1) + H (n=20) → H (n=1) + H (n=21),H (n=1) + H (n=20),H (n=1) + H (n=21),30000.0,K,3.584e-11,cm3/s,1,20,1,21,1
82,H (n=1) + H (n=20) → H (n=1) + H (n=22),H (n=1) + H (n=20),H (n=1) + H (n=22),2000.0,K,1.444e-11,cm3/s,1,20,1,22,2
82,H (n=1) + H (n=20) → H (n=1) + H (n=22),H (n=1) + H (n=20),H (n=1) + H (n=22),3000.0,K,1.445e-11,cm3/s,1,20,1,22,2
82,H (n=1) + H (n=20) → H (n=1) + H (n=22),H (n=1) + H (n=20),H (n=1) + H (n=22),5000.0,K,1.445e-11,cm3/s,1,20,1,22,2
82,H (n=1) + H (n=20) → H (n=1) + H (n=22),H (n=1) + H (n=20),H (n=1) + H (n=22),7000.0,K,1.445e-11,cm3/s,1,20,1,22,2
82,H (n=1) + H (n=20) → H (n=1) + H (n=22),H (n=1) + H (n=20),H (n=1) + H (n=22),8000.0,K,1.445e-11,cm3/s,1,20,1,22,2
82,H (n=1) + H (n=20) → H (n=1) + H (n=22),H (n=1) + H (n=20),H (n=1) + H (n=22),9000.0,K,1.445e-11,cm3/s,1,20,1,22,2
82,H (n=1) + H (n=20) → H (n=1) + H (n=22),H (n=1) + H (n=20),H (n=1) + H (n=22),10000.0,K,1.445e-11,cm3/s,1,20,1,22,2
82,H (n=1) + H (n=20) → H (n=1) + H (n=22),H (n=1) + H (n=20),H (n=1) + H (n=22),15000.0,K,1.445e-11,cm3/s,1,20,1,22,2
82,H (n=1) + H (n=20) → H (n=1) + H (n=22),H (n=1) + H (n=20),H (n=1) + H (n=22),20000.0,K,1.445e-11,cm3/s,1,20,1,22,2
82,H (n=1) + H (n=20) → H (n=1) + H (n=22),H (n=1) + H (n=20),H (n=1) + H (n=22),25000.0,K,1.445e-11,cm3/s,1,20,1,22,2
82,H (n=1) + H (n=20) → H (n=1) + H (n=22),H (n=1) + H (n=20),H (n=1) + H (n=22),30000.0,K,1.445e-11,cm3/s,1,20,1,22,2
83,H (n=1) + H (n=20) → H (n=23) + H (n=1),H (n=1) + H (n=20),H (n=23) + H (n=1),2000.0,K,8.24e-12,cm3/s,1,20,1,23,3
83,H (n=1) + H (n=20) → H (n=23) + H (n=1),H (n=1) + H (n=20),H (n=23) + H (n=1),3000.0,K,8.26e-12,cm3/s,1,20,1,23,3
83,H (n=1) + H (n=20) → H (n=23) + H (n=1),H (n=1) + H (n=20),H (n=23) + H (n=1),5000.0,K,8.28e-12,cm3/s,1,20,1,23,3
83,H (n=1) + H (n=20) → H (n=23) + H (n=1),H (n=1) + H (n=20),H (n=23) + H (n=1),7000.0,K,8.28e-12,cm3/s,1,20,1,23,3
83,H (n=1) + H (n=20) → H (n=23) + H (n=1),H (n=1) + H (n=20),H (n=23) + H (n=1),8000.0,K,8.29e-12,cm3/s,1,20,1,23,3
83,H (n=1) + H (n=20) → H (n=23) + H (n=1),H (n=1) + H (n=20),H (n=23) + H (n=1),9000.0,K,8.29e-12,cm3/s,1,20,1,23,3
83,H (n=1) + H (n=20) → H (n=23) + H (n=1),H (n=1) + H (n=20),H (n=23) + H (n=1),10000.0,K,8.29e-12,cm3/s,1,20,1,23,3
83,H (n=1) + H (n=20) → H (n=23) + H (n=1),H (n=1) + H (n=20),H (n=23) + H (n=1),15000.0,K,8.29e-12,cm3/s,1,20,1,23,3
83,H (n=1) + H (n=20) → H (n=23) + H (n=1),H (n=1) + H (n=20),H (n=23) + H (n=1),20000.0,K,8.29e-12,cm3/s,1,20,1,23,3
83,H (n=1) + H (n=20) → H (n=23) + H (n=1),H (n=1) + H (n=20),H (n=23) + H (n=1),25000.0,K,8.29e-12,cm3/s,1,20,1,23,3
83,H (n=1) + H (n=20) → H (n=23) + H (n=1),H (n=1) + H (n=20),H (n=23) + H (n=1),30000.0,K,8.29e-12,cm3/s,1,20,1,23,3
84,H (n=1) + H (n=20) → H (n=24) + H (n=1),H (n=1) + H (n=20),H (n=24) + H (n=1),2000.0,K,5.41e-12,cm3/s,1,20,1,24,4
84,H (n=1) + H (n=20) → H (n=24) + H (n=1),H (n=1) + H (n=20),H (n=24) + H (n=1),3000.0,K,5.44e-12,cm3/s,1,20,1,24,4
84,H (n=1) + H (n=20) → H (n=24) + H (n=1),H (n=1) + H (n=20),H (n=24) + H (n=1),5000.0,K,5.46e-12,cm3/s,1,20,1,24,4
84,H (n=1) + H (n=20) → H (n=24) + H (n=1),H (n=1) + H (n=20),H (n=24) + H (n=1),7000.0,K,5.47e-12,cm3/s,1,20,1,24,4
84,H (n=1) + H (n=20) → H (n=24) + H (n=1),H (n=1) + H (n=20),H (n=24) + H (n=1),8000.0,K,5.47e-12,cm3/s,1,20,1,24,4
84,H (n=1) + H (n=20) → H (n=24) + H (n=1),H (n=1) + H (n=20),H (n=24) + H (n=1),9000.0,K,5.47e-12,cm3/s,1,20,1,24,4
84,H (n=1) + H (n=20) → H (n=24) + H (n=1),H (n=1) + H (n=20),H (n=24) + H (n=1),10000.0,K,5.47e-12,cm3/s,1,20,1,24,4
84,H (n=1) + H (n=20) → H (n=24) + H (n=1),H (n=1) + H (n=20),H (n=24) + H (n=1),15000.0,K,5.47e-12,cm3/s,1,20,1,24,4
84,H (n=1) + H (n=20) → H (n=24) + H (n=1),H (n=1) + H (n=20),H (n=24) + H (n=1),20000.0,K,5.48e-12,cm3/s,1,20,1,24,4
84,H (n=1) + H (n=20) → H (n=24) + H (n=1),H (n=1) + H (n=20),H (n=24) + H (n=1),25000.0,K,5.48e-12,cm3/s,1,20,1,24,4
84,H (n=1) + H (n=20) → H (n=24) + H (n=1),H (n=1) + H (n=20),H (n=24) + H (n=1),30000.0,K,5.48e-12,cm3/s,1,20,1,24,4
85,H (n=1) + H (n=20) → H (n=25) + H (n=1),H (n=1) + H (n=20),H (n=25) + H (n=1),2000.0,K,3.85e-12,cm3/s,1,20,1,25,5
85,H (n=1) + H (n=20) → H (n=25) + H (n=1),H (n=1) + H (n=20),H (n=25) + H (n=1),3000.0,K,3.88e-12,cm3/s,1,20,1,25,5
85,H (n=1) + H (n=20) → H (n=25) + H (n=1),H (n=1) + H (n=20),H (n=25) + H (n=1),5000.0,K,3.9e-12,cm3/s,1,20,1,25,5
85,H (n=1) + H (n=20) → H (n=25) + H (n=1),H (n=1) + H (n=20),H (n=25) + H (n=1),7000.0,K,3.91e-12,cm3/s,1,20,1,25,5
85,H (n=1) + H (n=20) → H (n=25) + H (n=1),H (n=1) + H (n=20),H (n=25) + H (n=1),8000.0,K,3.91e-12,cm3/s,1,20,1,25,5
85,H (n=1) + H (n=20) → H (n=25) + H (n=1),H (n=1) + H (n=20),H (n=25) + H (n=1),9000.0,K,3.91e-12,cm3/s,1,20,1,25,5
85,H (n=1) + H (n=20) → H (n=25) + H (n=1),H (n=1) + H (n=20),H (n=25) + H (n=1),10000.0,K,3.91e-12,cm3/s,1,20,1,25,5
85,H (n=1) + H (n=20) → H (n=25) + H (n=1),H (n=1) + H (n=20),H (n=25) + H (n=1),15000.0,K,3.91e-12,cm3/s,1,20,1,25,5
85,H (n=1) + H (n=20) → H (n=25) + H (n=1),H (n=1) + H (n=20),H (n=25) + H (n=1),20000.0,K,3.92e-12,cm3/s,1,20,1,25,5
85,H (n=1) + H (n=20) → H (n=25) + H (n=1),H (n=1) + H (n=20),H (n=25) + H (n=1),25000.0,K,3.92e-12,cm3/s,1,20,1,25,5
85,H (n=1) + H (n=20) → H (n=25) + H (n=1),H (n=1) + H (n=20),H (n=25) + H (n=1),30000.0,K,3.92e-12,cm3/s,1,20,1,25,5
86,He (n=1) + He (n=4) → He (n=1) + He (n=5),He (n=1) + He (n=4),He (n=1) + He (n=5),4000.0,K,1.005e-09,cm3/s,1,4,1,5,1
86,He (n=1) + He (n=4) → He (n=1) + He (n=5),He (n=1) + He (n=4),He (n=1) + He (n=5),4500.0,K,1.08e-09,cm3/s,1,4,1,5,1
86,He (n=1) + He (n=4) → He (n=1) + He (n=5),He (n=1) + He (n=4),He (n=1) + He (n=5),5000.0,K,1.143e-09,cm3/s,1,4,1,5,1
86,He (n=1) + He (n=4) → He (n=1) + He (n=5),He (n=1) + He (n=4),He (n=1) + He (n=5),6000.0,K,1.243e-09,cm3/s,1,4,1,5,1
86,He (n=1) + He (n=4) → He (n=1) + He (n=5),He (n=1) + He (n=4),He (n=1) + He (n=5),8000.0,K,1.378e-09,cm3/s,1,4,1,5,1
86,He (n=1) + He (n=4) → He (n=1) + He (n=5),He (n=1) + He (n=4),He (n=1) + He (n=5),10000.0,K,1.462e-09,cm3/s,1,4,1,5,1
86,He (n=1) + He (n=4) → He (n=1) + He (n=5),He (n=1) + He (n=4),He (n=1) + He (n=5),12000.0,K,1.52e-09,cm3/s,1,4,1,5,1
86,He (n=1) + He (n=4) → He (n=1) + He (n=5),He (n=1) + He (n=4),He (n=1) + He (n=5),16000.0,K,1.594e-09,cm3/s,1,4,1,5,1
86,He (n=1) + He (n=4) → He (n=1) + He (n=5),He (n=1) + He (n=4),He (n=1) + He (n=5),20000.0,K,1.638e-09,cm3/s,1,4,1,5,1
87,He (n=1) + He (n=4) → He (n=1) + He (n=6),He (n=1) + He (n=4),He (n=1) + He (n=6),4000.0,K,1.95e-10,cm3/s,1,4,1,6,2
87,He (n=1) + He (n=4) → He (n=1) + He (n=6),He (n=1) + He (n=4),He (n=1) + He (n=6),4500.0,K,2.21e-10,cm3/s,1,4,1,6,2
87,He (n=1) + He (n=4) → He (n=1) + He (n=6),He (n=1) + He (n=4),He (n=1) + He (n=6),5000.0,K,2.44e-10,cm3/s,1,4,1,6,2
87,He (n=1) + He (n=4) → He (n=1) + He (n=6),He (n=1) + He (n=4),He (n=1) + He (n=6),6000.0,K,2.83e-10,cm3/s,1,4,1,6,2
87,He (n=1) + He (n=4) → He (n=1) + He (n=6),He (n=1) + He (n=4),He (n=1) + He (n=6),8000.0,K,3.38e-10,cm3/s,1,4,1,6,2
87,He (n=1) + He (n=4) → He (n=1) + He (n=6),He (n=1) + He (n=4),He (n=1) + He (n=6),10000.0,K,3.74e-10,cm3/s,1,4,1,6,2
87,He (n=1) + He (n=4) → He (n=1) + He (n=6),He (n=1) + He (n=4),He (n=1) + He (n=6),12000.0,K,4e-10,cm3/s,1,4,1,6,2
87,He (n=1) + He (n=4) → He (n=1) + He (n=6),He (n=1) + He (n=4),He (n=1) + He (n=6),16000.0,K,4.34e-10,cm3/s,1,4,1,6,2
87,He (n=1) + He (n=4) → He (n=1) + He (n=6),He (n=1) + He (n=4),He (n=1) + He (n=6),20000.0,K,4.55e-10,cm3/s,1,4,1,6,2
88,He (n=1) + He (n=4) → He (n=1) + He (n=7),He (n=1) + He (n=4),He (n=1) + He (n=7),4000.0,K,7.2e-11,cm3/s,1,4,1,7,3
88,He (n=1) + He (n=4) → He (n=1) + He (n=7),He (n=1) + He (n=4),He (n=1) + He (n=7),4500.0,K,8.4e-11,cm3/s,1,4,1,7,3
88,He (n=1) + He (n=4) → He (n=1) + He (n=7),He (n=1) + He (n=4),He (n=1) + He (n=7),5000.0,K,9.5e-11,cm3/s,1,4,1,7,3
88,He (n=1) + He (n=4) → He (n=1) + He (n=7),He (n=1) + He (n=4),He (n=1) + He (n=7),6000.0,K,1.14e-10,cm3/s,1,4,1,7,3
88,He (n=1) + He (n=4) → He (n=1) + He (n=7),He (n=1) + He (n=4),He (n=1) + He (n=7),8000.0,K,1.42e-10,cm3/s,1,4,1,7,3
88,He (n=1) + He (n=4) → He (n=1) + He (n=7),He (n=1) + He (n=4),He (n=1) + He (n=7),10000.0,K,1.61e-10,cm3/s,1,4,1,7,3
88,He (n=1) + He (n=4) → He (n=1) + He (n=7),He (n=1) + He (n=4),He (n=1) + He (n=7),12000.0,K,1.75e-10,cm3/s,1,4,1,7,3
88,He (n=1) + He (n=4) → He (n=1) + He (n=7),He (n=1) + He (n=4),He (n=1) + He (n=7),16000.0,K,1.94e-10,cm3/s,1,4,1,7,3
88,He (n=1) + He (n=4) → He (n=1) + He (n=7),He (n=1) + He (n=4),He (n=1) + He (n=7),20000.0,K,2.06e-10,cm3/s,1,4,1,7,3
89,He (n=1) + He (n=4) → He (n=8) + He (n=1),He (n=1) + He (n=4),He (n=8) + He (n=1),4000.0,K,3.5e-11,cm3/s,1,4,1,8,4
89,He (n=1) + He (n=4) → He (n=8) + He (n=1),He (n=1) + He (n=4),He (n=8) + He (n=1),4500.0,K,4.1e-11,cm3/s,1,4,1,8,4
89,He (n=1) + He (n=4) → He (n=8) + He (n=1),He (n=1) + He (n=4),He (n=8) + He (n=1),5000.0,K,4.8e-11,cm3/s,1,4,1,8,4
89,He (n=1) + He (n=4) → He (n=8) + He (n=1),He (n=1) + He (n=4),He (n=8) + He (n=1),6000.0,K,5.8e-11,cm3/s,1,4,1,8,4
89,He (n=1) + He (n=4) → He (n=8) + He (n=1),He (n=1) + He (n=4),He (n=8) + He (n=1),8000.0,K,7.5e-11,cm3/s,1,4,1,8,4
89,He (n=1) + He (n=4) → He (n=8) + He (n=1),He (n=1) + He (n=4),He (n=8) + He (n=1),10000.0,K,8.7e-11,cm3/s,1,4,1,8,4
89,He (n=1) + He (n=4) → He (n=8) + He (n=1),He (n=1) + He (n=4),He (n=8) + He (n=1),12000.0,K,9.5e-11,cm3/s,1,4,1,8,4
89,He (n=1) + He (n=4) → He (n=8) + He (n=1),He (n=1) + He (n=4),He (n=8) + He (n=1),16000.0,K,1.07e-10,cm3/s,1,4,1,8,4
89,He (n=1) + He (n=4) → He (n=8) + He (n=1),He (n=1) + He (n=4),He (n=8) + He (n=1),20000.0,K,1.14e-10,cm3/s,1,4,1,8,4
90,He (n=1) + He (n=4) → He (n=9) + He (n=1),He (n=1) + He (n=4),He (n=9) + He (n=1),4000.0,K,2e-11,cm3/s,1,4,1,9,5
90,He (n=1) + He (n=4) → He (n=9) + He (n=1),He (n=1) + He (n=4),He (n=9) + He (n=1),4500.0,K,2.4e-11,cm3/s,1,4,1,9,5
90,He (n=1) + He (n=4) → He (n=9) + He (n=1),He (n=1) + He (n=4),He (n=9) + He (n=1),5000.0,K,2.8e-11,cm3/s,1,4,1,9,5
90,He (n=1) + He (n=4) → He (n=9) + He (n=1),He (n=1) + He (n=4),He (n=9) + He (n=1),6000.0,K,3.5e-11,cm3/s,1,4,1,9,5
90,He (n=1) + He (n=4) → He (n=9) + He (n=1),He (n=1) + He (n=4),He (n=9) + He (n=1),8000.0,K,4.5e-11,cm3/s,1,4,1,9,5
90,He (n=1) + He (n=4) → He (n=9) + He (n=1),He (n=1) + He (n=4),He (n=9) + He (n=1),10000.0,K,5.3e-11,cm3/s,1,4,1,9,5
90,He (n=1) + He (n=4) → He (n=9) + He (n=1),He (n=1) + He (n=4),He (n=9) + He (n=1),12000.0,K,5.8e-11,cm3/s,1,4,1,9,5
90,He (n=1) + He (n=4) → He (n=9) + He (n=1),He (n=1) + He (n=4),He (n=9) + He (n=1),16000.0,K,6.6e-11,cm3/s,1,4,1,9,5
90,He (n=1) + He (n=4) → He (n=9) + He (n=1),He (n=1) + He (n=4),He (n=9) + He (n=1),20000.0,K,7.1e-11,cm3/s,1,4,1,9,5
91,He (n=1) + He (n=5) → He (n=1) + He (n=6),He (n=1) + He (n=5),He (n=1) + He (n=6),4000.0,K,6.82e-10,cm3/s,1,5,1,6,1
91,He (n=1) + He (n=5) → He (n=1) + He (n=6),He (n=1) + He (n=5),He (n=1) + He (n=6),4500.0,K,7.07e-10,cm3/s,1,5,1,6,1
91,He (n=1) + He (n=5) → He (n=1) + He (n=6),He (n=1) + He (n=5),He (n=1) + He (n=6),5000.0,K,7.28e-10,cm3/s,1,5,1,6,1
91,He (n=1) + He (n=5) → He (n=1) + He (n=6),He (n=1) + He (n=5),He (n=1) + He (n=6),6000.0,K,7.6e-10,cm3/s,1,5,1,6,1
91,He (n=1) + He (n=5) → He (n=1) + He (n=6),He (n=1) + He (n=5),He (n=1) + He (n=6),8000.0,K,8e-10,cm3/s,1,5,1,6,1
91,He (n=1) + He (n=5) → He (n=1) + He (n=6),He (n=1) + He (n=5),He (n=1) + He (n=6),10000.0,K,8.24e-10,cm3/s,1,5,1,6,1
91,He (n=1) + He (n=5) → He (n=1) + He (n=6),He (n=1) + He (n=5),He (n=1) + He (n=6),12000.0,K,8.41e-10,cm3/s,1,5,1,6,1
91,He (n=1) + He (n=5) → He (n=1) + He (n=6),He (n=1) + He (n=5),He (n=1) + He (n=6),16000.0,K,8.61e-10,cm3/s,1,5,1,6,1
91,He (n=1) + He (n=5) → He (n=1) + He (n=6),He (n=1) + He (n=5),He (n=1) + He (n=6),20000.0,K,8.73e-10,cm3/s,1,5,1,6,1
92,He (n=1) + He (n=5) → He (n=1) + He (n=7),He (n=1) + He (n=5),He (n=1) + He (n=7),4000.0,K,1.7e-10,cm3/s,1,5,1,7,2
92,He (n=1) + He (n=5) → He (n=1) + He (n=7),He (n=1) + He (n=5),He (n=1) + He (n=7),4500.0,K,1.82e-10,cm3/s,1,5,1,7,2
92,He (n=1) + He (n=5) → He (n=1) + He (n=7),He (n=1) + He (n=5),He (n=1) + He (n=7),5000.0,K,1.91e-10,cm3/s,1,5,1,7,2
92,He (n=1) + He (n=5) → He (n=1) + He (n=7),He (n=1) + He (n=5),He (n=1) + He (n=7),6000.0,K,2.07e-10,cm3/s,1,5,1,7,2
92,He (n=1) + He (n=5) → He (n=1) + He (n=7),He (n=1) + He (n=5),He (n=1) + He (n=7),8000.0,K,2.27e-10,cm3/s,1,5,1,7,2
92,He (n=1) + He (n=5) → He (n=1) + He (n=7),He (n=1) + He (n=5),He (n=1) + He (n=7),10000.0,K,2.39e-10,cm3/s,1,5,1,7,2
92,He (n=1) + He (n=5) → He (n=1) + He (n=7),He (n=1) + He (n=5),He (n=1) + He (n=7),12000.0,K,2.48e-10,cm3/s,1,5,1,7,2
92,He (n=1) + He (n=5) → He (n=1) + He (n=7),He (n=1) + He (n=5),He (n=1) + He (n=7),16000.0,K,2.58e-10,cm3/s,1,5,1,7,2
92,He (n=1) + He (n=5) → He (n=1) + He (n=7),He (n=1) + He (n=5),He (n=1) + He (n=7),20000.0,K,2.65e-10,cm3/s,1,5,1,7,2
93,He (n=1) + He (n=5) → He (n=8) + He (n=1),He (n=1) + He (n=5),He (n=8) + He (n=1),4000.0,K,7.2e-11,cm3/s,1,5,1,8,3
93,He (n=1) + He (n=5) → He (n=8) + He (n=1),He (n=1) + He (n=5),He (n=8) + He (n=1),4500.0,K,7.8e-11,cm3/s,1,5,1,8,3
93,He (n=1) + He (n=5) → He (n=8) + He (n=1),He (n=1) + He (n=5),He (n=8) + He (n=1),5000.0,K,8.3e-11,cm3/s,1,5,1,8,3
93,He (n=1) + He (n=5) → He (n=8) + He (n=1),He (n=1) + He (n=5),He (n=8) + He (n=1),6000.0,K,9.2e-11,cm3/s,1,5,1,8,3
93,He (n=1) + He (n=5) → He (n=8) + He (n=1),He (n=1) + He (n=5),He (n=8) + He (n=1),8000.0,K,1.03e-10,cm3/s,1,5,1,8,3
93,He (n=1) + He (n=5) → He (n=8) + He (n=1),He (n=1) + He (n=5),He (n=8) + He (n=1),10000.0,K,1.11e-10,cm3/s,1,5,1,8,3
93,He (n=1) + He (n=5) → He (n=8) + He (n=1),He (n=1) + He (n=5),He (n=8) + He (n=1),12000.0,K,1.16e-10,cm3/s,1,5,1,8,3
93,He (n=1) + He (n=5) → He (n=8) + He (n=1),He (n=1) + He (n=5),He (n=8) + He (n=1),16000.0,K,1.22e-10,cm3/s,1,5,1,8,3
93,He (n=1) + He (n=5) → He (n=8) + He (n=1),He (n=1) + He (n=5),He (n=8) + He (n=1),20000.0,K,1.26e-10,cm3/s,1,5,1,8,3
94,He (n=1) + He (n=5) → He (n=9) + He (n=1),He (n=1) + He (n=5),He (n=9) + He (n=1),4000.0,K,3.8e-11,cm3/s,1,5,1,9,4
94,He (n=1) + He (n=5) → He (n=9) + He (n=1),He (n=1) + He (n=5),He (n=9) + He (n=1),4500.0,K,4.2e-11,cm3/s,1,5,1,9,4
94,He (n=1) + He (n=5) → He (n=9) + He (n=1),He (n=1) + He (n=5),He (n=9) + He (n=1),5000.0,K,4.5e-11,cm3/s,1,5,1,9,4
94,He (n=1) + He (n=5) → He (n=9) + He (n=1),He (n=1) + He (n=5),He (n=9) + He (n=1),6000.0,K,5e-11,cm3/s,1,5,1,9,4
94,He (n=1) + He (n=5) → He (n=9) + He (n=1),He (n=1) + He (n=5),He (n=9) + He (n=1),8000.0,K,5.8e-11,cm3/s,1,5,1,9,4
94,He (n=1) + He (n=5) → He (n=9) + He (n=1),He (n=1) + He (n=5),He (n=9) + He (n=1),10000.0,K,6.2e-11,cm3/s,1,5,1,9,4
94,He (n=1) + He (n=5) → He (n=9) + He (n=1),He (n=1) + He (n=5),He (n=9) + He (n=1),12000.0,K,6.6e-11,cm3/s,1,5,1,9,4
94,He (n=1) + He (n=5) → He (n=9) + He (n=1),He (n=1) + He (n=5),He (n=9) + He (n=1),16000.0,K,7e-11,cm3/s,1,5,1,9,4
94,He (n=1) + He (n=5) → He (n=9) + He (n=1),He (n=1) + He (n=5),He (n=9) + He (n=1),20000.0,K,7.2e-11,cm3/s,1,5,1,9,4
95,He (n=1) + He (n=5) → He (n=10) + He (n=1),He (n=1) + He (n=5),He (n=10) + He (n=1),4000.0,K,2.3e-11,cm3/s,1,5,1,10,5
95,He (n=1) + He (n=5) → He (n=10) + He (n=1),He (n=1) + He (n=5),He (n=10) + He (n=1),4500.0,K,2.5e-11,cm3/s,1,5,1,10,5
95,He (n=1) + He (n=5) → He (n=10) + He (n=1),He (n=1) + He (n=5),He (n=10) + He (n=1),5000.0,K,2.7e-11,cm3/s,1,5,1,10,5
95,He (n=1) + He (n=5) → He (n=10) + He (n=1),He (n=1) + He (n=5),He (n=10) + He (n=1),6000.0,K,3.1e-11,cm3/s,1,5,1,10,5
95,He (n=1) + He (n=5) → He (n=10) + He (n=1),He (n=1) + He (n=5),He (n=10) + He (n=1),8000.0,K,3.6e-11,cm3/s,1,5,1,10,5
95,He (n=1) + He (n=5) → He (n=10) + He (n=1),He (n=1) + He (n=5),He (n=10) + He (n=1),10000.0,K,3.9e-11,cm3/s,1,5,1,10,5
95,He (n=1) + He (n=5) → He (n=10) + He (n=1),He (n=1) + He (n=5),He (n=10) + He (n=1),12000.0,K,4.1e-11,cm3/s,1,5,1,10,5
95,He (n=1) + He (n=5) → He (n=10) + He (n=1),He (n=1) + He (n=5),He (n=10) + He (n=1),16000.0,K,4.4e-11,cm3/s,1,5,1,10,5
95,He (n=1) + He (n=5) → He (n=10) + He (n=1),He (n=1) + He (n=5),He (n=10) + He (n=1),20000.0,K,4.6e-11,cm3/s,1,5,1,10,5
96,He (n=1) + He (n=6) → He (n=1) + He (n=7),He (n=1) + He (n=6),He (n=1) + He (n=7),4000.0,K,4.32e-10,cm3/s,1,6,1,7,1
96,He (n=1) + He (n=6) → He (n=1) + He (n=7),He (n=1) + He (n=6),He (n=1) + He (n=7),4500.0,K,4.41e-10,cm3/s,1,6,1,7,1
96,He (n=1) + He (n=6) → He (n=1) + He (n=7),He (n=1) + He (n=6),He (n=1) + He (n=7),5000.0,K,4.48e-10,cm3/s,1,6,1,7,1
96,He (n=1) + He (n=6) → He (n=1) + He (n=7),He (n=1) + He (n=6),He (n=1) + He (n=7),6000.0,K,4.59e-10,cm3/s,1,6,1,7,1
96,He (n=1) + He (n=6) → He (n=1) + He (n=7),He (n=1) + He (n=6),He (n=1) + He (n=7),8000.0,K,4.73e-10,cm3/s,1,6,1,7,1
96,He (n=1) + He (n=6) → He (n=1) + He (n=7),He (n=1) + He (n=6),He (n=1) + He (n=7),10000.0,K,4.81e-10,cm3/s,1,6,1,7,1
96,He (n=1) + He (n=6) → He (n=1) + He (n=7),He (n=1) + He (n=6),He (n=1) + He (n=7),12000.0,K,4.86e-10,cm3/s,1,6,1,7,1
96,He (n=1) + He (n=6) → He (n=1) + He (n=7),He (n=1) + He (n=6),He (n=1) + He (n=7),16000.0,K,4.93e-10,cm3/s,1,6,1,7,1
96,He (n=1) + He (n=6) → He (n=1) + He (n=7),He (n=1) + He (n=6),He (n=1) + He (n=7),20000.0,K,4.97e-10,cm3/s,1,6,1,7,1
97,He (n=1) + He (n=6) → He (n=8) + He (n=1),He (n=1) + He (n=6),He (n=8) + He (n=1),4000.0,K,1.24e-10,cm3/s,1,6,1,8,2
97,He (n=1) + He (n=6) → He (n=8) + He (n=1),He (n=1) + He (n=6),He (n=8) + He (n=1),4500.0,K,1.28e-10,cm3/s,1,6,1,8,2
97,He (n=1) + He (n=6) → He (n=8) + He (n=1),He (n=1) + He (n=6),He (n=8) + He (n=1),5000.0,K,1.32e-10,cm3/s,1,6,1,8,2
97,He (n=1) + He (n=6) → He (n=8) + He (n=1),He (n=1) + He (n=6),He (n=8) + He (n=1),6000.0,K,1.38e-10,cm3/s,1,6,1,8,2
97,He (n=1) + He (n=6) → He (n=8) + He (n=1),He (n=1) + He (n=6),He (n=8) + He (n=1),8000.0,K,1.46e-10,cm3/s,1,6,1,8,2
97,He (n=1) + He (n=6) → He (n=8) + He (n=1),He (n=1) + He (n=6),He (n=8) + He (n=1),10000.0,K,1.51e-10,cm3/s,1,6,1,8,2
97,He (n=1) + He (n=6) → He (n=8) + He (n=1),He (n=1) + He (n=6),He (n=8) + He (n=1),12000.0,K,1.54e-10,cm3/s,1,6,1,8,2
97,He (n=1) + He (n=6) → He (n=8) + He (n=1),He (n=1) + He (n=6),He (n=8) + He (n=1),16000.0,K,1.57e-10,cm3/s,1,6,1,8,2
97,He (n=1) + He (n=6) → He (n=8) + He (n=1),He (n=1) + He (n=6),He (n=8) + He (n=1),20000.0,K,1.6e-10,cm3/s,1,6,1,8,2
98,He (n=1) + He (n=6) → He (n=9) + He (n=1),He (n=1) + He (n=6),He (n=9) + He (n=1),4000.0,K,5.6e-11,cm3/s,1,6,1,9,3
98,He (n=1) + He (n=6) → He (n=9) + He (n=1),He (n=1) + He (n=6),He (n=9) + He (n=1),4500.0,K,5.9e-11,cm3/s,1,6,1,9,3
98,He (n=1) + He (n=6) → He (n=9) + He (n=1),He (n=1) + He (n=6),He (n=9) + He (n=1),5000.0,K,6.2e-11,cm3/s,1,6,1,9,3
98,He (n=1) + He (n=6) → He (n=9) + He (n=1),He (n=1) + He (n=6),He (n=9) + He (n=1),6000.0,K,6.5e-11,cm3/s,1,6,1,9,3
98,He (n=1) + He (n=6) → He (n=9) + He (n=1),He (n=1) + He (n=6),He (n=9) + He (n=1),8000.0,K,7e-11,cm3/s,1,6,1,9,3
98,He (n=1) + He (n=6) → He (n=9) + He (n=1),He (n=1) + He (n=6),He (n=9) + He (n=1),10000.0,K,7.3e-11,cm3/s,1,6,1,9,3
98,He (n=1) + He (n=6) → He (n=9) + He (n=1),He (n=1) + He (n=6),He (n=9) + He (n=1),12000.0,K,7.5e-11,cm3/s,1,6,1,9,3
98,He (n=1) + He (n=6) → He (n=9) + He (n=1),He (n=1) + He (n=6),He (n=9) + He (n=1),16000.0,K,7.7e-11,cm3/s,1,6,1,9,3
98,He (n=1) + He (n=6) → He (n=9) + He (n=1),He (n=1) + He (n=6),He (n=9) + He (n=1),20000.0,K,7.9e-11,cm3/s,1,6,1,9,3
99,He (n=1) + He (n=6) → He (n=10) + He (n=1),He (n=1) + He (n=6),He (n=10) + He (n=1),4000.0,K,3.1e-11,cm3/s,1,6,1,10,4
99,He (n=1) + He (n=6) → He (n=10) + He (n=1),He (n=1) + He (n=6),He (n=10) + He (n=1),4500.0,K,3.3e-11,cm3/s,1,6,1,10,4
99,He (n=1) + He (n=6) → He (n=10) + He (n=1),He (n=1) + He (n=6),He (n=10) + He (n=1),5000.0,K,3.5e-11,cm3/s,1,6,1,10,4
99,He (n=1) + He (n=6) → He (n=10) + He (n=1),He (n=1) + He (n=6),He (n=10) + He (n=1),6000.0,K,3.7e-11,cm3/s,1,6,1,10,4
99,He (n=1) + He (n=6) → He (n=10) + He (n=1),He (n=1) + He (n=6),He (n=10) + He (n=1),8000.0,K,4e-11,cm3/s,1,6,1,10,4
99,He (n=1) + He (n=6) → He (n=10) + He (n=1),He (n=1) + He (n=6),He (n=10) + He (n=1),10000.0,K,4.2e-11,cm3/s,1,6,1,10,4
99,He (n=1) + He (n=6) → He (n=10) + He (n=1),He (n=1) + He (n=6),He (n=10) + He (n=1),12000.0,K,4.4e-11,cm3/s,1,6,1,10,4
99,He (n=1) + He (n=6) → He (n=10) + He (n=1),He (n=1) + He (n=6),He (n=10) + He (n=1),16000.0,K,4.5e-11,cm3/s,1,6,1,10,4
99,He (n=1) + He (n=6) → He (n=10) + He (n=1),He (n=1) + He (n=6),He (n=10) + He (n=1),20000.0,K,4.6e-11,cm3/s,1,6,1,10,4
100,He (n=1) + He (n=6) → He (n=11) + He (n=1),He (n=1) + He (n=6),He (n=11) + He (n=1),4000.0,K,1.9e-11,cm3/s,1,6,1,11,5
100,He (n=1) + He (n=6) → He (n=11) + He (n=1),He (n=1) + He (n=6),He (n=11) + He (n=1),4500.0,K,2.1e-11,cm3/s,1,6,1,11,5
100,He (n=1) + He (n=6) → He (n=11) + He (n=1),He (n=1) + He (n=6),He (n=11) + He (n=1),5000.0,K,2.2e-11,cm3/s,1,6,1,11,5
100,He (n=1) + He (n=6) → He (n=11) + He (n=1),He (n=1) + He (n=6),He (n=11) + He (n=1),6000.0,K,2.4e-11,cm3/s,1,6,1,11,5
100,He (n=1) + He (n=6) → He (n=11) + He (n=1),He (n=1) + He (n=6),He (n=11) + He (n=1),8000.0,K,2.6e-11,cm3/s,1,6,1,11,5
100,He (n=1) + He (n=6) → He (n=11) + He (n=1),He (n=1) + He (n=6),He (n=11) + He (n=1),10000.0,K,2.7e-11,cm3/s,1,6,1,11,5
100,He (n=1) + He (n=6) → He (n=11) + He (n=1),He (n=1) + He (n=6),He (n=11) + He (n=1),12000.0,K,2.8e-11,cm3/s,1,6,1,11,5
100,He (n=1) + He (n=6) → He (n=11) + He (n=1),He (n=1) + He (n=6),He (n=11) + He (n=1),16000.0,K,2.9e-11,cm3/s,1,6,1,11,5
100,He (n=1) + He (n=6) → He (n=11) + He (n=1),He (n=1) + He (n=6),He (n=11) + He (n=1),20000.0,K,3e-11,cm3/s,1,6,1,11,5
101,He (n=1) + He (n=7) → He (n=8) + He (n=1),He (n=1) + He (n=7),He (n=8) + He (n=1),4000.0,K,2.76e-10,cm3/s,1,7,1,8,1
101,He (n=1) + He (n=7) → He (n=8) + He (n=1),He (n=1) + He (n=7),He (n=8) + He (n=1),4500.0,K,2.79e-10,cm3/s,1,7,1,8,1
101,He (n=1) + He (n=7) → He (n=8) + He (n=1),He (n=1) + He (n=7),He (n=8) + He (n=1),5000.0,K,2.82e-10,cm3/s,1,7,1,8,1
101,He (n=1) + He (n=7) → He (n=8) + He (n=1),He (n=1) + He (n=7),He (n=8) + He (n=1),6000.0,K,2.86e-10,cm3/s,1,7,1,8,1
101,He (n=1) + He (n=7) → He (n=8) + He (n=1),He (n=1) + He (n=7),He (n=8) + He (n=1),8000.0,K,2.92e-10,cm3/s,1,7,1,8,1
101,He (n=1) + He (n=7) → He (n=8) + He (n=1),He (n=1) + He (n=7),He (n=8) + He (n=1),10000.0,K,2.95e-10,cm3/s,1,7,1,8,1
101,He (n=1) + He (n=7) → He (n=8) + He (n=1),He (n=1) + He (n=7),He (n=8) + He (n=1),12000.0,K,2.97e-10,cm3/s,1,7,1,8,1
101,He (n=1) + He (n=7) → He (n=8) + He (n=1),He (n=1) + He (n=7),He (n=8) + He (n=1),16000.0,K,2.99e-10,cm3/s,1,7,1,8,1
101,He (n=1) + He (n=7) → He (n=8) + He (n=1),He (n=1) + He (n=7),He (n=8) + He (n=1),20000.0,K,3.01e-10,cm3/s,1,7,1,8,1
102,He (n=1) + He (n=7) → He (n=9) + He (n=1),He (n=1) + He (n=7),He (n=9) + He (n=1),4000.0,K,8.6e-11,cm3/s,1,7,1,9,2
102,He (n=1) + He (n=7) → He (n=9) + He (n=1),He (n=1) + He (n=7),He (n=9) + He (n=1),4500.0,K,8.8e-11,cm3/s,1,7,1,9,2
102,He (n=1) + He (n=7) → He (n=9) + He (n=1),He (n=1) + He (n=7),He (n=9) + He (n=1),5000.0,K,8.9e-11,cm3/s,1,7,1,9,2
102,He (n=1) + He (n=7) → He (n=9) + He (n=1),He (n=1) + He (n=7),He (n=9) + He (n=1),6000.0,K,9.2e-11,cm3/s,1,7,1,9,2
102,He (n=1) + He (n=7) → He (n=9) + He (n=1),He (n=1) + He (n=7),He (n=9) + He (n=1),8000.0,K,9.5e-11,cm3/s,1,7,1,9,2
102,He (n=1) + He (n=7) → He (n=9) + He (n=1),He (n=1) + He (n=7),He (n=9) + He (n=1),10000.0,K,9.7e-11,cm3/s,1,7,1,9,2
102,He (n=1) + He (n=7) → He (n=9) + He (n=1),He (n=1) + He (n=7),He (n=9) + He (n=1),12000.0,K,9.8e-11,cm3/s,1,7,1,9,2
102,He (n=1) + He (n=7) → He (n=9) + He (n=1),He (n=1) + He (n=7),He (n=9) + He (n=1),16000.0,K,1e-10,cm3/s,1,7,1,9,2
102,He (n=1) + He (n=7) → He (n=9) + He (n=1),He (n=1) + He (n=7),He (n=9) + He (n=1),20000.0,K,1.01e-10,cm3/s,1,7,1,9,2
103,He (n=1) + He (n=7) → He (n=10) + He (n=1),He (n=1) + He (n=7),He (n=10) + He (n=1),4000.0,K,4.1e-11,cm3/s,1,7,1,10,3
103,He (n=1) + He (n=7) → He (n=10) + He (n=1),He (n=1) + He (n=7),He (n=10) + He (n=1),4500.0,K,4.2e-11,cm3/s,1,7,1,10,3
103,He (n=1) + He (n=7) → He (n=10) + He (n=1),He (n=1) + He (n=7),He (n=10) + He (n=1),5000.0,K,4.4e-11,cm3/s,1,7,1,10,3
103,He (n=1) + He (n=7) → He (n=10) + He (n=1),He (n=1) + He (n=7),He (n=10) + He (n=1),6000.0,K,4.5e-11,cm3/s,1,7,1,10,3
103,He (n=1) + He (n=7) → He (n=10) + He (n=1),He (n=1) + He (n=7),He (n=10) + He (n=1),8000.0,K,4.7e-11,cm3/s,1,7,1,10,3
103,He (n=1) + He (n=7) → He (n=10) + He (n=1),He (n=1) + He (n=7),He (n=10) + He (n=1),10000.0,K,4.9e-11,cm3/s,1,7,1,10,3
103,He (n=1) + He (n=7) → He (n=10) + He (n=1),He (n=1) + He (n=7),He (n=10) + He (n=1),12000.0,K,4.9e-11,cm3/s,1,7,1,10,3
103,He (n=1) + He (n=7) → He (n=10) + He (n=1),He (n=1) + He (n=7),He (n=10) + He (n=1),16000.0,K,5e-11,cm3/s,1,7,1,10,3
103,He (n=1) + He (n=7) → He (n=10) + He (n=1),He (n=1) + He (n=7),He (n=10) + He (n=1),20000.0,K,5.1e-11,cm3/s,1,7,1,10,3
104,He (n=1) + He (n=7) → He (n=11) + He (n=1),He (n=1) + He (n=7),He (n=11) + He (n=1),4000.0,K,2.4e-11,cm3/s,1,7,1,11,4
104,He (n=1) + He (n=7) → He (n=11) + He (n=1),He (n=1) + He (n=7),He (n=11) + He (n=1),4500.0,K,2.5e-11,cm3/s,1,7,1,11,4
104,He (n=1) + He (n=7) → He (n=11) + He (n=1),He (n=1) + He (n=7),He (n=11) + He (n=1),5000.0,K,2.5e-11,cm3/s,1,7,1,11,4
104,He (n=1) + He (n=7) → He (n=11) + He (n=1),He (n=1) + He (n=7),He (n=11) + He (n=1),6000.0,K,2.7e-11,cm3/s,1,7,1,11,4
104,He (n=1) + He (n=7) → He (n=11) + He (n=1),He (n=1) + He (n=7),He (n=11) + He (n=1),8000.0,K,2.8e-11,cm3/s,1,7,1,11,4
104,He (n=1) + He (n=7) → He (n=11) + He (n=1),He (n=1) + He (n=7),He (n=11) + He (n=1),10000.0,K,2.9e-11,cm3/s,1,7,1,11,4
104,He (n=1) + He (n=7) → He (n=11) + He (n=1),He (n=1) + He (n=7),He (n=11) + He (n=1),12000.0,K,2.9e-11,cm3/s,1,7,1,11,4
104,He (n=1) + He (n=7) → He (n=11) + He (n=1),He (n=1) + He (n=7),He (n=11) + He (n=1),16000.0,K,3e-11,cm3/s,1,7,1,11,4
104,He (n=1) + He (n=7) → He (n=11) + He (n=1),He (n=1) + He (n=7),He (n=11) + He (n=1),20000.0,K,3.1e-11,cm3/s,1,7,1,11,4
105,He (n=1) + He (n=7) → He (n=1) + He (n=12),He (n=1) + He (n=7),He (n=1) + He (n=12),4000.0,K,1.5e-11,cm3/s,1,7,1,12,5
105,He (n=1) + He (n=7) → He (n=1) + He (n=12),He (n=1) + He (n=7),He (n=1) + He (n=12),4500.0,K,1.6e-11,cm3/s,1,7,1,12,5
105,He (n=1) + He (n=7) → He (n=1) + He (n=12),He (n=1) + He (n=7),He (n=1) + He (n=12),5000.0,K,1.6e-11,cm3/s,1,7,1,12,5
105,He (n=1) + He (n=7) → He (n=1) + He (n=12),He (n=1) + He (n=7),He (n=1) + He (n=12),6000.0,K,1.7e-11,cm3/s,1,7,1,12,5
105,He (n=1) + He (n=7) → He (n=1) + He (n=12),He (n=1) + He (n=7),He (n=1) + He (n=12),8000.0,K,1.8e-11,cm3/s,1,7,1,12,5
105,He (n=1) + He (n=7) → He (n=1) + He (n=12),He (n=1) + He (n=7),He (n=1) + He (n=12),10000.0,K,1.9e-11,cm3/s,1,7,1,12,5
105,He (n=1) + He (n=7) → He (n=1) + He (n=12),He (n=1) + He (n=7),He (n=1) + He (n=12),12000.0,K,1.9e-11,cm3/s,1,7,1,12,5
105,He (n=1) + He (n=7) → He (n=1) + He (n=12),He (n=1) + He (n=7),He (n=1) + He (n=12),16000.0,K,2e-11,cm3/s,1,7,1,12,5
105,He (n=1) + He (n=7) → He (n=1) + He (n=12),He (n=1) + He (n=7),He (n=1) + He (n=12),20000.0,K,2e-11,cm3/s,1,7,1,12,5
106,He (n=8) + He (n=1) → He (n=9) + He (n=1),He (n=8) + He (n=1),He (n=9) + He (n=1),4000.0,K,1.81e-10,cm3/s,1,8,1,9,1
106,He (n=8) + He (n=1) → He (n=9) + He (n=1),He (n=8) + He (n=1),He (n=9) + He (n=1),4500.0,K,1.83e-10,cm3/s,1,8,1,9,1
106,He (n=8) + He (n=1) → He (n=9) + He (n=1),He (n=8) + He (n=1),He (n=9) + He (n=1),5000.0,K,1.84e-10,cm3/s,1,8,1,9,1
106,He (n=8) + He (n=1) → He (n=9) + He (n=1),He (n=8) + He (n=1),He (n=9) + He (n=1),6000.0,K,1.86e-10,cm3/s,1,8,1,9,1
106,He (n=8) + He (n=1) → He (n=9) + He (n=1),He (n=8) + He (n=1),He (n=9) + He (n=1),8000.0,K,1.88e-10,cm3/s,1,8,1,9,1
106,He (n=8) + He (n=1) → He (n=9) + He (n=1),He (n=8) + He (n=1),He (n=9) + He (n=1),10000.0,K,1.89e-10,cm3/s,1,8,1,9,1
106,He (n=8) + He (n=1) → He (n=9) + He (n=1),He (n=8) + He (n=1),He (n=9) + He (n=1),12000.0,K,1.9e-10,cm3/s,1,8,1,9,1
106,He (n=8) + He (n=1) → He (n=9) + He (n=1),He (n=8) + He (n=1),He (n=9) + He (n=1),16000.0,K,1.91e-10,cm3/s,1,8,1,9,1
106,He (n=8) + He (n=1) → He (n=9) + He (n=1),He (n=8) + He (n=1),He (n=9) + He (n=1),20000.0,K,1.92e-10,cm3/s,1,8,1,9,1
107,He (n=8) + He (n=1) → He (n=10) + He (n=1),He (n=8) + He (n=1),He (n=10) + He (n=1),4000.0,K,5.9e-11,cm3/s,1,8,1,10,2
107,He (n=8) + He (n=1) → He (n=10) + He (n=1),He (n=8) + He (n=1),He (n=10) + He (n=1),4500.0,K,6e-11,cm3/s,1,8,1,10,2
107,He (n=8) + He (n=1) → He (n=10) + He (n=1),He (n=8) + He (n=1),He (n=10) + He (n=1),5000.0,K,6.1e-11,cm3/s,1,8,1,10,2
107,He (n=8) + He (n=1) → He (n=10) + He (n=1),He (n=8) + He (n=1),He (n=10) + He (n=1),6000.0,K,6.2e-11,cm3/s,1,8,1,10,2
107,He (n=8) + He (n=1) → He (n=10) + He (n=1),He (n=8) + He (n=1),He (n=10) + He (n=1),8000.0,K,6.4e-11,cm3/s,1,8,1,10,2
107,He (n=8) + He (n=1) → He (n=10) + He (n=1),He (n=8) + He (n=1),He (n=10) + He (n=1),10000.0,K,6.5e-11,cm3/s,1,8,1,10,2
107,He (n=8) + He (n=1) → He (n=10) + He (n=1),He (n=8) + He (n=1),He (n=10) + He (n=1),12000.0,K,6.5e-11,cm3/s,1,8,1,10,2
107,He (n=8) + He (n=1) → He (n=10) + He (n=1),He (n=8) + He (n=1),He (n=10) + He (n=1),16000.0,K,6.6e-11,cm3/s,1,8,1,10,2
107,He (n=8) + He (n=1) → He (n=10) + He (n=1),He (n=8) + He (n=1),He (n=10) + He (n=1),20000.0,K,6.6e-11,cm3/s,1,8,1,10,2
108,He (n=8) + He (n=1) → He (n=11) + He (n=1),He (n=8) + He (n=1),He (n=11) + He (n=1),4000.0,K,3e-11,cm3/s,1,8,1,11,3
108,He (n=8) + He (n=1) → He (n=11) + He (n=1),He (n=8) + He (n=1),He (n=11) + He (n=1),4500.0,K,3e-11,cm3/s,1,8,1,11,3
108,He (n=8) + He (n=1) → He (n=11) + He (n=1),He (n=8) + He (n=1),He (n=11) + He (n=1),5000.0,K,3.1e-11,cm3/s,1,8,1,11,3
108,He (n=8) + He (n=1) → He (n=11) + He (n=1),He (n=8) + He (n=1),He (n=11) + He (n=1),6000.0,K,3.2e-11,cm3/s,1,8,1,11,3
108,He (n=8) + He (n=1) → He (n=11) + He (n=1),He (n=8) + He (n=1),He (n=11) + He (n=1),8000.0,K,3.3e-11,cm3/s,1,8,1,11,3
108,He (n=8) + He (n=1) → He (n=11) + He (n=1),He (n=8) + He (n=1),He (n=11) + He (n=1),10000.0,K,3.3e-11,cm3/s,1,8,1,11,3
108,He (n=8) + He (n=1) → He (n=11) + He (n=1),He (n=8) + He (n=1),He (n=11) + He (n=1),12000.0,K,3.4e-11,cm3/s,1,8,1,11,3
108,He (n=8) + He (n=1) → He (n=11) + He (n=1),He (n=8) + He (n=1),He (n=11) + He (n=1),16000.0,K,3.4e-11,cm3/s,1,8,1,11,3
108,He (n=8) + He (n=1) → He (n=11) + He (n=1),He (n=8) + He (n=1),He (n=11) + He (n=1),20000.0,K,3.4e-11,cm3/s,1,8,1,11,3
109,He (n=8) + He (n=1) → He (n=1) + He (n=12),He (n=8) + He (n=1),He (n=1) + He (n=12),4000.0,K,1.8e-11,cm3/s,1,8,1,12,4
109,He (n=8) + He (n=1) → He (n=1) + He (n=12),He (n=8) + He (n=1),He (n=1) + He (n=12),4500.0,K,1.8e-11,cm3/s,1,8,1,12,4
109,He (n=8) + He (n=1) → He (n=1) + He (n=12),He (n=8) + He (n=1),He (n=1) + He (n=12),5000.0,K,1.8e-11,cm3/s,1,8,1,12,4
109,He (n=8) + He (n=1) → He (n=1) + He (n=12),He (n=8) + He (n=1),He (n=1) + He (n=12),6000.0,K,1.9e-11,cm3/s,1,8,1,12,4
109,He (n=8) + He (n=1) → He (n=1) + He (n=12),He (n=8) + He (n=1),He (n=1) + He (n=12),8000.0,K,2e-11,cm3/s,1,8,1,12,4
109,He (n=8) + He (n=1) → He (n=1) + He (n=12),He (n=8) + He (n=1),He (n=1) + He (n=12),10000.0,K,2e-11,cm3/s,1,8,1,12,4
109,He (n=8) + He (n=1) → He (n=1) + He (n=12),He (n=8) + He (n=1),He (n=1) + He (n=12),12000.0,K,2e-11,cm3/s,1,8,1,12,4
109,He (n=8) + He (n=1) → He (n=1) + He (n=12),He (n=8) + He (n=1),He (n=1) + He (n=12),16000.0,K,2.1e-11,cm3/s,1,8,1,12,4
109,He (n=8) + He (n=1) → He (n=1) + He (n=12),He (n=8) + He (n=1),He (n=1) + He (n=12),20000.0,K,2.1e-11,cm3/s,1,8,1,12,4
110,He (n=8) + He (n=1) → He (n=1) + He (n=13),He (n=8) + He (n=1),He (n=1) + He (n=13),4000.0,K,1.1e-11,cm3/s,1,8,1,13,5
110,He (n=8) + He (n=1) → He (n=1) + He (n=13),He (n=8) + He (n=1),He (n=1) + He (n=13),4500.0,K,1.2e-11,cm3/s,1,8,1,13,5
110,He (n=8) + He (n=1) → He (n=1) + He (n=13),He (n=8) + He (n=1),He (n=1) + He (n=13),5000.0,K,1.2e-11,cm3/s,1,8,1,13,5
110,He (n=8) + He (n=1) → He (n=1) + He (n=13),He (n=8) + He (n=1),He (n=1) + He (n=13),6000.0,K,1.3e-11,cm3/s,1,8,1,13,5
110,He (n=8) + He (n=1) → He (n=1) + He (n=13),He (n=8) + He (n=1),He (n=1) + He (n=13),8000.0,K,1.3e-11,cm3/s,1,8,1,13,5
110,He (n=8) + He (n=1) → He (n=1) + He (n=13),He (n=8) + He (n=1),He (n=1) + He (n=13),10000.0,K,1.3e-11,cm3/s,1,8,1,13,5
110,He (n=8) + He (n=1) → He (n=1) + He (n=13),He (n=8) + He (n=1),He (n=1) + He (n=13),12000.0,K,1.4e-11,cm3/s,1,8,1,13,5
110,He (n=8) + He (n=1) → He (n=1) + He (n=13),He (n=8) + He (n=1),He (n=1) + He (n=13),16000.0,K,1.4e-11,cm3/s,1,8,1,13,5
110,He (n=8) + He (n=1) → He (n=1) + He (n=13),He (n=8) + He (n=1),He (n=1) + He (n=13),20000.0,K,1.4e-11,cm3/s,1,8,1,13,5
111,He (n=9) + He (n=1) → He (n=10) + He (n=1),He (n=9) + He (n=1),He (n=10) + He (n=1),4000.0,K,1.22e-10,cm3/s,1,9,1,10,1
111,He (n=9) + He (n=1) → He (n=10) + He (n=1),He (n=9) + He (n=1),He (n=10) + He (n=1),4500.0,K,1.23e-10,cm3/s,1,9,1,10,1
111,He (n=9) + He (n=1) → He (n=10) + He (n=1),He (n=9) + He (n=1),He (n=10) + He (n=1),5000.0,K,1.24e-10,cm3/s,1,9,1,10,1
111,He (n=9) + He (n=1) → He (n=10) + He (n=1),He (n=9) + He (n=1),He (n=10) + He (n=1),6000.0,K,1.25e-10,cm3/s,1,9,1,10,1
111,He (n=9) + He (n=1) → He (n=10) + He (n=1),He (n=9) + He (n=1),He (n=10) + He (n=1),8000.0,K,1.26e-10,cm3/s,1,9,1,10,1
111,He (n=9) + He (n=1) → He (n=10) + He (n=1),He (n=9) + He (n=1),He (n=10) + He (n=1),10000.0,K,1.26e-10,cm3/s,1,9,1,10,1
111,He (n=9) + He (n=1) → He (n=10) + He (n=1),He (n=9) + He (n=1),He (n=10) + He (n=1),12000.0,K,1.27e-10,cm3/s,1,9,1,10,1
111,He (n=9) + He (n=1) → He (n=10) + He (n=1),He (n=9) + He (n=1),He (n=10) + He (n=1),16000.0,K,1.27e-10,cm3/s,1,9,1,10,1
111,He (n=9) + He (n=1) → He (n=10) + He (n=1),He (n=9) + He (n=1),He (n=10) + He (n=1),20000.0,K,1.28e-10,cm3/s,1,9,1,10,1
112,He (n=9) + He (n=1) → He (n=11) + He (n=1),He (n=9) + He (n=1),He (n=11) + He (n=1),4000.0,K,4.2e-11,cm3/s,1,9,1,11,2
112,He (n=9) + He (n=1) → He (n=11) + He (n=1),He (n=9) + He (n=1),He (n=11) + He (n=1),4500.0,K,4.2e-11,cm3/s,1,9,1,11,2
112,He (n=9) + He (n=1) → He (n=11) + He (n=1),He (n=9) + He (n=1),He (n=11) + He (n=1),5000.0,K,4.3e-11,cm3/s,1,9,1,11,2
112,He (n=9) + He (n=1) → He (n=11) + He (n=1),He (n=9) + He (n=1),He (n=11) + He (n=1),6000.0,K,4.3e-11,cm3/s,1,9,1,11,2
112,He (n=9) + He (n=1) → He (n=11) + He (n=1),He (n=9) + He (n=1),He (n=11) + He (n=1),8000.0,K,4.4e-11,cm3/s,1,9,1,11,2
112,He (n=9) + He (n=1) → He (n=11) + He (n=1),He (n=9) + He (n=1),He (n=11) + He (n=1),10000.0,K,4.4e-11,cm3/s,1,9,1,11,2
112,He (n=9) + He (n=1) → He (n=11) + He (n=1),He (n=9) + He (n=1),He (n=11) + He (n=1),12000.0,K,4.5e-11,cm3/s,1,9,1,11,2
112,He (n=9) + He (n=1) → He (n=11) + He (n=1),He (n=9) + He (n=1),He (n=11) + He (n=1),16000.0,K,4.5e-11,cm3/s,1,9,1,11,2
112,He (n=9) + He (n=1) → He (n=11) + He (n=1),He (n=9) + He (n=1),He (n=11) + He (n=1),20000.0,K,4.5e-11,cm3/s,1,9,1,11,2
113,He (n=9) + He (n=1) → He (n=1) + He (n=12),He (n=9) + He (n=1),He (n=1) + He (n=12),4000.0,K,2.1e-11,cm3/s,1,9,1,12,3
113,He (n=9) + He (n=1) → He (n=1) + He (n=12),He (n=9) + He (n=1),He (n=1) + He (n=12),4500.0,K,2.2e-11,cm3/s,1,9,1,12,3
113,He (n=9) + He (n=1) → He (n=1) + He (n=12),He (n=9) + He (n=1),He (n=1) + He (n=12),5000.0,K,2.2e-11,cm3/s,1,9,1,12,3
113,He (n=9) + He (n=1) → He (n=1) + He (n=12),He (n=9) + He (n=1),He (n=1) + He (n=12),6000.0,K,2.2e-11,cm3/s,1,9,1,12,3
113,He (n=9) + He (n=1) → He (n=1) + He (n=12),He (n=9) + He (n=1),He (n=1) + He (n=12),8000.0,K,2.3e-11,cm3/s,1,9,1,12,3
113,He (n=9) + He (n=1) → He (n=1) + He (n=12),He (n=9) + He (n=1),He (n=1) + He (n=12),10000.0,K,2.3e-11,cm3/s,1,9,1,12,3
113,He (n=9) + He (n=1) → He (n=1) + He (n=12),He (n=9) + He (n=1),He (n=1) + He (n=12),12000.0,K,2.3e-11,cm3/s,1,9,1,12,3
113,He (n=9) + He (n=1) → He (n=1) + He (n=12),He (n=9) + He (n=1),He (n=1) + He (n=12),16000.0,K,2.4e-11,cm3/s,1,9,1,12,3
113,He (n=9) + He (n=1) → He (n=1) + He (n=12),He (n=9) + He (n=1),He (n=1) + He (n=12),20000.0,K,2.4e-11,cm3/s,1,9,1,12,3
114,He (n=9) + He (n=1) → He (n=1) + He (n=13),He (n=9) + He (n=1),He (n=1) + He (n=13),4000.0,K,1.3e-11,cm3/s,1,9,1,13,4
114,He (n=9) + He (n=1) → He (n=1) + He (n=13),He (n=9) + He (n=1),He (n=1) + He (n=13),4500.0,K,1.3e-11,cm3/s,1,9,1,13,4
114,He (n=9) + He (n=1) → He (n=1) + He (n=13),He (n=9) + He (n=1),He (n=1) + He (n=13),5000.0,K,1.3e-11,cm3/s,1,9,1,13,4
114,He (n=9) + He (n=1) → He (n=1) + He (n=13),He (n=9) + He (n=1),He (n=1) + He (n=13),6000.0,K,1.4e-11,cm3/s,1,9,1,13,4
114,He (n=9) + He (n=1) → He (n=1) + He (n=13),He (n=9) + He (n=1),He (n=1) + He (n=13),8000.0,K,1.4e-11,cm3/s,1,9,1,13,4
114,He (n=9) + He (n=1) → He (n=1) + He (n=13),He (n=9) + He (n=1),He (n=1) + He (n=13),10000.0,K,1.4e-11,cm3/s,1,9,1,13,4
114,He (n=9) + He (n=1) → He (n=1) + He (n=13),He (n=9) + He (n=1),He (n=1) + He (n=13),12000.0,K,1.4e-11,cm3/s,1,9,1,13,4
114,He (n=9) + He (n=1) → He (n=1) + He (n=13),He (n=9) + He (n=1),He (n=1) + He (n=13),16000.0,K,1.5e-11,cm3/s,1,9,1,13,4
114,He (n=9) + He (n=1) → He (n=1) + He (n=13),He (n=9) + He (n=1),He (n=1) + He (n=13),20000.0,K,1.5e-11,cm3/s,1,9,1,13,4
115,He (n=9) + He (n=1) → He (n=1) + He (n=14),He (n=9) + He (n=1),He (n=1) + He (n=14),4000.0,K,9e-12,cm3/s,1,9,1,14,5
115,He (n=9) + He (n=1) → He (n=1) + He (n=14),He (n=9) + He (n=1),He (n=1) + He (n=14),4500.0,K,9e-12,cm3/s,1,9,1,14,5
115,He (n=9) + He (n=1) → He (n=1) + He (n=14),He (n=9) + He (n=1),He (n=1) + He (n=14),5000.0,K,9e-12,cm3/s,1,9,1,14,5
115,He (n=9) + He (n=1) → He (n=1) + He (n=14),He (n=9) + He (n=1),He (n=1) + He (n=14),6000.0,K,9e-12,cm3/s,1,9,1,14,5
115,He (n=9) + He (n=1) → He (n=1) + He (n=14),He (n=9) + He (n=1),He (n=1) + He (n=14),8000.0,K,9e-12,cm3/s,1,9,1,14,5
115,He (n=9) + He (n=1) → He (n=1) + He (n=14),He (n=9) + He (n=1),He (n=1) + He (n=14),10000.0,K,1e-11,cm3/s,1,9,1,14,5
115,He (n=9) + He (n=1) → He (n=1) + He (n=14),He (n=9) + He (n=1),He (n=1) + He (n=14),12000.0,K,1e-11,cm3/s,1,9,1,14,5
115,He (n=9) + He (n=1) → He (n=1) + He (n=14),He (n=9) + He (n=1),He (n=1) + He (n=14),16000.0,K,1e-11,cm3/s,1,9,1,14,5
115,He (n=9) + He (n=1) → He (n=1) + He (n=14),He (n=9) + He (n=1),He (n=1) + He (n=14),20000.0,K,1e-11,cm3/s,1,9,1,14,5
116,He (n=10) + He (n=1) → He (n=11) + He (n=1),He (n=10) + He (n=1),He (n=11) + He (n=1),4000.0,K,8.5e-11,cm3/s,1,10,1,11,1
116,He (n=10) + He (n=1) → He (n=11) + He (n=1),He (n=10) + He (n=1),He (n=11) + He (n=1),4500.0,K,8.6e-11,cm3/s,1,10,1,11,1
116,He (n=10) + He (n=1) → He (n=11) + He (n=1),He (n=10) + He (n=1),He (n=11) + He (n=1),5000.0,K,8.6e-11,cm3/s,1,10,1,11,1
116,He (n=10) + He (n=1) → He (n=11) + He (n=1),He (n=10) + He (n=1),He (n=11) + He (n=1),6000.0,K,8.6e-11,cm3/s,1,10,1,11,1
116,He (n=10) + He (n=1) → He (n=11) + He (n=1),He (n=10) + He (n=1),He (n=11) + He (n=1),8000.0,K,8.7e-11,cm3/s,1,10,1,11,1
116,He (n=10) + He (n=1) → He (n=11) + He (n=1),He (n=10) + He (n=1),He (n=11) + He (n=1),10000.0,K,8.7e-11,cm3/s,1,10,1,11,1
116,He (n=10) + He (n=1) → He (n=11) + He (n=1),He (n=10) + He (n=1),He (n=11) + He (n=1),12000.0,K,8.7e-11,cm3/s,1,10,1,11,1
116,He (n=10) + He (n=1) → He (n=11) + He (n=1),He (n=10) + He (n=1),He (n=11) + He (n=1),16000.0,K,8.8e-11,cm3/s,1,10,1,11,1
116,He (n=10) + He (n=1) → He (n=11) + He (n=1),He (n=10) + He (n=1),He (n=11) + He (n=1),20000.0,K,8.8e-11,cm3/s,1,10,1,11,1
117,He (n=10) + He (n=1) → He (n=1) + He (n=12),He (n=10) + He (n=1),He (n=1) + He (n=12),4000.0,K,3e-11,cm3/s,1,10,1,12,2
117,He (n=10) + He (n=1) → He (n=1) + He (n=12),He (n=10) + He (n=1),He (n=1) + He (n=12),4500.0,K,3e-11,cm3/s,1,10,1,12,2
117,He (n=10) + He (n=1) → He (n=1) + He (n=12),He (n=10) + He (n=1),He (n=1) + He (n=12),5000.0,K,3.1e-11,cm3/s,1,10,1,12,2
117,He (n=10) + He (n=1) → He (n=1) + He (n=12),He (n=10) + He (n=1),He (n=1) + He (n=12),6000.0,K,3.1e-11,cm3/s,1,10,1,12,2
117,He (n=10) + He (n=1) → He (n=1) + He (n=12),He (n=10) + He (n=1),He (n=1) + He (n=12),8000.0,K,3.1e-11,cm3/s,1,10,1,12,2
117,He (n=10) + He (n=1) → He (n=1) + He (n=12),He (n=10) + He (n=1),He (n=1) + He (n=12),10000.0,K,3.1e-11,cm3/s,1,10,1,12,2
117,He (n=10) + He (n=1) → He (n=1) + He (n=12),He (n=10) + He (n=1),He (n=1) + He (n=12),12000.0,K,3.2e-11,cm3/s,1,10,1,12,2
117,He (n=10) + He (n=1) → He (n=1) + He (n=12),He (n=10) + He (n=1),He (n=1) + He (n=12),16000.0,K,3.2e-11,cm3/s,1,10,1,12,2
117,He (n=10) + He (n=1) → He (n=1) + He (n=12),He (n=10) + He (n=1),He (n=1) + He (n=12),20000.0,K,3.2e-11,cm3/s,1,10,1,12,2
118,He (n=10) + He (n=1) → He (n=1) + He (n=13),He (n=10) + He (n=1),He (n=1) + He (n=13),4000.0,K,1.6e-11,cm3/s,1,10,1,13,3
118,He (n=10) + He (n=1) → He (n=1) + He (n=13),He (n=10) + He (n=1),He (n=1) + He (n=13),4500.0,K,1.6e-11,cm3/s,1,10,1,13,3
118,He (n=10) + He (n=1) → He (n=1) + He (n=13),He (n=10) + He (n=1),He (n=1) + He (n=13),5000.0,K,1.6e-11,cm3/s,1,10,1,13,3
118,He (n=10) + He (n=1) → He (n=1) + He (n=13),He (n=10) + He (n=1),He (n=1) + He (n=13),6000.0,K,1.6e-11,cm3/s,1,10,1,13,3
118,He (n=10) + He (n=1) → He (n=1) + He (n=13),He (n=10) + He (n=1),He (n=1) + He (n=13),8000.0,K,1.7e-11,cm3/s,1,10,1,13,3
118,He (n=10) + He (n=1) → He (n=1) + He (n=13),He (n=10) + He (n=1),He (n=1) + He (n=13),10000.0,K,1.7e-11,cm3/s,1,10,1,13,3
118,He (n=10) + He (n=1) → He (n=1) + He (n=13),He (n=10) + He (n=1),He (n=1) + He (n=13),12000.0,K,1.7e-11,cm3/s,1,10,1,13,3
118,He (n=10) + He (n=1) → He (n=1) + He (n=13),He (n=10) + He (n=1),He (n=1) + He (n=13),16000.0,K,1.7e-11,cm3/s,1,10,1,13,3
118,He (n=10) + He (n=1) → He (n=1) + He (n=13),He (n=10) + He (n=1),He (n=1) + He (n=13),20000.0,K,1.7e-11,cm3/s,1,10,1,13,3
119,He (n=10) + He (n=1) → He (n=1) + He (n=14),He (n=10) + He (n=1),He (n=1) + He (n=14),4000.0,K,1e-11,cm3/s,1,10,1,14,4
119,He (n=10) + He (n=1) → He (n=1) + He (n=14),He (n=10) + He (n=1),He (n=1) + He (n=14),4500.0,K,1e-11,cm3/s,1,10,1,14,4
119,He (n=10) + He (n=1) → He (n=1) + He (n=14),He (n=10) + He (n=1),He (n=1) + He (n=14),5000.0,K,1e-11,cm3/s,1,10,1,14,4
119,He (n=10) + He (n=1) → He (n=1) + He (n=14),He (n=10) + He (n=1),He (n=1) + He (n=14),6000.0,K,1e-11,cm3/s,1,10,1,14,4
119,He (n=10) + He (n=1) → He (n=1) + He (n=14),He (n=10) + He (n=1),He (n=1) + He (n=14),8000.0,K,1e-11,cm3/s,1,10,1,14,4
119,He (n=10) + He (n=1) → He (n=1) + He (n=14),He (n=10) + He (n=1),He (n=1) + He (n=14),10000.0,K,1e-11,cm3/s,1,10,1,14,4
119,He (n=10) + He (n=1) → He (n=1) + He (n=14),He (n=10) + He (n=1),He (n=1) + He (n=14),12000.0,K,1e-11,cm3/s,1,10,1,14,4
119,He (n=10) + He (n=1) → He (n=1) + He (n=14),He (n=10) + He (n=1),He (n=1) + He (n=14),16000.0,K,1.1e-11,cm3/s,1,10,1,14,4
119,He (n=10) + He (n=1) → He (n=1) + He (n=14),He (n=10) + He (n=1),He (n=1) + He (n=14),20000.0,K,1.1e-11,cm3/s,1,10,1,14,4
120,He (n=10) + He (n=1) → He (n=1) + He (n=15),He (n=10) + He (n=1),He (n=1) + He (n=15),4000.0,K,6e-12,cm3/s,1,10,1,15,5
120,He (n=10) + He (n=1) → He (n=1) + He (n=15),He (n=10) + He (n=1),He (n=1) + He (n=15),4500.0,K,7e-12,cm3/s,1,10,1,15,5
120,He (n=10) + He (n=1) → He (n=1) + He (n=15),He (n=10) + He (n=1),He (n=1) + He (n=15),5000.0,K,7e-12,cm3/s,1,10,1,15,5
120,He (n=10) + He (n=1) → He (n=1) + He (n=15),He (n=10) + He (n=1),He (n=1) + He (n=15),6000.0,K,7e-12,cm3/s,1,10,1,15,5
120,He (n=10) + He (n=1) → He (n=1) + He (n=15),He (n=10) + He (n=1),He (n=1) + He (n=15),8000.0,K,7e-12,cm3/s,1,10,1,15,5
120,He (n=10) + He (n=1) → He (n=1) + He (n=15),He (n=10) + He (n=1),He (n=1) + He (n=15),10000.0,K,7e-12,cm3/s,1,10,1,15,5
120,He (n=10) + He (n=1) → He (n=1) + He (n=15),He (n=10) + He (n=1),He (n=1) + He (n=15),12000.0,K,7e-12,cm3/s,1,10,1,15,5
120,He (n=10) + He (n=1) → He (n=1) + He (n=15),He (n=10) + He (n=1),He (n=1) + He (n=15),16000.0,K,7e-12,cm3/s,1,10,1,15,5
120,He (n=10) + He (n=1) → He (n=1) + He (n=15),He (n=10) + He (n=1),He (n=1) + He (n=15),20000.0,K,7e-12,cm3/s,1,10,1,15,5
