collision_id,reaction,reactants,products,x,x_unit,y,y_unit,reactant_n_min,reactant_n_max,product_n_min,product_n_max,delta_n_max
156,K (n=4) + K+ (n=3) → K (n=4) + K (n=6),K (n=4) + K+ (n=3),K (n=4) + K (n=6),500.0,K,3.5e-26,cm6/s,3,4,4,6,2
156,K (n=4) + K+ (n=3) → K (n=4) + K (n=6),K (n=4) + K+ (n=3),K (n=4) + K (n=6),600.0,K,2.9e-26,cm6/s,3,4,4,6,2
156,K (n=4) + K+ (n=3) → K (n=4) + K (n=6),K (n=4) + K+ (n=3),K (n=4) + K (n=6),700.0,K,2.4e-26,cm6/s,3,4,4,6,2
156,K (n=4) + K+ (n=3) → K (n=4) + K (n=6),K (n=4) + K+ (n=3),K (n=4) + K (n=6),800.0,K,2.1e-26,cm6/s,3,4,4,6,2
156,K (n=4) + K+ (n=3) → K (n=4) + K (n=6),K (n=4) + K+ (n=3),K (n=4) + K (n=6),900.0,K,1.9e-26,cm6/s,3,4,4,6,2
156,K (n=4) + K+ (n=3) → K (n=4) + K (n=6),K (n=4) + K+ (n=3),K (n=4) + K (n=6),1000.0,K,1.6e-26,cm6/s,3,4,4,6,2
156,K (n=4) + K+ (n=3) → K (n=4) + K (n=6),K (n=4) + K+ (n=3),K (n=4) + K (n=6),1500.0,K,1e-26,cm6/s,3,4,4,6,2
156,K (n=4) + K+ (n=3) → K (n=4) + K (n=6),K (n=4) + K+ (n=3),K (n=4) + K (n=6),2000.0,K,7.4e-27,cm6/s,3,4,4,6,2
156,K (n=4) + K+ (n=3) → K (n=4) + K (n=6),K (n=4) + K+ (n=3),K (n=4) + K (n=6),2500.0,K,5.6e-27,cm6/s,3,4,4,6,2
156,K (n=4) + K+ (n=3) → K (n=4) + K (n=6),K (n=4) + K+ (n=3),K (n=4) + K (n=6),3000.0,K,4.5e-27,cm6/s,3,4,4,6,2
156,K (n=4) + K+ (n=3) → K (n=4) + K (n=6),K (n=4) + K+ (n=3),K (n=4) + K (n=6),4000.0,K,3.1e-27,cm6/s,3,4,4,6,2
156,K (n=4) + K+ (n=3) → K (n=4) + K (n=6),K (n=4) + K+ (n=3),K (n=4) + K (n=6),5000.0,K,2.4e-27,cm6/s,3,4,4,6,2
157,K (n=4) + K+ (n=3) → K (n=4) + K (n=7),K (n=4) + K+ (n=3),K (n=4) + K (n=7),500.0,K,3.4e-26,cm6/s,3,4,4,7,3
157,K (n=4) + K+ (n=3) → K (n=4) + K (n=7),K (n=4) + K+ (n=3),K (n=4) + K (n=7),600.0,K,2.8e-26,cm6/s,3,4,4,7,3
157,K (n=4) + K+ (n=3) → K (n=4) + K (n=7),K (n=4) + K+ (n=3),K (n=4) + K (n=7),700.0,K,2.4e-26,cm6/s,3,4,4,7,3
157,K (n=4) + K+ (n=3) → K (n=4) + K (n=7),K (n=4) + K+ (n=3),K (n=4) + K (n=7),800.0,K,2e-26,cm6/s,3,4,4,7,3
157,K (n=4) + K+ (n=3) → K (n=4) + K (n=7),K (n=4) + K+ (n=3),K (n=4) + K (n=7),900.0,K,1.8e-26,cm6/s,3,4,4,7,3
157,K (n=4) + K+ (n=3) → K (n=4) + K (n=7),K (n=4) + K+ (n=3),K (n=4) + K (n=7),1000.0,K,1.6e-26,cm6/s,3,4,4,7,3
157,K (n=4) + K+ (n=3) → K (n=4) + K (n=7),K (n=4) + K+ (n=3),K (n=4) + K (n=7),1500.0,K,9.8e-27,cm6/s,3,4,4,7,3
157,K (n=4) + K+ (n=3) → K (n=4) + K (n=7),K (n=4) + K+ (n=3),K (n=4) + K (n=7),2000.0,K,6.9e-27,cm6/s,3,4,4,7,3
157,K (n=4) + K+ (n=3) → K (n=4) + K (n=7),K (n=4) + K+ (n=3),K (n=4) + K (n=7),2500.0,K,5.3e-27,cm6/s,3,4,4,7,3
157,K (n=4) + K+ (n=3) → K (n=4) + K (n=7),K (n=4) + K+ (n=3),K (n=4) + K (n=7),3000.0,K,4.2e-27,cm6/s,3,4,4,7,3
157,K (n=4) + K+ (n=3) → K (n=4) + K (n=7),K (n=4) + K+ (n=3),K (n=4) + K (n=7),4000.0,K,2.9e-27,cm6/s,3,4,4,7,3
157,K (n=4) + K+ (n=3) → K (n=4) + K (n=7),K (n=4) + K+ (n=3),K (n=4) + K (n=7),5000.0,K,2.2e-27,cm6/s,3,4,4,7,3
158,K (n=4) + K+ (n=3) → K (n=4) + K (n=8),K (n=4) + K+ (n=3),K (n=4) + K (n=8),500.0,K,3.2e-26,cm6/s,3,4,4,8,4
158,K (n=4) + K+ (n=3) → K (n=4) + K (n=8),K (n=4) + K+ (n=3),K (n=4) + K (n=8),600.0,K,2.6e-26,cm6/s,3,4,4,8,4
158,K (n=4) + K+ (n=3) → K (n=4) + K (n=8),K (n=4) + K+ (n=3),K (n=4) + K (n=8),700.0,K,2.2e-26,cm6/s,3,4,4,8,4
158,K (n=4) + K+ (n=3) → K (n=4) + K (n=8),K (n=4) + K+ (n=3),K (n=4) + K (n=8),800.0,K,1.9e-26,cm6/s,3,4,4,8,4
158,K (n=4) + K+ (n=3) → K (n=4) + K (n=8),K (n=4) + K+ (n=3),K (n=4) + K (n=8),900.0,K,1.7e-26,cm6/s,3,4,4,8,4
158,K (n=4) + K+ (n=3) → K (n=4) + K (n=8),K (n=4) + K+ (n=3),K (n=4) + K (n=8),1000.0,K,1.5e-26,cm6/s,3,4,4,8,4
158,K (n=4) + K+ (n=3) → K (n=4) + K (n=8),K (n=4) + K+ (n=3),K (n=4) + K (n=8),1500.0,K,9.1e-27,cm6/s,3,4,4,8,4
158,K (n=4) + K+ (n=3) → K (n=4) + K (n=8),K (n=4) + K+ (n=3),K (n=4) + K (n=8),2000.0,K,6.4e-27,cm6/s,3,4,4,8,4
158,K (n=4) + K+ (n=3) → K (n=4) + K (n=8),K (n=4) + K+ (n=3),K (n=4) + K (n=8),2500.0,K,4.9e-27,cm6/s,3,4,4,8,4
158,K (n=4) + K+ (n=3) → K (n=4) + K (n=8),K (n=4) + K+ (n=3),K (n=4) + K (n=8),3000.0,K,3.9e-27,cm6/s,3,4,4,8,4
158,K (n=4) + K+ (n=3) → K (n=4) + K (n=8),K (n=4) + K+ (n=3),K (n=4) + K (n=8),4000.0,K,2.7e-27,cm6/s,3,4,4,8,4
158,K (n=4) + K+ (n=3) → K (n=4) + K (n=8),K (n=4) + K+ (n=3),K (n=4) + K (n=8),5000.0,K,2e-27,cm6/s,3,4,4,8,4
159,K (n=4) + K+ (n=3) → K (n=4) + K (n=9),K (n=4) + K+ (n=3),K (n=4) + K (n=9),500.0,K,3e-26,cm6/s,3,4,4,9,5
159,K (n=4) + K+ (n=3) → K (n=4) + K (n=9),K (n=4) + K+ (n=3),K (n=4) + K (n=9),600.0,K,2.4e-26,cm6/s,3,4,4,9,5
159,K (n=4) + K+ (n=3) → K (n=4) + K (n=9),K (n=4) + K+ (n=3),K (n=4) + K (n=9),700.0,K,2.1e-26,cm6/s,3,4,4,9,5
159,K (n=4) + K+ (n=3) → K (n=4) + K (n=9),K (n=4) + K+ (n=3),K (n=4) + K (n=9),800.0,K,1.8e-26,cm6/s,3,4,4,9,5
159,K (n=4) + K+ (n=3) → K (n=4) + K (n=9),K (n=4) + K+ (n=3),K (n=4) + K (n=9),900.0,K,1.5e-26,cm6/s,3,4,4,9,5
159,K (n=4) + K+ (n=3) → K (n=4) + K (n=9),K (n=4) + K+ (n=3),K (n=4) + K (n=9),1000.0,K,1.4e-26,cm6/s,3,4,4,9,5
159,K (n=4) + K+ (n=3) → K (n=4) + K (n=9),K (n=4) + K+ (n=3),K (n=4) + K (n=9),1500.0,K,8.3e-27,cm6/s,3,4,4,9,5
159,K (n=4) + K+ (n=3) → K (n=4) + K (n=9),K (n=4) + K+ (n=3),K (n=4) + K (n=9),2000.0,K,5.8e-27,cm6/s,3,4,4,9,5
159,K (n=4) + K+ (n=3) → K (n=4) + K (n=9),K (n=4) + K+ (n=3),K (n=4) + K (n=9),2500.0,K,4.4e-27,cm6/s,3,4,4,9,5
159,K (n=4) + K+ (n=3) → K (n=4) + K (n=9),K (n=4) + K+ (n=3),K (n=4) + K (n=9),3000.0,K,3.5e-27,cm6/s,3,4,4,9,5
159,K (n=4) + K+ (n=3) → K (n=4) + K (n=9),K (n=4) + K+ (n=3),K (n=4) + K (n=9),4000.0,K,2.4e-27,cm6/s,3,4,4,9,5
159,K (n=4) + K+ (n=3) → K (n=4) + K (n=9),K (n=4) + K+ (n=3),K (n=4) + K (n=9),5000.0,K,1.8e-27,cm6/s,3,4,4,9,5
160,K (n=4) + K+ (n=3) → K (n=4) + K (n=10),K (n=4) + K+ (n=3),K (n=4) + K (n=10),500.0,K,2.8e-26,cm6/s,3,4,4,10,6
160,K (n=4) + K+ (n=3) → K (n=4) + K (n=10),K (n=4) + K+ (n=3),K (n=4) + K (n=10),600.0,K,2.3e-26,cm6/s,3,4,4,10,6
160,K (n=4) + K+ (n=3) → K (n=4) + K (n=10),K (n=4) + K+ (n=3),K (n=4) + K (n=10),700.0,K,1.9e-26,cm6/s,3,4,4,10,6
160,K (n=4) + K+ (n=3) → K (n=4) + K (n=10),K (n=4) + K+ (n=3),K (n=4) + K (n=10),800.0,K,1.6e-26,cm6/s,3,4,4,10,6
160,K (n=4) + K+ (n=3) → K (n=4) + K (n=10),K (n=4) + K+ (n=3),K (n=4) + K (n=10),900.0,K,1.4e-26,cm6/s,3,4,4,10,6
160,K (n=4) + K+ (n=3) → K (n=4) + K (n=10),K (n=4) + K+ (n=3),K (n=4) + K (n=10),1000.0,K,1.2e-26,cm6/s,3,4,4,10,6
160,K (n=4) + K+ (n=3) → K (n=4) + K (n=10),K (n=4) + K+ (n=3),K (n=4) + K (n=10),1500.0,K,7.6e-27,cm6/s,3,4,4,10,6
160,K (n=4) + K+ (n=3) → K (n=4) + K (n=10),K (n=4) + K+ (n=3),K (n=4) + K (n=10),2000.0,K,5.3e-27,cm6/s,3,4,4,10,6
160,K (n=4) + K+ (n=3) → K (n=4) + K (n=10),K (n=4) + K+ (n=3),K (n=4) + K (n=10),2500.0,K,4e-27,cm6/s,3,4,4,10,6
160,K (n=4) + K+ (n=3) → K (n=4) + K (n=10),K (n=4) + K+ (n=3),K (n=4) + K (n=10),3000.0,K,3.1e-27,cm6/s,3,4,4,10,6
160,K (n=4) + K+ (n=3) → K (n=4) + K (n=10),K (n=4) + K+ (n=3),K (n=4) + K (n=10),4000.0,K,2.2e-27,cm6/s,3,4,4,10,6
160,K (n=4) + K+ (n=3) → K (n=4) + K (n=10),K (n=4) + K+ (n=3),K (n=4) + K (n=10),5000.0,K,1.6e-27,cm6/s,3,4,4,10,6
161,K (n=4) + K+ (n=3) → K (n=4) + K (n=11),K (n=4) + K+ (n=3),K (n=4) + K (n=11),500.0,K,2.6e-26,cm6/s,3,4,4,11,7
161,K (n=4) + K+ (n=3) → K (n=4) + K (n=11),K (n=4) + K+ (n=3),K (n=4) + K (n=11),600.0,K,2.1e-26,cm6/s,3,4,4,11,7
161,K (n=4) + K+ (n=3) → K (n=4) + K (n=11),K (n=4) + K+ (n=3),K (n=4) + K (n=11),700.0,K,1.7e-26,cm6/s,3,4,4,11,7
161,K (n=4) + K+ (n=3) → K (n=4) + K (n=11),K (n=4) + K+ (n=3),K (n=4) + K (n=11),800.0,K,1.5e-26,cm6/s,3,4,4,11,7
161,K (n=4) + K+ (n=3) → K (n=4) + K (n=11),K (n=4) + K+ (n=3),K (n=4) + K (n=11),900.0,K,1.3e-26,cm6/s,3,4,4,11,7
161,K (n=4) + K+ (n=3) → K (n=4) + K (n=11),K (n=4) + K+ (n=3),K (n=4) + K (n=11),1000.0,K,1.1e-26,cm6/s,3,4,4,11,7
161,K (n=4) + K+ (n=3) → K (n=4) + K (n=11),K (n=4) + K+ (n=3),K (n=4) + K (n=11),1500.0,K,6.9e-27,cm6/s,3,4,4,11,7
161,K (n=4) + K+ (n=3) → K (n=4) + K (n=11),K (n=4) + K+ (n=3),K (n=4) + K (n=11),2000.0,K,4.8e-27,cm6/s,3,4,4,11,7
161,K (n=4) + K+ (n=3) → K (n=4) + K (n=11),K (n=4) + K+ (n=3),K (n=4) + K (n=11),2500.0,K,3.6e-27,cm6/s,3,4,4,11,7
161,K (n=4) + K+ (n=3) → K (n=4) + K (n=11),K (n=4) + K+ (n=3),K (n=4) + K (n=11),3000.0,K,2.8e-27,cm6/s,3,4,4,11,7
161,K (n=4) + K+ (n=3) → K (n=4) + K (n=11),K (n=4) + K+ (n=3),K (n=4) + K (n=11),4000.0,K,1.9e-27,cm6/s,3,4,4,11,7
161,K (n=4) + K+ (n=3) → K (n=4) + K (n=11),K (n=4) + K+ (n=3),K (n=4) + K (n=11),5000.0,K,1.4e-27,cm6/s,3,4,4,11,7
162,K (n=4) + K+ (n=3) → K (n=4) + K (n=12),K (n=4) + K+ (n=3),K (n=4) + K (n=12),500.0,K,2.4e-26,cm6/s,3,4,4,12,8
162,K (n=4) + K+ (n=3) → K (n=4) + K (n=12),K (n=4) + K+ (n=3),K (n=4) + K (n=12),600.0,K,1.9e-26,cm6/s,3,4,4,12,8
162,K (n=4) + K+ (n=3) → K (n=4) + K (n=12),K (n=4) + K+ (n=3),K (n=4) + K (n=12),700.0,K,1.6e-26,cm6/s,3,4,4,12,8
162,K (n=4) + K+ (n=3) → K (n=4) + K (n=12),K (n=4) + K+ (n=3),K (n=4) + K (n=12),800.0,K,1.4e-26,cm6/s,3,4,4,12,8
162,K (n=4) + K+ (n=3) → K (n=4) + K (n=12),K (n=4) + K+ (n=3),K (n=4) + K (n=12),900.0,K,1.2e-26,cm6/s,3,4,4,12,8
162,K (n=4) + K+ (n=3) → K (n=4) + K (n=12),K (n=4) + K+ (n=3),K (n=4) + K (n=12),1000.0,K,1e-26,cm6/s,3,4,4,12,8
162,K (n=4) + K+ (n=3) → K (n=4) + K (n=12),K (n=4) + K+ (n=3),K (n=4) + K (n=12),1500.0,K,6.3e-27,cm6/s,3,4,4,12,8
162,K (n=4) + K+ (n=3) → K (n=4) + K (n=12),K (n=4) + K+ (n=3),K (n=4) + K (n=12),2000.0,K,4.3e-27,cm6/s,3,4,4,12,8
162,K (n=4) + K+ (n=3) → K (n=4) + K (n=12),K (n=4) + K+ (n=3),K (n=4) + K (n=12),2500.0,K,3.3e-27,cm6/s,3,4,4,12,8
162,K (n=4) + K+ (n=3) → K (n=4) + K (n=12),K (n=4) + K+ (n=3),K (n=4) + K (n=12),3000.0,K,2.6e-27,cm6/s,3,4,4,12,8
162,K (n=4) + K+ (n=3) → K (n=4) + K (n=12),K (n=4) + K+ (n=3),K (n=4) + K (n=12),4000.0,K,1.7e-27,cm6/s,3,4,4,12,8
162,K (n=4) + K+ (n=3) → K (n=4) + K (n=12),K (n=4) + K+ (n=3),K (n=4) + K (n=12),5000.0,K,1.3e-27,cm6/s,3,4,4,12,8
163,K (n=4) + K+ (n=3) → K (n=4) + K (n=13),K (n=4) + K+ (n=3),K (n=4) + K (n=13),500.0,K,2.2e-26,cm6/s,3,4,4,13,9
163,K (n=4) + K+ (n=3) → K (n=4) + K (n=13),K (n=4) + K+ (n=3),K (n=4) + K (n=13),600.0,K,1.7e-26,cm6/s,3,4,4,13,9
163,K (n=4) + K+ (n=3) → K (n=4) + K (n=13),K (n=4) + K+ (n=3),K (n=4) + K (n=13),700.0,K,1.5e-26,cm6/s,3,4,4,13,9
163,K (n=4) + K+ (n=3) → K (n=4) + K (n=13),K (n=4) + K+ (n=3),K (n=4) + K (n=13),800.0,K,1.2e-26,cm6/s,3,4,4,13,9
163,K (n=4) + K+ (n=3) → K (n=4) + K (n=13),K (n=4) + K+ (n=3),K (n=4) + K (n=13),900.0,K,1.1e-26,cm6/s,3,4,4,13,9
163,K (n=4) + K+ (n=3) → K (n=4) + K (n=13),K (n=4) + K+ (n=3),K (n=4) + K (n=13),1000.0,K,9.5e-27,cm6/s,3,4,4,13,9
163,K (n=4) + K+ (n=3) → K (n=4) + K (n=13),K (n=4) + K+ (n=3),K (n=4) + K (n=13),1500.0,K,5.7e-27,cm6/s,3,4,4,13,9
163,K (n=4) + K+ (n=3) → K (n=4) + K (n=13),K (n=4) + K+ (n=3),K (n=4) + K (n=13),2000.0,K,3.9e-27,cm6/s,3,4,4,13,9
163,K (n=4) + K+ (n=3) → K (n=4) + K (n=13),K (n=4) + K+ (n=3),K (n=4) + K (n=13),2500.0,K,2.9e-27,cm6/s,3,4,4,13,9
163,K (n=4) + K+ (n=3) → K (n=4) + K (n=13),K (n=4) + K+ (n=3),K (n=4) + K (n=13),3000.0,K,2.3e-27,cm6/s,3,4,4,13,9
163,K (n=4) + K+ (n=3) → K (n=4) + K (n=13),K (n=4) + K+ (n=3),K (n=4) + K (n=13),4000.0,K,1.6e-27,cm6/s,3,4,4,13,9
163,K (n=4) + K+ (n=3) → K (n=4) + K (n=13),K (n=4) + K+ (n=3),K (n=4) + K (n=13),5000.0,K,1.2e-27,cm6/s,3,4,4,13,9
164,K (n=4) + K+ (n=3) → K (n=4) + K (n=14),K (n=4) + K+ (n=3),K (n=4) + K (n=14),500.0,K,2e-26,cm6/s,3,4,4,14,10
164,K (n=4) + K+ (n=3) → K (n=4) + K (n=14),K (n=4) + K+ (n=3),K (n=4) + K (n=14),600.0,K,1.6e-26,cm6/s,3,4,4,14,10
164,K (n=4) + K+ (n=3) → K (n=4) + K (n=14),K (n=4) + K+ (n=3),K (n=4) + K (n=14),700.0,K,1.3e-26,cm6/s,3,4,4,14,10
164,K (n=4) + K+ (n=3) → K (n=4) + K (n=14),K (n=4) + K+ (n=3),K (n=4) + K (n=14),800.0,K,1.1e-26,cm6/s,3,4,4,14,10
164,K (n=4) + K+ (n=3) → K (n=4) + K (n=14),K (n=4) + K+ (n=3),K (n=4) + K (n=14),900.0,K,9.8e-27,cm6/s,3,4,4,14,10
164,K (n=4) + K+ (n=3) → K (n=4) + K (n=14),K (n=4) + K+ (n=3),K (n=4) + K (n=14),1000.0,K,8.6e-27,cm6/s,3,4,4,14,10
164,K (n=4) + K+ (n=3) → K (n=4) + K (n=14),K (n=4) + K+ (n=3),K (n=4) + K (n=14),1500.0,K,5.2e-27,cm6/s,3,4,4,14,10
164,K (n=4) + K+ (n=3) → K (n=4) + K (n=14),K (n=4) + K+ (n=3),K (n=4) + K (n=14),2000.0,K,3.6e-27,cm6/s,3,4,4,14,10
164,K (n=4) + K+ (n=3) → K (n=4) + K (n=14),K (n=4) + K+ (n=3),K (n=4) + K (n=14),2500.0,K,2.7e-27,cm6/s,3,4,4,14,10
164,K (n=4) + K+ (n=3) → K (n=4) + K (n=14),K (n=4) + K+ (n=3),K (n=4) + K (n=14),3000.0,K,2.1e-27,cm6/s,3,4,4,14,10
164,K (n=4) + K+ (n=3) → K (n=4) + K (n=14),K (n=4) + K+ (n=3),K (n=4) + K (n=14),4000.0,K,1.4e-27,cm6/s,3,4,4,14,10
164,K (n=4) + K+ (n=3) → K (n=4) + K (n=14),K (n=4) + K+ (n=3),K (n=4) + K (n=14),5000.0,K,1e-27,cm6/s,3,4,4,14,10
165,K (n=4) + K+ (n=3) → K (n=4) + K (n=15),K (n=4) + K+ (n=3),K (n=4) + K (n=15),500.0,K,1.8e-26,cm6/s,3,4,4,15,11
165,K (n=4) + K+ (n=3) → K (n=4) + K (n=15),K (n=4) + K+ (n=3),K (n=4) + K (n=15),600.0,K,1.5e-26,cm6/s,3,4,4,15,11
165,K (n=4) + K+ (n=3) → K (n=4) + K (n=15),K (n=4) + K+ (n=3),K (n=4) + K (n=15),700.0,K,1.2e-26,cm6/s,3,4,4,15,11
165,K (n=4) + K+ (n=3) → K (n=4) + K (n=15),K (n=4) + K+ (n=3),K (n=4) + K (n=15),800.0,K,1e-26,cm6/s,3,4,4,15,11
165,K (n=4) + K+ (n=3) → K (n=4) + K (n=15),K (n=4) + K+ (n=3),K (n=4) + K (n=15),900.0,K,9e-27,cm6/s,3,4,4,15,11
165,K (n=4) + K+ (n=3) → K (n=4) + K (n=15),K (n=4) + K+ (n=3),K (n=4) + K (n=15),1000.0,K,7.9e-27,cm6/s,3,4,4,15,11
165,K (n=4) + K+ (n=3) → K (n=4) + K (n=15),K (n=4) + K+ (n=3),K (n=4) + K (n=15),1500.0,K,4.7e-27,cm6/s,3,4,4,15,11
165,K (n=4) + K+ (n=3) → K (n=4) + K (n=15),K (n=4) + K+ (n=3),K (n=4) + K (n=15),2000.0,K,3.2e-27,cm6/s,3,4,4,15,11
165,K (n=4) + K+ (n=3) → K (n=4) + K (n=15),K (n=4) + K+ (n=3),K (n=4) + K (n=15),2500.0,K,2.4e-27,cm6/s,3,4,4,15,11
165,K (n=4) + K+ (n=3) → K (n=4) + K (n=15),K (n=4) + K+ (n=3),K (n=4) + K (n=15),3000.0,K,1.9e-27,cm6/s,3,4,4,15,11
165,K (n=4) + K+ (n=3) → K (n=4) + K (n=15),K (n=4) + K+ (n=3),K (n=4) + K (n=15),4000.0,K,1.3e-27,cm6/s,3,4,4,15,11
165,K (n=4) + K+ (n=3) → K (n=4) + K (n=15),K (n=4) + K+ (n=3),K (n=4) + K (n=15),5000.0,K,9.4e-28,cm6/s,3,4,4,15,11
166,K (n=4) + K+ (n=3) → K (n=4) + K (n=16),K (n=4) + K+ (n=3),K (n=4) + K (n=16),500.0,K,1.7e-26,cm6/s,3,4,4,16,12
166,K (n=4) + K+ (n=3) → K (n=4) + K (n=16),K (n=4) + K+ (n=3),K (n=4) + K (n=16),600.0,K,1.4e-26,cm6/s,3,4,4,16,12
166,K (n=4) + K+ (n=3) → K (n=4) + K (n=16),K (n=4) + K+ (n=3),K (n=4) + K (n=16),700.0,K,1.1e-26,cm6/s,3,4,4,16,12
166,K (n=4) + K+ (n=3) → K (n=4) + K (n=16),K (n=4) + K+ (n=3),K (n=4) + K (n=16),800.0,K,9.6e-27,cm6/s,3,4,4,16,12
166,K (n=4) + K+ (n=3) → K (n=4) + K (n=16),K (n=4) + K+ (n=3),K (n=4) + K (n=16),900.0,K,8.3e-27,cm6/s,3,4,4,16,12
166,K (n=4) + K+ (n=3) → K (n=4) + K (n=16),K (n=4) + K+ (n=3),K (n=4) + K (n=16),1000.0,K,7.3e-27,cm6/s,3,4,4,16,12
166,K (n=4) + K+ (n=3) → K (n=4) + K (n=16),K (n=4) + K+ (n=3),K (n=4) + K (n=16),1500.0,K,4.3e-27,cm6/s,3,4,4,16,12
166,K (n=4) + K+ (n=3) → K (n=4) + K (n=16),K (n=4) + K+ (n=3),K (n=4) + K (n=16),2000.0,K,3e-27,cm6/s,3,4,4,16,12
166,K (n=4) + K+ (n=3) → K (n=4) + K (n=16),K (n=4) + K+ (n=3),K (n=4) + K (n=16),2500.0,K,2.2e-27,cm6/s,3,4,4,16,12
166,K (n=4) + K+ (n=3) → K (n=4) + K (n=16),K (n=4) + K+ (n=3),K (n=4) + K (n=16),3000.0,K,1.7e-27,cm6/s,3,4,4,16,12
166,K (n=4) + K+ (n=3) → K (n=4) + K (n=16),K (n=4) + K+ (n=3),K (n=4) + K (n=16),4000.0,K,1.2e-27,cm6/s,3,4,4,16,12
166,K (n=4) + K+ (n=3) → K (n=4) + K (n=16),K (n=4) + K+ (n=3),K (n=4) + K (n=16),5000.0,K,8.5e-28,cm6/s,3,4,4,16,12
167,K (n=4) + K+ (n=3) → K (n=4) + K (n=17),K (n=4) + K+ (n=3),K (n=4) + K (n=17),500.0,K,1.6e-26,cm6/s,3,4,4,17,13
167,K (n=4) + K+ (n=3) → K (n=4) + K (n=17),K (n=4) + K+ (n=3),K (n=4) + K (n=17),600.0,K,1.3e-26,cm6/s,3,4,4,17,13
167,K (n=4) + K+ (n=3) → K (n=4) + K (n=17),K (n=4) + K+ (n=3),K (n=4) + K (n=17),700.0,K,1e-26,cm6/s,3,4,4,17,13
167,K (n=4) + K+ (n=3) → K (n=4) + K (n=17),K (n=4) + K+ (n=3),K (n=4) + K (n=17),800.0,K,8.8e-27,cm6/s,3,4,4,17,13
167,K (n=4) + K+ (n=3) → K (n=4) + K (n=17),K (n=4) + K+ (n=3),K (n=4) + K (n=17),900.0,K,7.6e-27,cm6/s,3,4,4,17,13
167,K (n=4) + K+ (n=3) → K (n=4) + K (n=17),K (n=4) + K+ (n=3),K (n=4) + K (n=17),1000.0,K,6.7e-27,cm6/s,3,4,4,17,13
167,K (n=4) + K+ (n=3) → K (n=4) + K (n=17),K (n=4) + K+ (n=3),K (n=4) + K (n=17),1500.0,K,4e-27,cm6/s,3,4,4,17,13
167,K (n=4) + K+ (n=3) → K (n=4) + K (n=17),K (n=4) + K+ (n=3),K (n=4) + K (n=17),2000.0,K,2.7e-27,cm6/s,3,4,4,17,13
167,K (n=4) + K+ (n=3) → K (n=4) + K (n=17),K (n=4) + K+ (n=3),K (n=4) + K (n=17),2500.0,K,2e-27,cm6/s,3,4,4,17,13
167,K (n=4) + K+ (n=3) → K (n=4) + K (n=17),K (n=4) + K+ (n=3),K (n=4) + K (n=17),3000.0,K,1.6e-27,cm6/s,3,4,4,17,13
167,K (n=4) + K+ (n=3) → K (n=4) + K (n=17),K (n=4) + K+ (n=3),K (n=4) + K (n=17),4000.0,K,1.1e-27,cm6/s,3,4,4,17,13
167,K (n=4) + K+ (n=3) → K (n=4) + K (n=17),K (n=4) + K+ (n=3),K (n=4) + K (n=17),5000.0,K,7.7e-28,cm6/s,3,4,4,17,13
168,K (n=4) + K+ (n=3) → K (n=4) + K (n=18),K (n=4) + K+ (n=3),K (n=4) + K (n=18),500.0,K,1.5e-26,cm6/s,3,4,4,18,14
168,K (n=4) + K+ (n=3) → K (n=4) + K (n=18),K (n=4) + K+ (n=3),K (n=4) + K (n=18),600.0,K,1.2e-26,cm6/s,3,4,4,18,14
168,K (n=4) + K+ (n=3) → K (n=4) + K (n=18),K (n=4) + K+ (n=3),K (n=4) + K (n=18),700.0,K,9.6e-27,cm6/s,3,4,4,18,14
168,K (n=4) + K+ (n=3) → K (n=4) + K (n=18),K (n=4) + K+ (n=3),K (n=4) + K (n=18),800.0,K,8.1e-27,cm6/s,3,4,4,18,14
168,K (n=4) + K+ (n=3) → K (n=4) + K (n=18),K (n=4) + K+ (n=3),K (n=4) + K (n=18),900.0,K,7e-27,cm6/s,3,4,4,18,14
168,K (n=4) + K+ (n=3) → K (n=4) + K (n=18),K (n=4) + K+ (n=3),K (n=4) + K (n=18),1000.0,K,6.1e-27,cm6/s,3,4,4,18,14
168,K (n=4) + K+ (n=3) → K (n=4) + K (n=18),K (n=4) + K+ (n=3),K (n=4) + K (n=18),1500.0,K,3.6e-27,cm6/s,3,4,4,18,14
168,K (n=4) + K+ (n=3) → K (n=4) + K (n=18),K (n=4) + K+ (n=3),K (n=4) + K (n=18),2000.0,K,2.5e-27,cm6/s,3,4,4,18,14
168,K (n=4) + K+ (n=3) → K (n=4) + K (n=18),K (n=4) + K+ (n=3),K (n=4) + K (n=18),2500.0,K,1.8e-27,cm6/s,3,4,4,18,14
168,K (n=4) + K+ (n=3) → K (n=4) + K (n=18),K (n=4) + K+ (n=3),K (n=4) + K (n=18),3000.0,K,1.4e-27,cm6/s,3,4,4,18,14
168,K (n=4) + K+ (n=3) → K (n=4) + K (n=18),K (n=4) + K+ (n=3),K (n=4) + K (n=18),4000.0,K,9.6e-28,cm6/s,3,4,4,18,14
168,K (n=4) + K+ (n=3) → K (n=4) + K (n=18),K (n=4) + K+ (n=3),K (n=4) + K (n=18),5000.0,K,7e-28,cm6/s,3,4,4,18,14
169,K (n=4) + K+ (n=3) → K (n=4) + K (n=19),K (n=4) + K+ (n=3),K (n=4) + K (n=19),500.0,K,1.3e-26,cm6/s,3,4,4,19,15
169,K (n=4) + K+ (n=3) → K (n=4) + K (n=19),K (n=4) + K+ (n=3),K (n=4) + K (n=19),600.0,K,1.1e-26,cm6/s,3,4,4,19,15
169,K (n=4) + K+ (n=3) → K (n=4) + K (n=19),K (n=4) + K+ (n=3),K (n=4) + K (n=19),700.0,K,8.9e-27,cm6/s,3,4,4,19,15
169,K (n=4) + K+ (n=3) → K (n=4) + K (n=19),K (n=4) + K+ (n=3),K (n=4) + K (n=19),800.0,K,7.5e-27,cm6/s,3,4,4,19,15
169,K (n=4) + K+ (n=3) → K (n=4) + K (n=19),K (n=4) + K+ (n=3),K (n=4) + K (n=19),900.0,K,6.5e-27,cm6/s,3,4,4,19,15
169,K (n=4) + K+ (n=3) → K (n=4) + K (n=19),K (n=4) + K+ (n=3),K (n=4) + K (n=19),1000.0,K,5.6e-27,cm6/s,3,4,4,19,15
169,K (n=4) + K+ (n=3) → K (n=4) + K (n=19),K (n=4) + K+ (n=3),K (n=4) + K (n=19),1500.0,K,3.3e-27,cm6/s,3,4,4,19,15
169,K (n=4) + K+ (n=3) → K (n=4) + K (n=19),K (n=4) + K+ (n=3),K (n=4) + K (n=19),2000.0,K,2.3e-27,cm6/s,3,4,4,19,15
169,K (n=4) + K+ (n=3) → K (n=4) + K (n=19),K (n=4) + K+ (n=3),K (n=4) + K (n=19),2500.0,K,1.7e-27,cm6/s,3,4,4,19,15
169,K (n=4) + K+ (n=3) → K (n=4) + K (n=19),K (n=4) + K+ (n=3),K (n=4) + K (n=19),3000.0,K,1.3e-27,cm6/s,3,4,4,19,15
169,K (n=4) + K+ (n=3) → K (n=4) + K (n=19),K (n=4) + K+ (n=3),K (n=4) + K (n=19),4000.0,K,8.8e-28,cm6/s,3,4,4,19,15
169,K (n=4) + K+ (n=3) → K (n=4) + K (n=19),K (n=4) + K+ (n=3),K (n=4) + K (n=19),5000.0,K,6.4e-28,cm6/s,3,4,4,19,15
170,K (n=4) + K+ (n=3) → K (n=4) + K (n=20),K (n=4) + K+ (n=3),K (n=4) + K (n=20),500.0,K,1.2e-26,cm6/s,3,4,4,20,16
170,K (n=4) + K+ (n=3) → K (n=4) + K (n=20),K (n=4) + K+ (n=3),K (n=4) + K (n=20),600.0,K,1e-26,cm6/s,3,4,4,20,16
170,K (n=4) + K+ (n=3) → K (n=4) + K (n=20),K (n=4) + K+ (n=3),K (n=4) + K (n=20),700.0,K,8.2e-27,cm6/s,3,4,4,20,16
170,K (n=4) + K+ (n=3) → K (n=4) + K (n=20),K (n=4) + K+ (n=3),K (n=4) + K (n=20),800.0,K,6.9e-27,cm6/s,3,4,4,20,16
170,K (n=4) + K+ (n=3) → K (n=4) + K (n=20),K (n=4) + K+ (n=3),K (n=4) + K (n=20),900.0,K,6e-27,cm6/s,3,4,4,20,16
170,K (n=4) + K+ (n=3) → K (n=4) + K (n=20),K (n=4) + K+ (n=3),K (n=4) + K (n=20),1000.0,K,5.2e-27,cm6/s,3,4,4,20,16
170,K (n=4) + K+ (n=3) → K (n=4) + K (n=20),K (n=4) + K+ (n=3),K (n=4) + K (n=20),1500.0,K,3.1e-27,cm6/s,3,4,4,20,16
170,K (n=4) + K+ (n=3) → K (n=4) + K (n=20),K (n=4) + K+ (n=3),K (n=4) + K (n=20),2000.0,K,2.1e-27,cm6/s,3,4,4,20,16
170,K (n=4) + K+ (n=3) → K (n=4) + K (n=20),K (n=4) + K+ (n=3),K (n=4) + K (n=20),2500.0,K,1.5e-27,cm6/s,3,4,4,20,16
170,K (n=4) + K+ (n=3) → K (n=4) + K (n=20),K (n=4) + K+ (n=3),K (n=4) + K (n=20),3000.0,K,1.2e-27,cm6/s,3,4,4,20,16
170,K (n=4) + K+ (n=3) → K (n=4) + K (n=20),K (n=4) + K+ (n=3),K (n=4) + K (n=20),4000.0,K,8e-28,cm6/s,3,4,4,20,16
170,K (n=4) + K+ (n=3) → K (n=4) + K (n=20),K (n=4) + K+ (n=3),K (n=4) + K (n=20),5000.0,K,5.9e-28,cm6/s,3,4,4,20,16
186,Li (n=2) + Li+ (n=1) → Li (n=2) + Li (n=6),Li (n=2) + Li+ (n=1),Li (n=2) + Li (n=6),500.0,K,1.4e-26,cm6/s,1,2,2,6,4
186,Li (n=2) + Li+ (n=1) → Li (n=2) + Li (n=6),Li (n=2) + Li+ (n=1),Li (n=2) + Li (n=6),600.0,K,1.1e-26,cm6/s,1,2,2,6,4
186,Li (n=2) + Li+ (n=1) → Li (n=2) + Li (n=6),Li (n=2) + Li+ (n=1),Li (n=2) + Li (n=6),700.0,K,9.7e-27,cm6/s,1,2,2,6,4
186,Li (n=2) + Li+ (n=1) → Li (n=2) + Li (n=6),Li (n=2) + Li+ (n=1),Li (n=2) + Li (n=6),800.0,K,8.4e-27,cm6/s,1,2,2,6,4
186,Li (n=2) + Li+ (n=1) → Li (n=2) + Li (n=6),Li (n=2) + Li+ (n=1),Li (n=2) + Li (n=6),900.0,K,7.4e-27,cm6/s,1,2,2,6,4
186,Li (n=2) + Li+ (n=1) → Li (n=2) + Li (n=6),Li (n=2) + Li+ (n=1),Li (n=2) + Li (n=6),1000.0,K,6.5e-27,cm6/s,1,2,2,6,4
186,Li (n=2) + Li+ (n=1) → Li (n=2) + Li (n=6),Li (n=2) + Li+ (n=1),Li (n=2) + Li (n=6),1500.0,K,4.1e-27,cm6/s,1,2,2,6,4
186,Li (n=2) + Li+ (n=1) → Li (n=2) + Li (n=6),Li (n=2) + Li+ (n=1),Li (n=2) + Li (n=6),2000.0,K,2.9e-27,cm6/s,1,2,2,6,4
186,Li (n=2) + Li+ (n=1) → Li (n=2) + Li (n=6),Li (n=2) + Li+ (n=1),Li (n=2) + Li (n=6),2500.0,K,2.3e-27,cm6/s,1,2,2,6,4
186,Li (n=2) + Li+ (n=1) → Li (n=2) + Li (n=6),Li (n=2) + Li+ (n=1),Li (n=2) + Li (n=6),3000.0,K,1.8e-27,cm6/s,1,2,2,6,4
186,Li (n=2) + Li+ (n=1) → Li (n=2) + Li (n=6),Li (n=2) + Li+ (n=1),Li (n=2) + Li (n=6),4000.0,K,1.3e-27,cm6/s,1,2,2,6,4
186,Li (n=2) + Li+ (n=1) → Li (n=2) + Li (n=6),Li (n=2) + Li+ (n=1),Li (n=2) + Li (n=6),5000.0,K,9.5e-28,cm6/s,1,2,2,6,4
187,Li (n=2) + Li+ (n=1) → Li (n=2) + Li (n=7),Li (n=2) + Li+ (n=1),Li (n=2) + Li (n=7),500.0,K,1.3e-26,cm6/s,1,2,2,7,5
187,Li (n=2) + Li+ (n=1) → Li (n=2) + Li (n=7),Li (n=2) + Li+ (n=1),Li (n=2) + Li (n=7),600.0,K,1.1e-26,cm6/s,1,2,2,7,5
187,Li (n=2) + Li+ (n=1) → Li (n=2) + Li (n=7),Li (n=2) + Li+ (n=1),Li (n=2) + Li (n=7),700.0,K,9.2e-27,cm6/s,1,2,2,7,5
187,Li (n=2) + Li+ (n=1) → Li (n=2) + Li (n=7),Li (n=2) + Li+ (n=1),Li (n=2) + Li (n=7),800.0,K,7.9e-27,cm6/s,1,2,2,7,5
187,Li (n=2) + Li+ (n=1) → Li (n=2) + Li (n=7),Li (n=2) + Li+ (n=1),Li (n=2) + Li (n=7),900.0,K,6.9e-27,cm6/s,1,2,2,7,5
187,Li (n=2) + Li+ (n=1) → Li (n=2) + Li (n=7),Li (n=2) + Li+ (n=1),Li (n=2) + Li (n=7),1000.0,K,6.1e-27,cm6/s,1,2,2,7,5
187,Li (n=2) + Li+ (n=1) → Li (n=2) + Li (n=7),Li (n=2) + Li+ (n=1),Li (n=2) + Li (n=7),1500.0,K,3.8e-27,cm6/s,1,2,2,7,5
187,Li (n=2) + Li+ (n=1) → Li (n=2) + Li (n=7),Li (n=2) + Li+ (n=1),Li (n=2) + Li (n=7),2000.0,K,2.7e-27,cm6/s,1,2,2,7,5
187,Li (n=2) + Li+ (n=1) → Li (n=2) + Li (n=7),Li (n=2) + Li+ (n=1),Li (n=2) + Li (n=7),2500.0,K,2.1e-27,cm6/s,1,2,2,7,5
187,Li (n=2) + Li+ (n=1) → Li (n=2) + Li (n=7),Li (n=2) + Li+ (n=1),Li (n=2) + Li (n=7),3000.0,K,1.7e-27,cm6/s,1,2,2,7,5
187,Li (n=2) + Li+ (n=1) → Li (n=2) + Li (n=7),Li (n=2) + Li+ (n=1),Li (n=2) + Li (n=7),4000.0,K,1.2e-27,cm6/s,1,2,2,7,5
187,Li (n=2) + Li+ (n=1) → Li (n=2) + Li (n=7),Li (n=2) + Li+ (n=1),Li (n=2) + Li (n=7),5000.0,K,8.6e-28,cm6/s,1,2,2,7,5
188,Li (n=2) + Li+ (n=1) → Li (n=2) + Li (n=8),Li (n=2) + Li+ (n=1),Li (n=2) + Li (n=8),500.0,K,1.2e-26,cm6/s,1,2,2,8,6
188,Li (n=2) + Li+ (n=1) → Li (n=2) + Li (n=8),Li (n=2) + Li+ (n=1),Li (n=2) + Li (n=8),600.0,K,1e-26,cm6/s,1,2,2,8,6
188,Li (n=2) + Li+ (n=1) → Li (n=2) + Li (n=8),Li (n=2) + Li+ (n=1),Li (n=2) + Li (n=8),700.0,K,8.5e-27,cm6/s,1,2,2,8,6
188,Li (n=2) + Li+ (n=1) → Li (n=2) + Li (n=8),Li (n=2) + Li+ (n=1),Li (n=2) + Li (n=8),800.0,K,7.3e-27,cm6/s,1,2,2,8,6
188,Li (n=2) + Li+ (n=1) → Li (n=2) + Li (n=8),Li (n=2) + Li+ (n=1),Li (n=2) + Li (n=8),900.0,K,6.4e-27,cm6/s,1,2,2,8,6
188,Li (n=2) + Li+ (n=1) → Li (n=2) + Li (n=8),Li (n=2) + Li+ (n=1),Li (n=2) + Li (n=8),1000.0,K,5.7e-27,cm6/s,1,2,2,8,6
188,Li (n=2) + Li+ (n=1) → Li (n=2) + Li (n=8),Li (n=2) + Li+ (n=1),Li (n=2) + Li (n=8),1500.0,K,3.5e-27,cm6/s,1,2,2,8,6
188,Li (n=2) + Li+ (n=1) → Li (n=2) + Li (n=8),Li (n=2) + Li+ (n=1),Li (n=2) + Li (n=8),2000.0,K,2.5e-27,cm6/s,1,2,2,8,6
188,Li (n=2) + Li+ (n=1) → Li (n=2) + Li (n=8),Li (n=2) + Li+ (n=1),Li (n=2) + Li (n=8),2500.0,K,1.9e-27,cm6/s,1,2,2,8,6
188,Li (n=2) + Li+ (n=1) → Li (n=2) + Li (n=8),Li (n=2) + Li+ (n=1),Li (n=2) + Li (n=8),3000.0,K,1.5e-27,cm6/s,1,2,2,8,6
188,Li (n=2) + Li+ (n=1) → Li (n=2) + Li (n=8),Li (n=2) + Li+ (n=1),Li (n=2) + Li (n=8),4000.0,K,1e-27,cm6/s,1,2,2,8,6
188,Li (n=2) + Li+ (n=1) → Li (n=2) + Li (n=8),Li (n=2) + Li+ (n=1),Li (n=2) + Li (n=8),5000.0,K,7.8e-28,cm6/s,1,2,2,8,6
189,Li (n=2) + Li+ (n=1) → Li (n=2) + Li (n=9),Li (n=2) + Li+ (n=1),Li (n=2) + Li (n=9),500.0,K,1.1e-26,cm6/s,1,2,2,9,7
189,Li (n=2) + Li+ (n=1) → Li (n=2) + Li (n=9),Li (n=2) + Li+ (n=1),Li (n=2) + Li (n=9),600.0,K,9.4e-27,cm6/s,1,2,2,9,7
189,Li (n=2) + Li+ (n=1) → Li (n=2) + Li (n=9),Li (n=2) + Li+ (n=1),Li (n=2) + Li (n=9),700.0,K,7.9e-27,cm6/s,1,2,2,9,7
189,Li (n=2) + Li+ (n=1) → Li (n=2) + Li (n=9),Li (n=2) + Li+ (n=1),Li (n=2) + Li (n=9),800.0,K,6.8e-27,cm6/s,1,2,2,9,7
189,Li (n=2) + Li+ (n=1) → Li (n=2) + Li (n=9),Li (n=2) + Li+ (n=1),Li (n=2) + Li (n=9),900.0,K,5.9e-27,cm6/s,1,2,2,9,7
189,Li (n=2) + Li+ (n=1) → Li (n=2) + Li (n=9),Li (n=2) + Li+ (n=1),Li (n=2) + Li (n=9),1000.0,K,5.2e-27,cm6/s,1,2,2,9,7
189,Li (n=2) + Li+ (n=1) → Li (n=2) + Li (n=9),Li (n=2) + Li+ (n=1),Li (n=2) + Li (n=9),1500.0,K,3.2e-27,cm6/s,1,2,2,9,7
189,Li (n=2) + Li+ (n=1) → Li (n=2) + Li (n=9),Li (n=2) + Li+ (n=1),Li (n=2) + Li (n=9),2000.0,K,2.3e-27,cm6/s,1,2,2,9,7
189,Li (n=2) + Li+ (n=1) → Li (n=2) + Li (n=9),Li (n=2) + Li+ (n=1),Li (n=2) + Li (n=9),2500.0,K,1.7e-27,cm6/s,1,2,2,9,7
189,Li (n=2) + Li+ (n=1) → Li (n=2) + Li (n=9),Li (n=2) + Li+ (n=1),Li (n=2) + Li (n=9),3000.0,K,1.4e-27,cm6/s,1,2,2,9,7
189,Li (n=2) + Li+ (n=1) → Li (n=2) + Li (n=9),Li (n=2) + Li+ (n=1),Li (n=2) + Li (n=9),4000.0,K,9.3e-28,cm6/s,1,2,2,9,7
189,Li (n=2) + Li+ (n=1) → Li (n=2) + Li (n=9),Li (n=2) + Li+ (n=1),Li (n=2) + Li (n=9),5000.0,K,6.9e-28,cm6/s,1,2,2,9,7
190,Li (n=2) + Li+ (n=1) → Li (n=2) + Li (n=10),Li (n=2) + Li+ (n=1),Li (n=2) + Li (n=10),500.0,K,1.1e-26,cm6/s,1,2,2,10,8
190,Li (n=2) + Li+ (n=1) → Li (n=2) + Li (n=10),Li (n=2) + Li+ (n=1),Li (n=2) + Li (n=10),600.0,K,8.7e-27,cm6/s,1,2,2,10,8
190,Li (n=2) + Li+ (n=1) → Li (n=2) + Li (n=10),Li (n=2) + Li+ (n=1),Li (n=2) + Li (n=10),700.0,K,7.3e-27,cm6/s,1,2,2,10,8
190,Li (n=2) + Li+ (n=1) → Li (n=2) + Li (n=10),Li (n=2) + Li+ (n=1),Li (n=2) + Li (n=10),800.0,K,6.2e-27,cm6/s,1,2,2,10,8
190,Li (n=2) + Li+ (n=1) → Li (n=2) + Li (n=10),Li (n=2) + Li+ (n=1),Li (n=2) + Li (n=10),900.0,K,5.4e-27,cm6/s,1,2,2,10,8
190,Li (n=2) + Li+ (n=1) → Li (n=2) + Li (n=10),Li (n=2) + Li+ (n=1),Li (n=2) + Li (n=10),1000.0,K,4.8e-27,cm6/s,1,2,2,10,8
190,Li (n=2) + Li+ (n=1) → Li (n=2) + Li (n=10),Li (n=2) + Li+ (n=1),Li (n=2) + Li (n=10),1500.0,K,2.9e-27,cm6/s,1,2,2,10,8
190,Li (n=2) + Li+ (n=1) → Li (n=2) + Li (n=10),Li (n=2) + Li+ (n=1),Li (n=2) + Li (n=10),2000.0,K,2.1e-27,cm6/s,1,2,2,10,8
190,Li (n=2) + Li+ (n=1) → Li (n=2) + Li (n=10),Li (n=2) + Li+ (n=1),Li (n=2) + Li (n=10),2500.0,K,1.5e-27,cm6/s,1,2,2,10,8
190,Li (n=2) + Li+ (n=1) → Li (n=2) + Li (n=10),Li (n=2) + Li+ (n=1),Li (n=2) + Li (n=10),3000.0,K,1.2e-27,cm6/s,1,2,2,10,8
190,Li (n=2) + Li+ (n=1) → Li (n=2) + Li (n=10),Li (n=2) + Li+ (n=1),Li (n=2) + Li (n=10),4000.0,K,8.4e-28,cm6/s,1,2,2,10,8
190,Li (n=2) + Li+ (n=1) → Li (n=2) + Li (n=10),Li (n=2) + Li+ (n=1),Li (n=2) + Li (n=10),5000.0,K,6.2e-28,cm6/s,1,2,2,10,8
191,Li (n=2) + Li+ (n=1) → Li (n=2) + Li (n=11),Li (n=2) + Li+ (n=1),Li (n=2) + Li (n=11),500.0,K,9.8e-27,cm6/s,1,2,2,11,9
191,Li (n=2) + Li+ (n=1) → Li (n=2) + Li (n=11),Li (n=2) + Li+ (n=1),Li (n=2) + Li (n=11),600.0,K,8e-27,cm6/s,1,2,2,11,9
191,Li (n=2) + Li+ (n=1) → Li (n=2) + Li (n=11),Li (n=2) + Li+ (n=1),Li (n=2) + Li (n=11),700.0,K,6.7e-27,cm6/s,1,2,2,11,9
191,Li (n=2) + Li+ (n=1) → Li (n=2) + Li (n=11),Li (n=2) + Li+ (n=1),Li (n=2) + Li (n=11),800.0,K,5.7e-27,cm6/s,1,2,2,11,9
191,Li (n=2) + Li+ (n=1) → Li (n=2) + Li (n=11),Li (n=2) + Li+ (n=1),Li (n=2) + Li (n=11),900.0,K,5e-27,cm6/s,1,2,2,11,9
191,Li (n=2) + Li+ (n=1) → Li (n=2) + Li (n=11),Li (n=2) + Li+ (n=1),Li (n=2) + Li (n=11),1000.0,K,4.4e-27,cm6/s,1,2,2,11,9
191,Li (n=2) + Li+ (n=1) → Li (n=2) + Li (n=11),Li (n=2) + Li+ (n=1),Li (n=2) + Li (n=11),1500.0,K,2.7e-27,cm6/s,1,2,2,11,9
191,Li (n=2) + Li+ (n=1) → Li (n=2) + Li (n=11),Li (n=2) + Li+ (n=1),Li (n=2) + Li (n=11),2000.0,K,1.9e-27,cm6/s,1,2,2,11,9
191,Li (n=2) + Li+ (n=1) → Li (n=2) + Li (n=11),Li (n=2) + Li+ (n=1),Li (n=2) + Li (n=11),2500.0,K,1.4e-27,cm6/s,1,2,2,11,9
191,Li (n=2) + Li+ (n=1) → Li (n=2) + Li (n=11),Li (n=2) + Li+ (n=1),Li (n=2) + Li (n=11),3000.0,K,1.1e-27,cm6/s,1,2,2,11,9
191,Li (n=2) + Li+ (n=1) → Li (n=2) + Li (n=11),Li (n=2) + Li+ (n=1),Li (n=2) + Li (n=11),4000.0,K,7.5e-28,cm6/s,1,2,2,11,9
191,Li (n=2) + Li+ (n=1) → Li (n=2) + Li (n=11),Li (n=2) + Li+ (n=1),Li (n=2) + Li (n=11),5000.0,K,5.6e-28,cm6/s,1,2,2,11,9
192,Li (n=2) + Li+ (n=1) → Li (n=2) + Li (n=12),Li (n=2) + Li+ (n=1),Li (n=2) + Li (n=12),500.0,K,9.1e-27,cm6/s,1,2,2,12,10
192,Li (n=2) + Li+ (n=1) → Li (n=2) + Li (n=12),Li (n=2) + Li+ (n=1),Li (n=2) + Li (n=12),600.0,K,7.4e-27,cm6/s,1,2,2,12,10
192,Li (n=2) + Li+ (n=1) → Li (n=2) + Li (n=12),Li (n=2) + Li+ (n=1),Li (n=2) + Li (n=12),700.0,K,6.1e-27,cm6/s,1,2,2,12,10
192,Li (n=2) + Li+ (n=1) → Li (n=2) + Li (n=12),Li (n=2) + Li+ (n=1),Li (n=2) + Li (n=12),800.0,K,5.2e-27,cm6/s,1,2,2,12,10
192,Li (n=2) + Li+ (n=1) → Li (n=2) + Li (n=12),Li (n=2) + Li+ (n=1),Li (n=2) + Li (n=12),900.0,K,4.6e-27,cm6/s,1,2,2,12,10
192,Li (n=2) + Li+ (n=1) → Li (n=2) + Li (n=12),Li (n=2) + Li+ (n=1),Li (n=2) + Li (n=12),1000.0,K,4e-27,cm6/s,1,2,2,12,10
192,Li (n=2) + Li+ (n=1) → Li (n=2) + Li (n=12),Li (n=2) + Li+ (n=1),Li (n=2) + Li (n=12),1500.0,K,2.4e-27,cm6/s,1,2,2,12,10
192,Li (n=2) + Li+ (n=1) → Li (n=2) + Li (n=12),Li (n=2) + Li+ (n=1),Li (n=2) + Li (n=12),2000.0,K,1.7e-27,cm6/s,1,2,2,12,10
192,Li (n=2) + Li+ (n=1) → Li (n=2) + Li (n=12),Li (n=2) + Li+ (n=1),Li (n=2) + Li (n=12),2500.0,K,1.3e-27,cm6/s,1,2,2,12,10
192,Li (n=2) + Li+ (n=1) → Li (n=2) + Li (n=12),Li (n=2) + Li+ (n=1),Li (n=2) + Li (n=12),3000.0,K,1e-27,cm6/s,1,2,2,12,10
192,Li (n=2) + Li+ (n=1) → Li (n=2) + Li (n=12),Li (n=2) + Li+ (n=1),Li (n=2) + Li (n=12),4000.0,K,6.8e-28,cm6/s,1,2,2,12,10
192,Li (n=2) + Li+ (n=1) → Li (n=2) + Li (n=12),Li (n=2) + Li+ (n=1),Li (n=2) + Li (n=12),5000.0,K,5e-28,cm6/s,1,2,2,12,10
193,Li (n=2) + Li+ (n=1) → Li (n=2) + Li (n=13),Li (n=2) + Li+ (n=1),Li (n=2) + Li (n=13),500.0,K,8.4e-27,cm6/s,1,2,2,13,11
193,Li (n=2) + Li+ (n=1) → Li (n=2) + Li (n=13),Li (n=2) + Li+ (n=1),Li (n=2) + Li (n=13),600.0,K,6.8e-27,cm6/s,1,2,2,13,11
193,Li (n=2) + Li+ (n=1) → Li (n=2) + Li (n=13),Li (n=2) + Li+ (n=1),Li (n=2) + Li (n=13),700.0,K,5.7e-27,cm6/s,1,2,2,13,11
193,Li (n=2) + Li+ (n=1) → Li (n=2) + Li (n=13),Li (n=2) + Li+ (n=1),Li (n=2) + Li (n=13),800.0,K,4.8e-27,cm6/s,1,2,2,13,11
193,Li (n=2) + Li+ (n=1) → Li (n=2) + Li (n=13),Li (n=2) + Li+ (n=1),Li (n=2) + Li (n=13),900.0,K,4.2e-27,cm6/s,1,2,2,13,11
193,Li (n=2) + Li+ (n=1) → Li (n=2) + Li (n=13),Li (n=2) + Li+ (n=1),Li (n=2) + Li (n=13),1000.0,K,3.7e-27,cm6/s,1,2,2,13,11
193,Li (n=2) + Li+ (n=1) → Li (n=2) + Li (n=13),Li (n=2) + Li+ (n=1),Li (n=2) + Li (n=13),1500.0,K,2.2e-27,cm6/s,1,2,2,13,11
193,Li (n=2) + Li+ (n=1) → Li (n=2) + Li (n=13),Li (n=2) + Li+ (n=1),Li (n=2) + Li (n=13),2000.0,K,1.5e-27,cm6/s,1,2,2,13,11
193,Li (n=2) + Li+ (n=1) → Li (n=2) + Li (n=13),Li (n=2) + Li+ (n=1),Li (n=2) + Li (n=13),2500.0,K,1.1e-27,cm6/s,1,2,2,13,11
193,Li (n=2) + Li+ (n=1) → Li (n=2) + Li (n=13),Li (n=2) + Li+ (n=1),Li (n=2) + Li (n=13),3000.0,K,9e-28,cm6/s,1,2,2,13,11
193,Li (n=2) + Li+ (n=1) → Li (n=2) + Li (n=13),Li (n=2) + Li+ (n=1),Li (n=2) + Li (n=13),4000.0,K,6.1e-28,cm6/s,1,2,2,13,11
193,Li (n=2) + Li+ (n=1) → Li (n=2) + Li (n=13),Li (n=2) + Li+ (n=1),Li (n=2) + Li (n=13),5000.0,K,4.5e-28,cm6/s,1,2,2,13,11
194,Li (n=2) + Li+ (n=1) → Li (n=2) + Li (n=14),Li (n=2) + Li+ (n=1),Li (n=2) + Li (n=14),500.0,K,7.8e-27,cm6/s,1,2,2,14,12
194,Li (n=2) + Li+ (n=1) → Li (n=2) + Li (n=14),Li (n=2) + Li+ (n=1),Li (n=2) + Li (n=14),600.0,K,6.3e-27,cm6/s,1,2,2,14,12
194,Li (n=2) + Li+ (n=1) → Li (n=2) + Li (n=14),Li (n=2) + Li+ (n=1),Li (n=2) + Li (n=14),700.0,K,5.2e-27,cm6/s,1,2,2,14,12
194,Li (n=2) + Li+ (n=1) → Li (n=2) + Li (n=14),Li (n=2) + Li+ (n=1),Li (n=2) + Li (n=14),800.0,K,4.5e-27,cm6/s,1,2,2,14,12
194,Li (n=2) + Li+ (n=1) → Li (n=2) + Li (n=14),Li (n=2) + Li+ (n=1),Li (n=2) + Li (n=14),900.0,K,3.9e-27,cm6/s,1,2,2,14,12
194,Li (n=2) + Li+ (n=1) → Li (n=2) + Li (n=14),Li (n=2) + Li+ (n=1),Li (n=2) + Li (n=14),1000.0,K,3.4e-27,cm6/s,1,2,2,14,12
194,Li (n=2) + Li+ (n=1) → Li (n=2) + Li (n=14),Li (n=2) + Li+ (n=1),Li (n=2) + Li (n=14),1500.0,K,2e-27,cm6/s,1,2,2,14,12
194,Li (n=2) + Li+ (n=1) → Li (n=2) + Li (n=14),Li (n=2) + Li+ (n=1),Li (n=2) + Li (n=14),2000.0,K,1.4e-27,cm6/s,1,2,2,14,12
194,Li (n=2) + Li+ (n=1) → Li (n=2) + Li (n=14),Li (n=2) + Li+ (n=1),Li (n=2) + Li (n=14),2500.0,K,1e-27,cm6/s,1,2,2,14,12
194,Li (n=2) + Li+ (n=1) → Li (n=2) + Li (n=14),Li (n=2) + Li+ (n=1),Li (n=2) + Li (n=14),3000.0,K,8.2e-28,cm6/s,1,2,2,14,12
194,Li (n=2) + Li+ (n=1) → Li (n=2) + Li (n=14),Li (n=2) + Li+ (n=1),Li (n=2) + Li (n=14),4000.0,K,5.6e-28,cm6/s,1,2,2,14,12
194,Li (n=2) + Li+ (n=1) → Li (n=2) + Li (n=14),Li (n=2) + Li+ (n=1),Li (n=2) + Li (n=14),5000.0,K,4.1e-28,cm6/s,1,2,2,14,12
195,Li (n=2) + Li+ (n=1) → Li (n=2) + Li (n=15),Li (n=2) + Li+ (n=1),Li (n=2) + Li (n=15),500.0,K,7.3e-27,cm6/s,1,2,2,15,13
195,Li (n=2) + Li+ (n=1) → Li (n=2) + Li (n=15),Li (n=2) + Li+ (n=1),Li (n=2) + Li (n=15),600.0,K,5.8e-27,cm6/s,1,2,2,15,13
195,Li (n=2) + Li+ (n=1) → Li (n=2) + Li (n=15),Li (n=2) + Li+ (n=1),Li (n=2) + Li (n=15),700.0,K,4.8e-27,cm6/s,1,2,2,15,13
195,Li (n=2) + Li+ (n=1) → Li (n=2) + Li (n=15),Li (n=2) + Li+ (n=1),Li (n=2) + Li (n=15),800.0,K,4.1e-27,cm6/s,1,2,2,15,13
195,Li (n=2) + Li+ (n=1) → Li (n=2) + Li (n=15),Li (n=2) + Li+ (n=1),Li (n=2) + Li (n=15),900.0,K,3.6e-27,cm6/s,1,2,2,15,13
195,Li (n=2) + Li+ (n=1) → Li (n=2) + Li (n=15),Li (n=2) + Li+ (n=1),Li (n=2) + Li (n=15),1000.0,K,3.1e-27,cm6/s,1,2,2,15,13
195,Li (n=2) + Li+ (n=1) → Li (n=2) + Li (n=15),Li (n=2) + Li+ (n=1),Li (n=2) + Li (n=15),1500.0,K,1.9e-27,cm6/s,1,2,2,15,13
195,Li (n=2) + Li+ (n=1) → Li (n=2) + Li (n=15),Li (n=2) + Li+ (n=1),Li (n=2) + Li (n=15),2000.0,K,1.3e-27,cm6/s,1,2,2,15,13
195,Li (n=2) + Li+ (n=1) → Li (n=2) + Li (n=15),Li (n=2) + Li+ (n=1),Li (n=2) + Li (n=15),2500.0,K,9.5e-28,cm6/s,1,2,2,15,13
195,Li (n=2) + Li+ (n=1) → Li (n=2) + Li (n=15),Li (n=2) + Li+ (n=1),Li (n=2) + Li (n=15),3000.0,K,7.5e-28,cm6/s,1,2,2,15,13
195,Li (n=2) + Li+ (n=1) → Li (n=2) + Li (n=15),Li (n=2) + Li+ (n=1),Li (n=2) + Li (n=15),4000.0,K,5e-28,cm6/s,1,2,2,15,13
195,Li (n=2) + Li+ (n=1) → Li (n=2) + Li (n=15),Li (n=2) + Li+ (n=1),Li (n=2) + Li (n=15),5000.0,K,3.7e-28,cm6/s,1,2,2,15,13
196,Li (n=2) + Li+ (n=1) → Li (n=2) + Li (n=16),Li (n=2) + Li+ (n=1),Li (n=2) + Li (n=16),500.0,K,6.8e-27,cm6/s,1,2,2,16,14
196,Li (n=2) + Li+ (n=1) → Li (n=2) + Li (n=16),Li (n=2) + Li+ (n=1),Li (n=2) + Li (n=16),600.0,K,5.4e-27,cm6/s,1,2,2,16,14
196,Li (n=2) + Li+ (n=1) → Li (n=2) + Li (n=16),Li (n=2) + Li+ (n=1),Li (n=2) + Li (n=16),700.0,K,4.5e-27,cm6/s,1,2,2,16,14
196,Li (n=2) + Li+ (n=1) → Li (n=2) + Li (n=16),Li (n=2) + Li+ (n=1),Li (n=2) + Li (n=16),800.0,K,3.8e-27,cm6/s,1,2,2,16,14
196,Li (n=2) + Li+ (n=1) → Li (n=2) + Li (n=16),Li (n=2) + Li+ (n=1),Li (n=2) + Li (n=16),900.0,K,3.3e-27,cm6/s,1,2,2,16,14
196,Li (n=2) + Li+ (n=1) → Li (n=2) + Li (n=16),Li (n=2) + Li+ (n=1),Li (n=2) + Li (n=16),1000.0,K,2.9e-27,cm6/s,1,2,2,16,14
196,Li (n=2) + Li+ (n=1) → Li (n=2) + Li (n=16),Li (n=2) + Li+ (n=1),Li (n=2) + Li (n=16),1500.0,K,1.7e-27,cm6/s,1,2,2,16,14
196,Li (n=2) + Li+ (n=1) → Li (n=2) + Li (n=16),Li (n=2) + Li+ (n=1),Li (n=2) + Li (n=16),2000.0,K,1.2e-27,cm6/s,1,2,2,16,14
196,Li (n=2) + Li+ (n=1) → Li (n=2) + Li (n=16),Li (n=2) + Li+ (n=1),Li (n=2) + Li (n=16),2500.0,K,8.7e-28,cm6/s,1,2,2,16,14
196,Li (n=2) + Li+ (n=1) → Li (n=2) + Li (n=16),Li (n=2) + Li+ (n=1),Li (n=2) + Li (n=16),3000.0,K,6.8e-28,cm6/s,1,2,2,16,14
196,Li (n=2) + Li+ (n=1) → Li (n=2) + Li (n=16),Li (n=2) + Li+ (n=1),Li (n=2) + Li (n=16),4000.0,K,4.6e-28,cm6/s,1,2,2,16,14
196,Li (n=2) + Li+ (n=1) → Li (n=2) + Li (n=16),Li (n=2) + Li+ (n=1),Li (n=2) + Li (n=16),5000.0,K,3.4e-28,cm6/s,1,2,2,16,14
197,Li (n=2) + Li+ (n=1) → Li (n=2) + Li (n=17),Li (n=2) + Li+ (n=1),Li (n=2) + Li (n=17),500.0,K,6.3e-27,cm6/s,1,2,2,17,15
197,Li (n=2) + Li+ (n=1) → Li (n=2) + Li (n=17),Li (n=2) + Li+ (n=1),Li (n=2) + Li (n=17),600.0,K,5e-27,cm6/s,1,2,2,17,15
197,Li (n=2) + Li+ (n=1) → Li (n=2) + Li (n=17),Li (n=2) + Li+ (n=1),Li (n=2) + Li (n=17),700.0,K,4.2e-27,cm6/s,1,2,2,17,15
197,Li (n=2) + Li+ (n=1) → Li (n=2) + Li (n=17),Li (n=2) + Li+ (n=1),Li (n=2) + Li (n=17),800.0,K,3.5e-27,cm6/s,1,2,2,17,15
197,Li (n=2) + Li+ (n=1) → Li (n=2) + Li (n=17),Li (n=2) + Li+ (n=1),Li (n=2) + Li (n=17),900.0,K,3e-27,cm6/s,1,2,2,17,15
197,Li (n=2) + Li+ (n=1) → Li (n=2) + Li (n=17),Li (n=2) + Li+ (n=1),Li (n=2) + Li (n=17),1000.0,K,2.7e-27,cm6/s,1,2,2,17,15
197,Li (n=2) + Li+ (n=1) → Li (n=2) + Li (n=17),Li (n=2) + Li+ (n=1),Li (n=2) + Li (n=17),1500.0,K,1.6e-27,cm6/s,1,2,2,17,15
197,Li (n=2) + Li+ (n=1) → Li (n=2) + Li (n=17),Li (n=2) + Li+ (n=1),Li (n=2) + Li (n=17),2000.0,K,1.1e-27,cm6/s,1,2,2,17,15
197,Li (n=2) + Li+ (n=1) → Li (n=2) + Li (n=17),Li (n=2) + Li+ (n=1),Li (n=2) + Li (n=17),2500.0,K,8e-28,cm6/s,1,2,2,17,15
197,Li (n=2) + Li+ (n=1) → Li (n=2) + Li (n=17),Li (n=2) + Li+ (n=1),Li (n=2) + Li (n=17),3000.0,K,6.3e-28,cm6/s,1,2,2,17,15
197,Li (n=2) + Li+ (n=1) → Li (n=2) + Li (n=17),Li (n=2) + Li+ (n=1),Li (n=2) + Li (n=17),4000.0,K,4.2e-28,cm6/s,1,2,2,17,15
197,Li (n=2) + Li+ (n=1) → Li (n=2) + Li (n=17),Li (n=2) + Li+ (n=1),Li (n=2) + Li (n=17),5000.0,K,3.1e-28,cm6/s,1,2,2,17,15
198,Li (n=2) + Li+ (n=1) → Li (n=2) + Li (n=18),Li (n=2) + Li+ (n=1),Li (n=2) + Li (n=18),500.0,K,5.9e-27,cm6/s,1,2,2,18,16
198,Li (n=2) + Li+ (n=1) → Li (n=2) + Li (n=18),Li (n=2) + Li+ (n=1),Li (n=2) + Li (n=18),600.0,K,4.7e-27,cm6/s,1,2,2,18,16
198,Li (n=2) + Li+ (n=1) → Li (n=2) + Li (n=18),Li (n=2) + Li+ (n=1),Li (n=2) + Li (n=18),700.0,K,3.9e-27,cm6/s,1,2,2,18,16
198,Li (n=2) + Li+ (n=1) → Li (n=2) + Li (n=18),Li (n=2) + Li+ (n=1),Li (n=2) + Li (n=18),800.0,K,3.3e-27,cm6/s,1,2,2,18,16
198,Li (n=2) + Li+ (n=1) → Li (n=2) + Li (n=18),Li (n=2) + Li+ (n=1),Li (n=2) + Li (n=18),900.0,K,2.8e-27,cm6/s,1,2,2,18,16
198,Li (n=2) + Li+ (n=1) → Li (n=2) + Li (n=18),Li (n=2) + Li+ (n=1),Li (n=2) + Li (n=18),1000.0,K,2.5e-27,cm6/s,1,2,2,18,16
198,Li (n=2) + Li+ (n=1) → Li (n=2) + Li (n=18),Li (n=2) + Li+ (n=1),Li (n=2) + Li (n=18),1500.0,K,1.5e-27,cm6/s,1,2,2,18,16
198,Li (n=2) + Li+ (n=1) → Li (n=2) + Li (n=18),Li (n=2) + Li+ (n=1),Li (n=2) + Li (n=18),2000.0,K,1e-27,cm6/s,1,2,2,18,16
198,Li (n=2) + Li+ (n=1) → Li (n=2) + Li (n=18),Li (n=2) + Li+ (n=1),Li (n=2) + Li (n=18),2500.0,K,7.4e-28,cm6/s,1,2,2,18,16
198,Li (n=2) + Li+ (n=1) → Li (n=2) + Li (n=18),Li (n=2) + Li+ (n=1),Li (n=2) + Li (n=18),3000.0,K,5.8e-28,cm6/s,1,2,2,18,16
198,Li (n=2) + Li+ (n=1) → Li (n=2) + Li (n=18),Li (n=2) + Li+ (n=1),Li (n=2) + Li (n=18),4000.0,K,3.9e-28,cm6/s,1,2,2,18,16
198,Li (n=2) + Li+ (n=1) → Li (n=2) + Li (n=18),Li (n=2) + Li+ (n=1),Li (n=2) + Li (n=18),5000.0,K,2.8e-28,cm6/s,1,2,2,18,16
199,Li (n=2) + Li+ (n=1) → Li (n=2) + Li (n=19),Li (n=2) + Li+ (n=1),Li (n=2) + Li (n=19),500.0,K,5.5e-27,cm6/s,1,2,2,19,17
199,Li (n=2) + Li+ (n=1) → Li (n=2) + Li (n=19),Li (n=2) + Li+ (n=1),Li (n=2) + Li (n=19),600.0,K,4.4e-27,cm6/s,1,2,2,19,17
199,Li (n=2) + Li+ (n=1) → Li (n=2) + Li (n=19),Li (n=2) + Li+ (n=1),Li (n=2) + Li (n=19),700.0,K,3.6e-27,cm6/s,1,2,2,19,17
199,Li (n=2) + Li+ (n=1) → Li (n=2) + Li (n=19),Li (n=2) + Li+ (n=1),Li (n=2) + Li (n=19),800.0,K,3.1e-27,cm6/s,1,2,2,19,17
199,Li (n=2) + Li+ (n=1) → Li (n=2) + Li (n=19),Li (n=2) + Li+ (n=1),Li (n=2) + Li (n=19),900.0,K,2.6e-27,cm6/s,1,2,2,19,17
199,Li (n=2) + Li+ (n=1) → Li (n=2) + Li (n=19),Li (n=2) + Li+ (n=1),Li (n=2) + Li (n=19),1000.0,K,2.3e-27,cm6/s,1,2,2,19,17
199,Li (n=2) + Li+ (n=1) → Li (n=2) + Li (n=19),Li (n=2) + Li+ (n=1),Li (n=2) + Li (n=19),1500.0,K,1.4e-27,cm6/s,1,2,2,19,17
199,Li (n=2) + Li+ (n=1) → Li (n=2) + Li (n=19),Li (n=2) + Li+ (n=1),Li (n=2) + Li (n=19),2000.0,K,9.2e-28,cm6/s,1,2,2,19,17
199,Li (n=2) + Li+ (n=1) → Li (n=2) + Li (n=19),Li (n=2) + Li+ (n=1),Li (n=2) + Li (n=19),2500.0,K,6.8e-28,cm6/s,1,2,2,19,17
199,Li (n=2) + Li+ (n=1) → Li (n=2) + Li (n=19),Li (n=2) + Li+ (n=1),Li (n=2) + Li (n=19),3000.0,K,5.3e-28,cm6/s,1,2,2,19,17
199,Li (n=2) + Li+ (n=1) → Li (n=2) + Li (n=19),Li (n=2) + Li+ (n=1),Li (n=2) + Li (n=19),4000.0,K,3.6e-28,cm6/s,1,2,2,19,17
199,Li (n=2) + Li+ (n=1) → Li (n=2) + Li (n=19),Li (n=2) + Li+ (n=1),Li (n=2) + Li (n=19),5000.0,K,2.6e-28,cm6/s,1,2,2,19,17
200,Li (n=2) + Li+ (n=1) → Li (n=2) + Li (n=20),Li (n=2) + Li+ (n=1),Li (n=2) + Li (n=20),500.0,K,5.2e-27,cm6/s,1,2,2,20,18
200,Li (n=2) + Li+ (n=1) → Li (n=2) + Li (n=20),Li (n=2) + Li+ (n=1),Li (n=2) + Li (n=20),600.0,K,4.1e-27,cm6/s,1,2,2,20,18
200,Li (n=2) + Li+ (n=1) → Li (n=2) + Li (n=20),Li (n=2) + Li+ (n=1),Li (n=2) + Li (n=20),700.0,K,3.4e-27,cm6/s,1,2,2,20,18
200,Li (n=2) + Li+ (n=1) → Li (n=2) + Li (n=20),Li (n=2) + Li+ (n=1),Li (n=2) + Li (n=20),800.0,K,2.9e-27,cm6/s,1,2,2,20,18
200,Li (n=2) + Li+ (n=1) → Li (n=2) + Li (n=20),Li (n=2) + Li+ (n=1),Li (n=2) + Li (n=20),900.0,K,2.5e-27,cm6/s,1,2,2,20,18
200,Li (n=2) + Li+ (n=1) → Li (n=2) + Li (n=20),Li (n=2) + Li+ (n=1),Li (n=2) + Li (n=20),1000.0,K,2.1e-27,cm6/s,1,2,2,20,18
200,Li (n=2) + Li+ (n=1) → Li (n=2) + Li (n=20),Li (n=2) + Li+ (n=1),Li (n=2) + Li (n=20),1500.0,K,1.3e-27,cm6/s,1,2,2,20,18
200,Li (n=2) + Li+ (n=1) → Li (n=2) + Li (n=20),Li (n=2) + Li+ (n=1),Li (n=2) + Li (n=20),2000.0,K,8.5e-28,cm6/s,1,2,2,20,18
200,Li (n=2) + Li+ (n=1) → Li (n=2) + Li (n=20),Li (n=2) + Li+ (n=1),Li (n=2) + Li (n=20),2500.0,K,6.3e-28,cm6/s,1,2,2,20,18
200,Li (n=2) + Li+ (n=1) → Li (n=2) + Li (n=20),Li (n=2) + Li+ (n=1),Li (n=2) + Li (n=20),3000.0,K,4.9e-28,cm6/s,1,2,2,20,18
200,Li (n=2) + Li+ (n=1) → Li (n=2) + Li (n=20),Li (n=2) + Li+ (n=1),Li (n=2) + Li (n=20),4000.0,K,3.3e-28,cm6/s,1,2,2,20,18
200,Li (n=2) + Li+ (n=1) → Li (n=2) + Li (n=20),Li (n=2) + Li+ (n=1),Li (n=2) + Li (n=20),5000.0,K,2.4e-28,cm6/s,1,2,2,20,18
216,Na (n=3) + Na+ (n=2) → Na (n=3) + Na (n=6),Na (n=3) + Na+ (n=2),Na (n=3) + Na (n=6),500.0,K,1.7e-26,cm6/s,2,3,3,6,3
216,Na (n=3) + Na+ (n=2) → Na (n=3) + Na (n=6),Na (n=3) + Na+ (n=2),Na (n=3) + Na (n=6),600.0,K,1.4e-26,cm6/s,2,3,3,6,3
216,Na (n=3) + Na+ (n=2) → Na (n=3) + Na (n=6),Na (n=3) + Na+ (n=2),Na (n=3) + Na (n=6),700.0,K,1.1e-26,cm6/s,2,3,3,6,3
216,Na (n=3) + Na+ (n=2) → Na (n=3) + Na (n=6),Na (n=3) + Na+ (n=2),Na (n=3) + Na (n=6),800.0,K,9.9e-27,cm6/s,2,3,3,6,3
216,Na (n=3) + Na+ (n=2) → Na (n=3) + Na (n=6),Na (n=3) + Na+ (n=2),Na (n=3) + Na (n=6),900.0,K,8.7e-27,cm6/s,2,3,3,6,3
216,Na (n=3) + Na+ (n=2) → Na (n=3) + Na (n=6),Na (n=3) + Na+ (n=2),Na (n=3) + Na (n=6),1000.0,K,7.8e-27,cm6/s,2,3,3,6,3
216,Na (n=3) + Na+ (n=2) → Na (n=3) + Na (n=6),Na (n=3) + Na+ (n=2),Na (n=3) + Na (n=6),1500.0,K,4.9e-27,cm6/s,2,3,3,6,3
216,Na (n=3) + Na+ (n=2) → Na (n=3) + Na (n=6),Na (n=3) + Na+ (n=2),Na (n=3) + Na (n=6),2000.0,K,3.5e-27,cm6/s,2,3,3,6,3
216,Na (n=3) + Na+ (n=2) → Na (n=3) + Na (n=6),Na (n=3) + Na+ (n=2),Na (n=3) + Na (n=6),2500.0,K,2.7e-27,cm6/s,2,3,3,6,3
216,Na (n=3) + Na+ (n=2) → Na (n=3) + Na (n=6),Na (n=3) + Na+ (n=2),Na (n=3) + Na (n=6),3000.0,K,2.1e-27,cm6/s,2,3,3,6,3
216,Na (n=3) + Na+ (n=2) → Na (n=3) + Na (n=6),Na (n=3) + Na+ (n=2),Na (n=3) + Na (n=6),4000.0,K,1.5e-27,cm6/s,2,3,3,6,3
216,Na (n=3) + Na+ (n=2) → Na (n=3) + Na (n=6),Na (n=3) + Na+ (n=2),Na (n=3) + Na (n=6),5000.0,K,1.1e-27,cm6/s,2,3,3,6,3
217,Na (n=3) + Na+ (n=2) → Na (n=3) + Na (n=7),Na (n=3) + Na+ (n=2),Na (n=3) + Na (n=7),500.0,K,1.6e-26,cm6/s,2,3,3,7,4
217,Na (n=3) + Na+ (n=2) → Na (n=3) + Na (n=7),Na (n=3) + Na+ (n=2),Na (n=3) + Na (n=7),600.0,K,1.3e-26,cm6/s,2,3,3,7,4
217,Na (n=3) + Na+ (n=2) → Na (n=3) + Na (n=7),Na (n=3) + Na+ (n=2),Na (n=3) + Na (n=7),700.0,K,1.1e-26,cm6/s,2,3,3,7,4
217,Na (n=3) + Na+ (n=2) → Na (n=3) + Na (n=7),Na (n=3) + Na+ (n=2),Na (n=3) + Na (n=7),800.0,K,9.4e-27,cm6/s,2,3,3,7,4
217,Na (n=3) + Na+ (n=2) → Na (n=3) + Na (n=7),Na (n=3) + Na+ (n=2),Na (n=3) + Na (n=7),900.0,K,8.2e-27,cm6/s,2,3,3,7,4
217,Na (n=3) + Na+ (n=2) → Na (n=3) + Na (n=7),Na (n=3) + Na+ (n=2),Na (n=3) + Na (n=7),1000.0,K,7.3e-27,cm6/s,2,3,3,7,4
217,Na (n=3) + Na+ (n=2) → Na (n=3) + Na (n=7),Na (n=3) + Na+ (n=2),Na (n=3) + Na (n=7),1500.0,K,4.6e-27,cm6/s,2,3,3,7,4
217,Na (n=3) + Na+ (n=2) → Na (n=3) + Na (n=7),Na (n=3) + Na+ (n=2),Na (n=3) + Na (n=7),2000.0,K,3.2e-27,cm6/s,2,3,3,7,4
217,Na (n=3) + Na+ (n=2) → Na (n=3) + Na (n=7),Na (n=3) + Na+ (n=2),Na (n=3) + Na (n=7),2500.0,K,2.5e-27,cm6/s,2,3,3,7,4
217,Na (n=3) + Na+ (n=2) → Na (n=3) + Na (n=7),Na (n=3) + Na+ (n=2),Na (n=3) + Na (n=7),3000.0,K,2e-27,cm6/s,2,3,3,7,4
217,Na (n=3) + Na+ (n=2) → Na (n=3) + Na (n=7),Na (n=3) + Na+ (n=2),Na (n=3) + Na (n=7),4000.0,K,1.4e-27,cm6/s,2,3,3,7,4
217,Na (n=3) + Na+ (n=2) → Na (n=3) + Na (n=7),Na (n=3) + Na+ (n=2),Na (n=3) + Na (n=7),5000.0,K,1e-27,cm6/s,2,3,3,7,4
218,Na (n=3) + Na+ (n=2) → Na (n=3) + Na (n=8),Na (n=3) + Na+ (n=2),Na (n=3) + Na (n=8),500.0,K,1.5e-26,cm6/s,2,3,3,8,5
218,Na (n=3) + Na+ (n=2) → Na (n=3) + Na (n=8),Na (n=3) + Na+ (n=2),Na (n=3) + Na (n=8),600.0,K,1.2e-26,cm6/s,2,3,3,8,5
218,Na (n=3) + Na+ (n=2) → Na (n=3) + Na (n=8),Na (n=3) + Na+ (n=2),Na (n=3) + Na (n=8),700.0,K,1e-26,cm6/s,2,3,3,8,5
218,Na (n=3) + Na+ (n=2) → Na (n=3) + Na (n=8),Na (n=3) + Na+ (n=2),Na (n=3) + Na (n=8),800.0,K,8.7e-27,cm6/s,2,3,3,8,5
218,Na (n=3) + Na+ (n=2) → Na (n=3) + Na (n=8),Na (n=3) + Na+ (n=2),Na (n=3) + Na (n=8),900.0,K,7.6e-27,cm6/s,2,3,3,8,5
218,Na (n=3) + Na+ (n=2) → Na (n=3) + Na (n=8),Na (n=3) + Na+ (n=2),Na (n=3) + Na (n=8),1000.0,K,6.7e-27,cm6/s,2,3,3,8,5
218,Na (n=3) + Na+ (n=2) → Na (n=3) + Na (n=8),Na (n=3) + Na+ (n=2),Na (n=3) + Na (n=8),1500.0,K,4.2e-27,cm6/s,2,3,3,8,5
218,Na (n=3) + Na+ (n=2) → Na (n=3) + Na (n=8),Na (n=3) + Na+ (n=2),Na (n=3) + Na (n=8),2000.0,K,3e-27,cm6/s,2,3,3,8,5
218,Na (n=3) + Na+ (n=2) → Na (n=3) + Na (n=8),Na (n=3) + Na+ (n=2),Na (n=3) + Na (n=8),2500.0,K,2.2e-27,cm6/s,2,3,3,8,5
218,Na (n=3) + Na+ (n=2) → Na (n=3) + Na (n=8),Na (n=3) + Na+ (n=2),Na (n=3) + Na (n=8),3000.0,K,1.8e-27,cm6/s,2,3,3,8,5
218,Na (n=3) + Na+ (n=2) → Na (n=3) + Na (n=8),Na (n=3) + Na+ (n=2),Na (n=3) + Na (n=8),4000.0,K,1.2e-27,cm6/s,2,3,3,8,5
218,Na (n=3) + Na+ (n=2) → Na (n=3) + Na (n=8),Na (n=3) + Na+ (n=2),Na (n=3) + Na (n=8),5000.0,K,9.2e-28,cm6/s,2,3,3,8,5
219,Na (n=3) + Na+ (n=2) → Na (n=3) + Na (n=9),Na (n=3) + Na+ (n=2),Na (n=3) + Na (n=9),500.0,K,1.4e-26,cm6/s,2,3,3,9,6
219,Na (n=3) + Na+ (n=2) → Na (n=3) + Na (n=9),Na (n=3) + Na+ (n=2),Na (n=3) + Na (n=9),600.0,K,1.1e-26,cm6/s,2,3,3,9,6
219,Na (n=3) + Na+ (n=2) → Na (n=3) + Na (n=9),Na (n=3) + Na+ (n=2),Na (n=3) + Na (n=9),700.0,K,9.3e-27,cm6/s,2,3,3,9,6
219,Na (n=3) + Na+ (n=2) → Na (n=3) + Na (n=9),Na (n=3) + Na+ (n=2),Na (n=3) + Na (n=9),800.0,K,8e-27,cm6/s,2,3,3,9,6
219,Na (n=3) + Na+ (n=2) → Na (n=3) + Na (n=9),Na (n=3) + Na+ (n=2),Na (n=3) + Na (n=9),900.0,K,7e-27,cm6/s,2,3,3,9,6
219,Na (n=3) + Na+ (n=2) → Na (n=3) + Na (n=9),Na (n=3) + Na+ (n=2),Na (n=3) + Na (n=9),1000.0,K,6.2e-27,cm6/s,2,3,3,9,6
219,Na (n=3) + Na+ (n=2) → Na (n=3) + Na (n=9),Na (n=3) + Na+ (n=2),Na (n=3) + Na (n=9),1500.0,K,3.8e-27,cm6/s,2,3,3,9,6
219,Na (n=3) + Na+ (n=2) → Na (n=3) + Na (n=9),Na (n=3) + Na+ (n=2),Na (n=3) + Na (n=9),2000.0,K,2.7e-27,cm6/s,2,3,3,9,6
219,Na (n=3) + Na+ (n=2) → Na (n=3) + Na (n=9),Na (n=3) + Na+ (n=2),Na (n=3) + Na (n=9),2500.0,K,2e-27,cm6/s,2,3,3,9,6
219,Na (n=3) + Na+ (n=2) → Na (n=3) + Na (n=9),Na (n=3) + Na+ (n=2),Na (n=3) + Na (n=9),3000.0,K,1.6e-27,cm6/s,2,3,3,9,6
219,Na (n=3) + Na+ (n=2) → Na (n=3) + Na (n=9),Na (n=3) + Na+ (n=2),Na (n=3) + Na (n=9),4000.0,K,1.1e-27,cm6/s,2,3,3,9,6
219,Na (n=3) + Na+ (n=2) → Na (n=3) + Na (n=9),Na (n=3) + Na+ (n=2),Na (n=3) + Na (n=9),5000.0,K,8.3e-28,cm6/s,2,3,3,9,6
220,Na (n=3) + Na+ (n=2) → Na (n=3) + Na (n=10),Na (n=3) + Na+ (n=2),Na (n=3) + Na (n=10),500.0,K,1.3e-26,cm6/s,2,3,3,10,7
220,Na (n=3) + Na+ (n=2) → Na (n=3) + Na (n=10),Na (n=3) + Na+ (n=2),Na (n=3) + Na (n=10),600.0,K,1e-26,cm6/s,2,3,3,10,7
220,Na (n=3) + Na+ (n=2) → Na (n=3) + Na (n=10),Na (n=3) + Na+ (n=2),Na (n=3) + Na (n=10),700.0,K,8.6e-27,cm6/s,2,3,3,10,7
220,Na (n=3) + Na+ (n=2) → Na (n=3) + Na (n=10),Na (n=3) + Na+ (n=2),Na (n=3) + Na (n=10),800.0,K,7.4e-27,cm6/s,2,3,3,10,7
220,Na (n=3) + Na+ (n=2) → Na (n=3) + Na (n=10),Na (n=3) + Na+ (n=2),Na (n=3) + Na (n=10),900.0,K,6.4e-27,cm6/s,2,3,3,10,7
220,Na (n=3) + Na+ (n=2) → Na (n=3) + Na (n=10),Na (n=3) + Na+ (n=2),Na (n=3) + Na (n=10),1000.0,K,5.7e-27,cm6/s,2,3,3,10,7
220,Na (n=3) + Na+ (n=2) → Na (n=3) + Na (n=10),Na (n=3) + Na+ (n=2),Na (n=3) + Na (n=10),1500.0,K,3.5e-27,cm6/s,2,3,3,10,7
220,Na (n=3) + Na+ (n=2) → Na (n=3) + Na (n=10),Na (n=3) + Na+ (n=2),Na (n=3) + Na (n=10),2000.0,K,2.4e-27,cm6/s,2,3,3,10,7
220,Na (n=3) + Na+ (n=2) → Na (n=3) + Na (n=10),Na (n=3) + Na+ (n=2),Na (n=3) + Na (n=10),2500.0,K,1.8e-27,cm6/s,2,3,3,10,7
220,Na (n=3) + Na+ (n=2) → Na (n=3) + Na (n=10),Na (n=3) + Na+ (n=2),Na (n=3) + Na (n=10),3000.0,K,1.5e-27,cm6/s,2,3,3,10,7
220,Na (n=3) + Na+ (n=2) → Na (n=3) + Na (n=10),Na (n=3) + Na+ (n=2),Na (n=3) + Na (n=10),4000.0,K,1e-27,cm6/s,2,3,3,10,7
220,Na (n=3) + Na+ (n=2) → Na (n=3) + Na (n=10),Na (n=3) + Na+ (n=2),Na (n=3) + Na (n=10),5000.0,K,7.4e-28,cm6/s,2,3,3,10,7
221,Na (n=3) + Na+ (n=2) → Na (n=3) + Na (n=11),Na (n=3) + Na+ (n=2),Na (n=3) + Na (n=11),500.0,K,1.2e-26,cm6/s,2,3,3,11,8
221,Na (n=3) + Na+ (n=2) → Na (n=3) + Na (n=11),Na (n=3) + Na+ (n=2),Na (n=3) + Na (n=11),600.0,K,9.4e-27,cm6/s,2,3,3,11,8
221,Na (n=3) + Na+ (n=2) → Na (n=3) + Na (n=11),Na (n=3) + Na+ (n=2),Na (n=3) + Na (n=11),700.0,K,7.9e-27,cm6/s,2,3,3,11,8
221,Na (n=3) + Na+ (n=2) → Na (n=3) + Na (n=11),Na (n=3) + Na+ (n=2),Na (n=3) + Na (n=11),800.0,K,6.8e-27,cm6/s,2,3,3,11,8
221,Na (n=3) + Na+ (n=2) → Na (n=3) + Na (n=11),Na (n=3) + Na+ (n=2),Na (n=3) + Na (n=11),900.0,K,5.9e-27,cm6/s,2,3,3,11,8
221,Na (n=3) + Na+ (n=2) → Na (n=3) + Na (n=11),Na (n=3) + Na+ (n=2),Na (n=3) + Na (n=11),1000.0,K,5.2e-27,cm6/s,2,3,3,11,8
221,Na (n=3) + Na+ (n=2) → Na (n=3) + Na (n=11),Na (n=3) + Na+ (n=2),Na (n=3) + Na (n=11),1500.0,K,3.2e-27,cm6/s,2,3,3,11,8
221,Na (n=3) + Na+ (n=2) → Na (n=3) + Na (n=11),Na (n=3) + Na+ (n=2),Na (n=3) + Na (n=11),2000.0,K,2.2e-27,cm6/s,2,3,3,11,8
221,Na (n=3) + Na+ (n=2) → Na (n=3) + Na (n=11),Na (n=3) + Na+ (n=2),Na (n=3) + Na (n=11),2500.0,K,1.7e-27,cm6/s,2,3,3,11,8
221,Na (n=3) + Na+ (n=2) → Na (n=3) + Na (n=11),Na (n=3) + Na+ (n=2),Na (n=3) + Na (n=11),3000.0,K,1.3e-27,cm6/s,2,3,3,11,8
221,Na (n=3) + Na+ (n=2) → Na (n=3) + Na (n=11),Na (n=3) + Na+ (n=2),Na (n=3) + Na (n=11),4000.0,K,9e-28,cm6/s,2,3,3,11,8
221,Na (n=3) + Na+ (n=2) → Na (n=3) + Na (n=11),Na (n=3) + Na+ (n=2),Na (n=3) + Na (n=11),5000.0,K,6.6e-28,cm6/s,2,3,3,11,8
222,Na (n=3) + Na+ (n=2) → Na (n=3) + Na (n=12),Na (n=3) + Na+ (n=2),Na (n=3) + Na (n=12),500.0,K,1.1e-26,cm6/s,2,3,3,12,9
222,Na (n=3) + Na+ (n=2) → Na (n=3) + Na (n=12),Na (n=3) + Na+ (n=2),Na (n=3) + Na (n=12),600.0,K,8.7e-27,cm6/s,2,3,3,12,9
222,Na (n=3) + Na+ (n=2) → Na (n=3) + Na (n=12),Na (n=3) + Na+ (n=2),Na (n=3) + Na (n=12),700.0,K,7.3e-27,cm6/s,2,3,3,12,9
222,Na (n=3) + Na+ (n=2) → Na (n=3) + Na (n=12),Na (n=3) + Na+ (n=2),Na (n=3) + Na (n=12),800.0,K,6.2e-27,cm6/s,2,3,3,12,9
222,Na (n=3) + Na+ (n=2) → Na (n=3) + Na (n=12),Na (n=3) + Na+ (n=2),Na (n=3) + Na (n=12),900.0,K,5.4e-27,cm6/s,2,3,3,12,9
222,Na (n=3) + Na+ (n=2) → Na (n=3) + Na (n=12),Na (n=3) + Na+ (n=2),Na (n=3) + Na (n=12),1000.0,K,4.8e-27,cm6/s,2,3,3,12,9
222,Na (n=3) + Na+ (n=2) → Na (n=3) + Na (n=12),Na (n=3) + Na+ (n=2),Na (n=3) + Na (n=12),1500.0,K,2.9e-27,cm6/s,2,3,3,12,9
222,Na (n=3) + Na+ (n=2) → Na (n=3) + Na (n=12),Na (n=3) + Na+ (n=2),Na (n=3) + Na (n=12),2000.0,K,2e-27,cm6/s,2,3,3,12,9
222,Na (n=3) + Na+ (n=2) → Na (n=3) + Na (n=12),Na (n=3) + Na+ (n=2),Na (n=3) + Na (n=12),2500.0,K,1.5e-27,cm6/s,2,3,3,12,9
222,Na (n=3) + Na+ (n=2) → Na (n=3) + Na (n=12),Na (n=3) + Na+ (n=2),Na (n=3) + Na (n=12),3000.0,K,1.2e-27,cm6/s,2,3,3,12,9
222,Na (n=3) + Na+ (n=2) → Na (n=3) + Na (n=12),Na (n=3) + Na+ (n=2),Na (n=3) + Na (n=12),4000.0,K,8.1e-28,cm6/s,2,3,3,12,9
222,Na (n=3) + Na+ (n=2) → Na (n=3) + Na (n=12),Na (n=3) + Na+ (n=2),Na (n=3) + Na (n=12),5000.0,K,6e-28,cm6/s,2,3,3,12,9
223,Na (n=3) + Na+ (n=2) → Na (n=3) + Na (n=13),Na (n=3) + Na+ (n=2),Na (n=3) + Na (n=13),500.0,K,1e-26,cm6/s,2,3,3,13,10
223,Na (n=3) + Na+ (n=2) → Na (n=3) + Na (n=13),Na (n=3) + Na+ (n=2),Na (n=3) + Na (n=13),600.0,K,8e-27,cm6/s,2,3,3,13,10
223,Na (n=3) + Na+ (n=2) → Na (n=3) + Na (n=13),Na (n=3) + Na+ (n=2),Na (n=3) + Na (n=13),700.0,K,6.7e-27,cm6/s,2,3,3,13,10
223,Na (n=3) + Na+ (n=2) → Na (n=3) + Na (n=13),Na (n=3) + Na+ (n=2),Na (n=3) + Na (n=13),800.0,K,5.7e-27,cm6/s,2,3,3,13,10
223,Na (n=3) + Na+ (n=2) → Na (n=3) + Na (n=13),Na (n=3) + Na+ (n=2),Na (n=3) + Na (n=13),900.0,K,5e-27,cm6/s,2,3,3,13,10
223,Na (n=3) + Na+ (n=2) → Na (n=3) + Na (n=13),Na (n=3) + Na+ (n=2),Na (n=3) + Na (n=13),1000.0,K,4.4e-27,cm6/s,2,3,3,13,10
223,Na (n=3) + Na+ (n=2) → Na (n=3) + Na (n=13),Na (n=3) + Na+ (n=2),Na (n=3) + Na (n=13),1500.0,K,2.6e-27,cm6/s,2,3,3,13,10
223,Na (n=3) + Na+ (n=2) → Na (n=3) + Na (n=13),Na (n=3) + Na+ (n=2),Na (n=3) + Na (n=13),2000.0,K,1.8e-27,cm6/s,2,3,3,13,10
223,Na (n=3) + Na+ (n=2) → Na (n=3) + Na (n=13),Na (n=3) + Na+ (n=2),Na (n=3) + Na (n=13),2500.0,K,1.4e-27,cm6/s,2,3,3,13,10
223,Na (n=3) + Na+ (n=2) → Na (n=3) + Na (n=13),Na (n=3) + Na+ (n=2),Na (n=3) + Na (n=13),3000.0,K,1.1e-27,cm6/s,2,3,3,13,10
223,Na (n=3) + Na+ (n=2) → Na (n=3) + Na (n=13),Na (n=3) + Na+ (n=2),Na (n=3) + Na (n=13),4000.0,K,7.3e-28,cm6/s,2,3,3,13,10
223,Na (n=3) + Na+ (n=2) → Na (n=3) + Na (n=13),Na (n=3) + Na+ (n=2),Na (n=3) + Na (n=13),5000.0,K,5.4e-28,cm6/s,2,3,3,13,10
224,Na (n=3) + Na+ (n=2) → Na (n=3) + Na (n=14),Na (n=3) + Na+ (n=2),Na (n=3) + Na (n=14),500.0,K,9.2e-27,cm6/s,2,3,3,14,11
224,Na (n=3) + Na+ (n=2) → Na (n=3) + Na (n=14),Na (n=3) + Na+ (n=2),Na (n=3) + Na (n=14),600.0,K,7.4e-27,cm6/s,2,3,3,14,11
224,Na (n=3) + Na+ (n=2) → Na (n=3) + Na (n=14),Na (n=3) + Na+ (n=2),Na (n=3) + Na (n=14),700.0,K,6.2e-27,cm6/s,2,3,3,14,11
224,Na (n=3) + Na+ (n=2) → Na (n=3) + Na (n=14),Na (n=3) + Na+ (n=2),Na (n=3) + Na (n=14),800.0,K,5.3e-27,cm6/s,2,3,3,14,11
224,Na (n=3) + Na+ (n=2) → Na (n=3) + Na (n=14),Na (n=3) + Na+ (n=2),Na (n=3) + Na (n=14),900.0,K,4.6e-27,cm6/s,2,3,3,14,11
224,Na (n=3) + Na+ (n=2) → Na (n=3) + Na (n=14),Na (n=3) + Na+ (n=2),Na (n=3) + Na (n=14),1000.0,K,4e-27,cm6/s,2,3,3,14,11
224,Na (n=3) + Na+ (n=2) → Na (n=3) + Na (n=14),Na (n=3) + Na+ (n=2),Na (n=3) + Na (n=14),1500.0,K,2.4e-27,cm6/s,2,3,3,14,11
224,Na (n=3) + Na+ (n=2) → Na (n=3) + Na (n=14),Na (n=3) + Na+ (n=2),Na (n=3) + Na (n=14),2000.0,K,1.7e-27,cm6/s,2,3,3,14,11
224,Na (n=3) + Na+ (n=2) → Na (n=3) + Na (n=14),Na (n=3) + Na+ (n=2),Na (n=3) + Na (n=14),2500.0,K,1.2e-27,cm6/s,2,3,3,14,11
224,Na (n=3) + Na+ (n=2) → Na (n=3) + Na (n=14),Na (n=3) + Na+ (n=2),Na (n=3) + Na (n=14),3000.0,K,9.7e-28,cm6/s,2,3,3,14,11
224,Na (n=3) + Na+ (n=2) → Na (n=3) + Na (n=14),Na (n=3) + Na+ (n=2),Na (n=3) + Na (n=14),4000.0,K,6.6e-28,cm6/s,2,3,3,14,11
224,Na (n=3) + Na+ (n=2) → Na (n=3) + Na (n=14),Na (n=3) + Na+ (n=2),Na (n=3) + Na (n=14),5000.0,K,4.9e-28,cm6/s,2,3,3,14,11
225,Na (n=3) + Na+ (n=2) → Na (n=3) + Na (n=15),Na (n=3) + Na+ (n=2),Na (n=3) + Na (n=15),500.0,K,8.6e-27,cm6/s,2,3,3,15,12
225,Na (n=3) + Na+ (n=2) → Na (n=3) + Na (n=15),Na (n=3) + Na+ (n=2),Na (n=3) + Na (n=15),600.0,K,6.9e-27,cm6/s,2,3,3,15,12
225,Na (n=3) + Na+ (n=2) → Na (n=3) + Na (n=15),Na (n=3) + Na+ (n=2),Na (n=3) + Na (n=15),700.0,K,5.7e-27,cm6/s,2,3,3,15,12
225,Na (n=3) + Na+ (n=2) → Na (n=3) + Na (n=15),Na (n=3) + Na+ (n=2),Na (n=3) + Na (n=15),800.0,K,4.9e-27,cm6/s,2,3,3,15,12
225,Na (n=3) + Na+ (n=2) → Na (n=3) + Na (n=15),Na (n=3) + Na+ (n=2),Na (n=3) + Na (n=15),900.0,K,4.2e-27,cm6/s,2,3,3,15,12
225,Na (n=3) + Na+ (n=2) → Na (n=3) + Na (n=15),Na (n=3) + Na+ (n=2),Na (n=3) + Na (n=15),1000.0,K,3.7e-27,cm6/s,2,3,3,15,12
225,Na (n=3) + Na+ (n=2) → Na (n=3) + Na (n=15),Na (n=3) + Na+ (n=2),Na (n=3) + Na (n=15),1500.0,K,2.2e-27,cm6/s,2,3,3,15,12
225,Na (n=3) + Na+ (n=2) → Na (n=3) + Na (n=15),Na (n=3) + Na+ (n=2),Na (n=3) + Na (n=15),2000.0,K,1.5e-27,cm6/s,2,3,3,15,12
225,Na (n=3) + Na+ (n=2) → Na (n=3) + Na (n=15),Na (n=3) + Na+ (n=2),Na (n=3) + Na (n=15),2500.0,K,1.1e-27,cm6/s,2,3,3,15,12
225,Na (n=3) + Na+ (n=2) → Na (n=3) + Na (n=15),Na (n=3) + Na+ (n=2),Na (n=3) + Na (n=15),3000.0,K,8.9e-28,cm6/s,2,3,3,15,12
225,Na (n=3) + Na+ (n=2) → Na (n=3) + Na (n=15),Na (n=3) + Na+ (n=2),Na (n=3) + Na (n=15),4000.0,K,6e-28,cm6/s,2,3,3,15,12
225,Na (n=3) + Na+ (n=2) → Na (n=3) + Na (n=15),Na (n=3) + Na+ (n=2),Na (n=3) + Na (n=15),5000.0,K,4.4e-28,cm6/s,2,3,3,15,12
226,Na (n=3) + Na+ (n=2) → Na (n=3) + Na (n=16),Na (n=3) + Na+ (n=2),Na (n=3) + Na (n=16),500.0,K,8e-27,cm6/s,2,3,3,16,13
226,Na (n=3) + Na+ (n=2) → Na (n=3) + Na (n=16),Na (n=3) + Na+ (n=2),Na (n=3) + Na (n=16),600.0,K,6.4e-27,cm6/s,2,3,3,16,13
226,Na (n=3) + Na+ (n=2) → Na (n=3) + Na (n=16),Na (n=3) + Na+ (n=2),Na (n=3) + Na (n=16),700.0,K,5.3e-27,cm6/s,2,3,3,16,13
226,Na (n=3) + Na+ (n=2) → Na (n=3) + Na (n=16),Na (n=3) + Na+ (n=2),Na (n=3) + Na (n=16),800.0,K,4.5e-27,cm6/s,2,3,3,16,13
226,Na (n=3) + Na+ (n=2) → Na (n=3) + Na (n=16),Na (n=3) + Na+ (n=2),Na (n=3) + Na (n=16),900.0,K,3.9e-27,cm6/s,2,3,3,16,13
226,Na (n=3) + Na+ (n=2) → Na (n=3) + Na (n=16),Na (n=3) + Na+ (n=2),Na (n=3) + Na (n=16),1000.0,K,3.4e-27,cm6/s,2,3,3,16,13
226,Na (n=3) + Na+ (n=2) → Na (n=3) + Na (n=16),Na (n=3) + Na+ (n=2),Na (n=3) + Na (n=16),1500.0,K,2e-27,cm6/s,2,3,3,16,13
226,Na (n=3) + Na+ (n=2) → Na (n=3) + Na (n=16),Na (n=3) + Na+ (n=2),Na (n=3) + Na (n=16),2000.0,K,1.4e-27,cm6/s,2,3,3,16,13
226,Na (n=3) + Na+ (n=2) → Na (n=3) + Na (n=16),Na (n=3) + Na+ (n=2),Na (n=3) + Na (n=16),2500.0,K,1e-27,cm6/s,2,3,3,16,13
226,Na (n=3) + Na+ (n=2) → Na (n=3) + Na (n=16),Na (n=3) + Na+ (n=2),Na (n=3) + Na (n=16),3000.0,K,8.1e-28,cm6/s,2,3,3,16,13
226,Na (n=3) + Na+ (n=2) → Na (n=3) + Na (n=16),Na (n=3) + Na+ (n=2),Na (n=3) + Na (n=16),4000.0,K,5.5e-28,cm6/s,2,3,3,16,13
226,Na (n=3) + Na+ (n=2) → Na (n=3) + Na (n=16),Na (n=3) + Na+ (n=2),Na (n=3) + Na (n=16),5000.0,K,4e-28,cm6/s,2,3,3,16,13
227,Na (n=3) + Na+ (n=2) → Na (n=3) + Na (n=17),Na (n=3) + Na+ (n=2),Na (n=3) + Na (n=17),500.0,K,7.4e-27,cm6/s,2,3,3,17,14
227,Na (n=3) + Na+ (n=2) → Na (n=3) + Na (n=17),Na (n=3) + Na+ (n=2),Na (n=3) + Na (n=17),600.0,K,6e-27,cm6/s,2,3,3,17,14
227,Na (n=3) + Na+ (n=2) → Na (n=3) + Na (n=17),Na (n=3) + Na+ (n=2),Na (n=3) + Na (n=17),700.0,K,4.9e-27,cm6/s,2,3,3,17,14
227,Na (n=3) + Na+ (n=2) → Na (n=3) + Na (n=17),Na (n=3) + Na+ (n=2),Na (n=3) + Na (n=17),800.0,K,4.2e-27,cm6/s,2,3,3,17,14
227,Na (n=3) + Na+ (n=2) → Na (n=3) + Na (n=17),Na (n=3) + Na+ (n=2),Na (n=3) + Na (n=17),900.0,K,3.6e-27,cm6/s,2,3,3,17,14
227,Na (n=3) + Na+ (n=2) → Na (n=3) + Na (n=17),Na (n=3) + Na+ (n=2),Na (n=3) + Na (n=17),1000.0,K,3.2e-27,cm6/s,2,3,3,17,14
227,Na (n=3) + Na+ (n=2) → Na (n=3) + Na (n=17),Na (n=3) + Na+ (n=2),Na (n=3) + Na (n=17),1500.0,K,1.9e-27,cm6/s,2,3,3,17,14
227,Na (n=3) + Na+ (n=2) → Na (n=3) + Na (n=17),Na (n=3) + Na+ (n=2),Na (n=3) + Na (n=17),2000.0,K,1.3e-27,cm6/s,2,3,3,17,14
227,Na (n=3) + Na+ (n=2) → Na (n=3) + Na (n=17),Na (n=3) + Na+ (n=2),Na (n=3) + Na (n=17),2500.0,K,9.5e-28,cm6/s,2,3,3,17,14
227,Na (n=3) + Na+ (n=2) → Na (n=3) + Na (n=17),Na (n=3) + Na+ (n=2),Na (n=3) + Na (n=17),3000.0,K,7.4e-28,cm6/s,2,3,3,17,14
227,Na (n=3) + Na+ (n=2) → Na (n=3) + Na (n=17),Na (n=3) + Na+ (n=2),Na (n=3) + Na (n=17),4000.0,K,5e-28,cm6/s,2,3,3,17,14
227,Na (n=3) + Na+ (n=2) → Na (n=3) + Na (n=17),Na (n=3) + Na+ (n=2),Na (n=3) + Na (n=17),5000.0,K,3.7e-28,cm6/s,2,3,3,17,14
228,Na (n=3) + Na+ (n=2) → Na (n=3) + Na (n=18),Na (n=3) + Na+ (n=2),Na (n=3) + Na (n=18),500.0,K,6.9e-27,cm6/s,2,3,3,18,15
228,Na (n=3) + Na+ (n=2) → Na (n=3) + Na (n=18),Na (n=3) + Na+ (n=2),Na (n=3) + Na (n=18),600.0,K,5.6e-27,cm6/s,2,3,3,18,15
228,Na (n=3) + Na+ (n=2) → Na (n=3) + Na (n=18),Na (n=3) + Na+ (n=2),Na (n=3) + Na (n=18),700.0,K,4.6e-27,cm6/s,2,3,3,18,15
228,Na (n=3) + Na+ (n=2) → Na (n=3) + Na (n=18),Na (n=3) + Na+ (n=2),Na (n=3) + Na (n=18),800.0,K,3.9e-27,cm6/s,2,3,3,18,15
228,Na (n=3) + Na+ (n=2) → Na (n=3) + Na (n=18),Na (n=3) + Na+ (n=2),Na (n=3) + Na (n=18),900.0,K,3.3e-27,cm6/s,2,3,3,18,15
228,Na (n=3) + Na+ (n=2) → Na (n=3) + Na (n=18),Na (n=3) + Na+ (n=2),Na (n=3) + Na (n=18),1000.0,K,2.9e-27,cm6/s,2,3,3,18,15
228,Na (n=3) + Na+ (n=2) → Na (n=3) + Na (n=18),Na (n=3) + Na+ (n=2),Na (n=3) + Na (n=18),1500.0,K,1.7e-27,cm6/s,2,3,3,18,15
228,Na (n=3) + Na+ (n=2) → Na (n=3) + Na (n=18),Na (n=3) + Na+ (n=2),Na (n=3) + Na (n=18),2000.0,K,1.2e-27,cm6/s,2,3,3,18,15
228,Na (n=3) + Na+ (n=2) → Na (n=3) + Na (n=18),Na (n=3) + Na+ (n=2),Na (n=3) + Na (n=18),2500.0,K,8.7e-28,cm6/s,2,3,3,18,15
228,Na (n=3) + Na+ (n=2) → Na (n=3) + Na (n=18),Na (n=3) + Na+ (n=2),Na (n=3) + Na (n=18),3000.0,K,6.8e-28,cm6/s,2,3,3,18,15
228,Na (n=3) + Na+ (n=2) → Na (n=3) + Na (n=18),Na (n=3) + Na+ (n=2),Na (n=3) + Na (n=18),4000.0,K,4.6e-28,cm6/s,2,3,3,18,15
228,Na (n=3) + Na+ (n=2) → Na (n=3) + Na (n=18),Na (n=3) + Na+ (n=2),Na (n=3) + Na (n=18),5000.0,K,3.4e-28,cm6/s,2,3,3,18,15
229,Na (n=3) + Na+ (n=2) → Na (n=3) + Na (n=19),Na (n=3) + Na+ (n=2),Na (n=3) + Na (n=19),500.0,K,6.5e-27,cm6/s,2,3,3,19,16
229,Na (n=3) + Na+ (n=2) → Na (n=3) + Na (n=19),Na (n=3) + Na+ (n=2),Na (n=3) + Na (n=19),600.0,K,5.2e-27,cm6/s,2,3,3,19,16
229,Na (n=3) + Na+ (n=2) → Na (n=3) + Na (n=19),Na (n=3) + Na+ (n=2),Na (n=3) + Na (n=19),700.0,K,4.3e-27,cm6/s,2,3,3,19,16
229,Na (n=3) + Na+ (n=2) → Na (n=3) + Na (n=19),Na (n=3) + Na+ (n=2),Na (n=3) + Na (n=19),800.0,K,3.6e-27,cm6/s,2,3,3,19,16
229,Na (n=3) + Na+ (n=2) → Na (n=3) + Na (n=19),Na (n=3) + Na+ (n=2),Na (n=3) + Na (n=19),900.0,K,3.1e-27,cm6/s,2,3,3,19,16
229,Na (n=3) + Na+ (n=2) → Na (n=3) + Na (n=19),Na (n=3) + Na+ (n=2),Na (n=3) + Na (n=19),1000.0,K,2.7e-27,cm6/s,2,3,3,19,16
229,Na (n=3) + Na+ (n=2) → Na (n=3) + Na (n=19),Na (n=3) + Na+ (n=2),Na (n=3) + Na (n=19),1500.0,K,1.6e-27,cm6/s,2,3,3,19,16
229,Na (n=3) + Na+ (n=2) → Na (n=3) + Na (n=19),Na (n=3) + Na+ (n=2),Na (n=3) + Na (n=19),2000.0,K,1.1e-27,cm6/s,2,3,3,19,16
229,Na (n=3) + Na+ (n=2) → Na (n=3) + Na (n=19),Na (n=3) + Na+ (n=2),Na (n=3) + Na (n=19),2500.0,K,8.1e-28,cm6/s,2,3,3,19,16
229,Na (n=3) + Na+ (n=2) → Na (n=3) + Na (n=19),Na (n=3) + Na+ (n=2),Na (n=3) + Na (n=19),3000.0,K,6.3e-28,cm6/s,2,3,3,19,16
229,Na (n=3) + Na+ (n=2) → Na (n=3) + Na (n=19),Na (n=3) + Na+ (n=2),Na (n=3) + Na (n=19),4000.0,K,4.2e-28,cm6/s,2,3,3,19,16
229,Na (n=3) + Na+ (n=2) → Na (n=3) + Na (n=19),Na (n=3) + Na+ (n=2),Na (n=3) + Na (n=19),5000.0,K,3.1e-28,cm6/s,2,3,3,19,16
230,Na (n=3) + Na+ (n=2) → Na (n=3) + Na (n=20),Na (n=3) + Na+ (n=2),Na (n=3) + Na (n=20),500.0,K,6.1e-27,cm6/s,2,3,3,20,17
230,Na (n=3) + Na+ (n=2) → Na (n=3) + Na (n=20),Na (n=3) + Na+ (n=2),Na (n=3) + Na (n=20),600.0,K,4.8e-27,cm6/s,2,3,3,20,17
230,Na (n=3) + Na+ (n=2) → Na (n=3) + Na (n=20),Na (n=3) + Na+ (n=2),Na (n=3) + Na (n=20),700.0,K,4e-27,cm6/s,2,3,3,20,17
230,Na (n=3) + Na+ (n=2) → Na (n=3) + Na (n=20),Na (n=3) + Na+ (n=2),Na (n=3) + Na (n=20),800.0,K,3.4e-27,cm6/s,2,3,3,20,17
230,Na (n=3) + Na+ (n=2) → Na (n=3) + Na (n=20),Na (n=3) + Na+ (n=2),Na (n=3) + Na (n=20),900.0,K,2.9e-27,cm6/s,2,3,3,20,17
230,Na (n=3) + Na+ (n=2) → Na (n=3) + Na (n=20),Na (n=3) + Na+ (n=2),Na (n=3) + Na (n=20),1000.0,K,2.5e-27,cm6/s,2,3,3,20,17
230,Na (n=3) + Na+ (n=2) → Na (n=3) + Na (n=20),Na (n=3) + Na+ (n=2),Na (n=3) + Na (n=20),1500.0,K,1.5e-27,cm6/s,2,3,3,20,17
230,Na (n=3) + Na+ (n=2) → Na (n=3) + Na (n=20),Na (n=3) + Na+ (n=2),Na (n=3) + Na (n=20),2000.0,K,1e-27,cm6/s,2,3,3,20,17
230,Na (n=3) + Na+ (n=2) → Na (n=3) + Na (n=20),Na (n=3) + Na+ (n=2),Na (n=3) + Na (n=20),2500.0,K,7.5e-28,cm6/s,2,3,3,20,17
230,Na (n=3) + Na+ (n=2) → Na (n=3) + Na (n=20),Na (n=3) + Na+ (n=2),Na (n=3) + Na (n=20),3000.0,K,5.8e-28,cm6/s,2,3,3,20,17
230,Na (n=3) + Na+ (n=2) → Na (n=3) + Na (n=20),Na (n=3) + Na+ (n=2),Na (n=3) + Na (n=20),4000.0,K,3.9e-28,cm6/s,2,3,3,20,17
230,Na (n=3) + Na+ (n=2) → Na (n=3) + Na (n=20),Na (n=3) + Na+ (n=2),Na (n=3) + Na (n=20),5000.0,K,2.8e-28,cm6/s,2,3,3,20,17
288,H+ (n=1) + H (n=1) → H (n=1) + H (n=2),H+ (n=1) + H (n=1),H (n=1) + H (n=2),4000.0,K,3.8e-31,cm6/s,1,1,1,2,1
288,H+ (n=1) + H (n=1) → H (n=1) + H (n=2),H+ (n=1) + H (n=1),H (n=1) + H (n=2),4500.0,K,6.9768e-30,cm6/s,1,1,1,2,1
288,H+ (n=1) + H (n=1) → H (n=1) + H (n=2),H+ (n=1) + H (n=1),H (n=1) + H (n=2),5000.0,K,9.1586e-30,cm6/s,1,1,1,2,1
288,H+ (n=1) + H (n=1) → H (n=1) + H (n=2),H+ (n=1) + H (n=1),H (n=1) + H (n=2),5500.0,K,9.2349e-30,cm6/s,1,1,1,2,1
288,H+ (n=1) + H (n=1) → H (n=1) + H (n=2),H+ (n=1) + H (n=1),H (n=1) + H (n=2),6000.0,K,8.6909e-30,cm6/s,1,1,1,2,1
288,H+ (n=1) + H (n=1) → H (n=1) + H (n=2),H+ (n=1) + H (n=1),H (n=1) + H (n=2),6500.0,K,7.9904e-30,cm6/s,1,1,1,2,1
288,H+ (n=1) + H (n=1) → H (n=1) + H (n=2),H+ (n=1) + H (n=1),H (n=1) + H (n=2),7000.0,K,7.3114e-30,cm6/s,1,1,1,2,1
288,H+ (n=1) + H (n=1) → H (n=1) + H (n=2),H+ (n=1) + H (n=1),H (n=1) + H (n=2),7500.0,K,6.6804e-30,cm6/s,1,1,1,2,1
288,H+ (n=1) + H (n=1) → H (n=1) + H (n=2),H+ (n=1) + H (n=1),H (n=1) + H (n=2),8000.0,K,6.14068e-30,cm6/s,1,1,1,2,1
288,H+ (n=1) + H (n=1) → H (n=1) + H (n=2),H+ (n=1) + H (n=1),H (n=1) + H (n=2),8500.0,K,5.66286e-30,cm6/s,1,1,1,2,1
288,H+ (n=1) + H (n=1) → H (n=1) + H (n=2),H+ (n=1) + H (n=1),H (n=1) + H (n=2),9000.0,K,5.21203e-30,cm6/s,1,1,1,2,1
288,H+ (n=1) + H (n=1) → H (n=1) + H (n=2),H+ (n=1) + H (n=1),H (n=1) + H (n=2),9500.0,K,4.85268e-30,cm6/s,1,1,1,2,1
288,H+ (n=1) + H (n=1) → H (n=1) + H (n=2),H+ (n=1) + H (n=1),H (n=1) + H (n=2),10000.0,K,4.5194e-30,cm6/s,1,1,1,2,1
288,H+ (n=1) + H (n=1) → H (n=1) + H (n=2),H+ (n=1) + H (n=1),H (n=1) + H (n=2),11000.0,K,3.95746e-30,cm6/s,1,1,1,2,1
288,H+ (n=1) + H (n=1) → H (n=1) + H (n=2),H+ (n=1) + H (n=1),H (n=1) + H (n=2),12000.0,K,3.4943e-30,cm6/s,1,1,1,2,1
288,H+ (n=1) + H (n=1) → H (n=1) + H (n=2),H+ (n=1) + H (n=1),H (n=1) + H (n=2),13000.0,K,3.1365e-30,cm6/s,1,1,1,2,1
288,H+ (n=1) + H (n=1) → H (n=1) + H (n=2),H+ (n=1) + H (n=1),H (n=1) + H (n=2),14000.0,K,2.82855e-30,cm6/s,1,1,1,2,1
288,H+ (n=1) + H (n=1) → H (n=1) + H (n=2),H+ (n=1) + H (n=1),H (n=1) + H (n=2),15000.0,K,2.57544e-30,cm6/s,1,1,1,2,1
288,H+ (n=1) + H (n=1) → H (n=1) + H (n=2),H+ (n=1) + H (n=1),H (n=1) + H (n=2),16000.0,K,2.35144e-30,cm6/s,1,1,1,2,1
288,H+ (n=1) + H (n=1) → H (n=1) + H (n=2),H+ (n=1) + H (n=1),H (n=1) + H (n=2),17000.0,K,2.16756e-30,cm6/s,1,1,1,2,1
288,H+ (n=1) + H (n=1) → H (n=1) + H (n=2),H+ (n=1) + H (n=1),H (n=1) + H (n=2),18000.0,K,2.00254e-30,cm6/s,1,1,1,2,1
288,H+ (n=1) + H (n=1) → H (n=1) + H (n=2),H+ (n=1) + H (n=1),H (n=1) + H (n=2),19000.0,K,1.86018e-30,cm6/s,1,1,1,2,1
288,H+ (n=1) + H (n=1) → H (n=1) + H (n=2),H+ (n=1) + H (n=1),H (n=1) + H (n=2),20000.0,K,1.73237e-30,cm6/s,1,1,1,2,1
289,H+ (n=1) + H (n=1) → H (n=3) + H (n=1),H+ (n=1) + H (n=1),H (n=3) + H (n=1),3000.0,K,4.432e-29,cm6/s,1,1,1,3,2
289,H+ (n=1) + H (n=1) → H (n=3) + H (n=1),H+ (n=1) + H (n=1),H (n=3) + H (n=1),3500.0,K,3.819e-29,cm6/s,1,1,1,3,2
289,H+ (n=1) + H (n=1) → H (n=3) + H (n=1),H+ (n=1) + H (n=1),H (n=3) + H (n=1),4000.0,K,3.294e-29,cm6/s,1,1,1,3,2
289,H+ (n=1) + H (n=1) → H (n=3) + H (n=1),H+ (n=1) + H (n=1),H (n=3) + H (n=1),4500.0,K,2.8365e-29,cm6/s,1,1,1,3,2
289,H+ (n=1) + H (n=1) → H (n=3) + H (n=1),H+ (n=1) + H (n=1),H (n=3) + H (n=1),5000.0,K,2.4882e-29,cm6/s,1,1,1,3,2
289,H+ (n=1) + H (n=1) → H (n=3) + H (n=1),H+ (n=1) + H (n=1),H (n=3) + H (n=1),5500.0,K,2.22e-29,cm6/s,1,1,1,3,2
289,H+ (n=1) + H (n=1) → H (n=3) + H (n=1),H+ (n=1) + H (n=1),H (n=3) + H (n=1),6000.0,K,1.98832e-29,cm6/s,1,1,1,3,2
289,H+ (n=1) + H (n=1) → H (n=3) + H (n=1),H+ (n=1) + H (n=1),H (n=3) + H (n=1),6500.0,K,1.79744e-29,cm6/s,1,1,1,3,2
289,H+ (n=1) + H (n=1) → H (n=3) + H (n=1),H+ (n=1) + H (n=1),H (n=3) + H (n=1),7000.0,K,1.6419e-29,cm6/s,1,1,1,3,2
289,H+ (n=1) + H (n=1) → H (n=3) + H (n=1),H+ (n=1) + H (n=1),H (n=3) + H (n=1),7500.0,K,1.50722e-29,cm6/s,1,1,1,3,2
289,H+ (n=1) + H (n=1) → H (n=3) + H (n=1),H+ (n=1) + H (n=1),H (n=3) + H (n=1),8000.0,K,1.3916e-29,cm6/s,1,1,1,3,2
289,H+ (n=1) + H (n=1) → H (n=3) + H (n=1),H+ (n=1) + H (n=1),H (n=3) + H (n=1),8500.0,K,1.29033e-29,cm6/s,1,1,1,3,2
289,H+ (n=1) + H (n=1) → H (n=3) + H (n=1),H+ (n=1) + H (n=1),H (n=3) + H (n=1),9000.0,K,1.20481e-29,cm6/s,1,1,1,3,2
289,H+ (n=1) + H (n=1) → H (n=3) + H (n=1),H+ (n=1) + H (n=1),H (n=3) + H (n=1),9500.0,K,1.12574e-29,cm6/s,1,1,1,3,2
289,H+ (n=1) + H (n=1) → H (n=3) + H (n=1),H+ (n=1) + H (n=1),H (n=3) + H (n=1),10000.0,K,1.05456e-29,cm6/s,1,1,1,3,2
289,H+ (n=1) + H (n=1) → H (n=3) + H (n=1),H+ (n=1) + H (n=1),H (n=3) + H (n=1),11000.0,K,9.3891e-30,cm6/s,1,1,1,3,2
289,H+ (n=1) + H (n=1) → H (n=3) + H (n=1),H+ (n=1) + H (n=1),H (n=3) + H (n=1),12000.0,K,8.4872e-30,cm6/s,1,1,1,3,2
289,H+ (n=1) + H (n=1) → H (n=3) + H (n=1),H+ (n=1) + H (n=1),H (n=3) + H (n=1),13000.0,K,7.65e-30,cm6/s,1,1,1,3,2
289,H+ (n=1) + H (n=1) → H (n=3) + H (n=1),H+ (n=1) + H (n=1),H (n=3) + H (n=1),14000.0,K,6.99413e-30,cm6/s,1,1,1,3,2
289,H+ (n=1) + H (n=1) → H (n=3) + H (n=1),H+ (n=1) + H (n=1),H (n=3) + H (n=1),15000.0,K,6.42912e-30,cm6/s,1,1,1,3,2
289,H+ (n=1) + H (n=1) → H (n=3) + H (n=1),H+ (n=1) + H (n=1),H (n=3) + H (n=1),16000.0,K,5.93759e-30,cm6/s,1,1,1,3,2
289,H+ (n=1) + H (n=1) → H (n=3) + H (n=1),H+ (n=1) + H (n=1),H (n=3) + H (n=1),17000.0,K,5.52365e-30,cm6/s,1,1,1,3,2
289,H+ (n=1) + H (n=1) → H (n=3) + H (n=1),H+ (n=1) + H (n=1),H (n=3) + H (n=1),18000.0,K,5.14476e-30,cm6/s,1,1,1,3,2
289,H+ (n=1) + H (n=1) → H (n=3) + H (n=1),H+ (n=1) + H (n=1),H (n=3) + H (n=1),19000.0,K,4.8308e-30,cm6/s,1,1,1,3,2
289,H+ (n=1) + H (n=1) → H (n=3) + H (n=1),H+ (n=1) + H (n=1),H (n=3) + H (n=1),20000.0,K,4.53475e-30,cm6/s,1,1,1,3,2
290,H+ (n=1) + H (n=1) → H (n=1) + H (n=4),H+ (n=1) + H (n=1),H (n=1) + H (n=4),3000.0,K,6.70800000000001e-29,cm6/s,1,1,1,4,3
290,H+ (n=1) + H (n=1) → H (n=1) + H (n=4),H+ (n=1) + H (n=1),H (n=1) + H (n=4),3500.0,K,5.6e-29,cm6/s,1,1,1,4,3
290,H+ (n=1) + H (n=1) → H (n=1) + H (n=4),H+ (n=1) + H (n=1),H (n=1) + H (n=4),4000.0,K,4.797e-29,cm6/s,1,1,1,4,3
290,H+ (n=1) + H (n=1) → H (n=1) + H (n=4),H+ (n=1) + H (n=1),H (n=1) + H (n=4),4500.0,K,4.1595e-29,cm6/s,1,1,1,4,3
290,H+ (n=1) + H (n=1) → H (n=1) + H (n=4),H+ (n=1) + H (n=1),H (n=1) + H (n=4),5000.0,K,3.696e-29,cm6/s,1,1,1,4,3
290,H+ (n=1) + H (n=1) → H (n=1) + H (n=4),H+ (n=1) + H (n=1),H (n=1) + H (n=4),5500.0,K,3.29616e-29,cm6/s,1,1,1,4,3
290,H+ (n=1) + H (n=1) → H (n=1) + H (n=4),H+ (n=1) + H (n=1),H (n=1) + H (n=4),6000.0,K,2.97972e-29,cm6/s,1,1,1,4,3
290,H+ (n=1) + H (n=1) → H (n=1) + H (n=4),H+ (n=1) + H (n=1),H (n=1) + H (n=4),6500.0,K,2.71051e-29,cm6/s,1,1,1,4,3
290,H+ (n=1) + H (n=1) → H (n=1) + H (n=4),H+ (n=1) + H (n=1),H (n=1) + H (n=4),7000.0,K,2.48336e-29,cm6/s,1,1,1,4,3
290,H+ (n=1) + H (n=1) → H (n=1) + H (n=4),H+ (n=1) + H (n=1),H (n=1) + H (n=4),7500.0,K,2.28942e-29,cm6/s,1,1,1,4,3
290,H+ (n=1) + H (n=1) → H (n=1) + H (n=4),H+ (n=1) + H (n=1),H (n=1) + H (n=4),8000.0,K,2.1225e-29,cm6/s,1,1,1,4,3
290,H+ (n=1) + H (n=1) → H (n=1) + H (n=4),H+ (n=1) + H (n=1),H (n=1) + H (n=4),8500.0,K,1.9734e-29,cm6/s,1,1,1,4,3
290,H+ (n=1) + H (n=1) → H (n=1) + H (n=4),H+ (n=1) + H (n=1),H (n=1) + H (n=4),9000.0,K,1.84803e-29,cm6/s,1,1,1,4,3
290,H+ (n=1) + H (n=1) → H (n=1) + H (n=4),H+ (n=1) + H (n=1),H (n=1) + H (n=4),9500.0,K,1.72634e-29,cm6/s,1,1,1,4,3
290,H+ (n=1) + H (n=1) → H (n=1) + H (n=4),H+ (n=1) + H (n=1),H (n=1) + H (n=4),10000.0,K,1.6296e-29,cm6/s,1,1,1,4,3
290,H+ (n=1) + H (n=1) → H (n=1) + H (n=4),H+ (n=1) + H (n=1),H (n=1) + H (n=4),11000.0,K,1.45176e-29,cm6/s,1,1,1,4,3
290,H+ (n=1) + H (n=1) → H (n=1) + H (n=4),H+ (n=1) + H (n=1),H (n=1) + H (n=4),12000.0,K,1.3122e-29,cm6/s,1,1,1,4,3
290,H+ (n=1) + H (n=1) → H (n=1) + H (n=4),H+ (n=1) + H (n=1),H (n=1) + H (n=4),13000.0,K,1.19232e-29,cm6/s,1,1,1,4,3
290,H+ (n=1) + H (n=1) → H (n=1) + H (n=4),H+ (n=1) + H (n=1),H (n=1) + H (n=4),14000.0,K,1.08618e-29,cm6/s,1,1,1,4,3
290,H+ (n=1) + H (n=1) → H (n=1) + H (n=4),H+ (n=1) + H (n=1),H (n=1) + H (n=4),15000.0,K,1.00035e-29,cm6/s,1,1,1,4,3
290,H+ (n=1) + H (n=1) → H (n=1) + H (n=4),H+ (n=1) + H (n=1),H (n=1) + H (n=4),16000.0,K,9.2555e-30,cm6/s,1,1,1,4,3
290,H+ (n=1) + H (n=1) → H (n=1) + H (n=4),H+ (n=1) + H (n=1),H (n=1) + H (n=4),17000.0,K,8.60016e-30,cm6/s,1,1,1,4,3
290,H+ (n=1) + H (n=1) → H (n=1) + H (n=4),H+ (n=1) + H (n=1),H (n=1) + H (n=4),18000.0,K,8.0262e-30,cm6/s,1,1,1,4,3
290,H+ (n=1) + H (n=1) → H (n=1) + H (n=4),H+ (n=1) + H (n=1),H (n=1) + H (n=4),19000.0,K,7.51205e-30,cm6/s,1,1,1,4,3
290,H+ (n=1) + H (n=1) → H (n=1) + H (n=4),H+ (n=1) + H (n=1),H (n=1) + H (n=4),20000.0,K,7.06155e-30,cm6/s,1,1,1,4,3
291,H+ (n=1) + H (n=1) → H (n=1) + H (n=5),H+ (n=1) + H (n=1),H (n=1) + H (n=5),3000.0,K,7.828e-29,cm6/s,1,1,1,5,4
291,H+ (n=1) + H (n=1) → H (n=1) + H (n=5),H+ (n=1) + H (n=1),H (n=1) + H (n=5),3500.0,K,6.5709e-29,cm6/s,1,1,1,5,4
291,H+ (n=1) + H (n=1) → H (n=1) + H (n=5),H+ (n=1) + H (n=1),H (n=1) + H (n=5),4000.0,K,5.6202e-29,cm6/s,1,1,1,5,4
291,H+ (n=1) + H (n=1) → H (n=1) + H (n=5),H+ (n=1) + H (n=1),H (n=1) + H (n=5),4500.0,K,4.90818e-29,cm6/s,1,1,1,5,4
291,H+ (n=1) + H (n=1) → H (n=1) + H (n=5),H+ (n=1) + H (n=1),H (n=1) + H (n=5),5000.0,K,4.34125e-29,cm6/s,1,1,1,5,4
291,H+ (n=1) + H (n=1) → H (n=1) + H (n=5),H+ (n=1) + H (n=1),H (n=1) + H (n=5),5500.0,K,3.87873e-29,cm6/s,1,1,1,5,4
291,H+ (n=1) + H (n=1) → H (n=1) + H (n=5),H+ (n=1) + H (n=1),H (n=1) + H (n=5),6000.0,K,3.50436e-29,cm6/s,1,1,1,5,4
291,H+ (n=1) + H (n=1) → H (n=1) + H (n=5),H+ (n=1) + H (n=1),H (n=1) + H (n=5),6500.0,K,3.18602e-29,cm6/s,1,1,1,5,4
291,H+ (n=1) + H (n=1) → H (n=1) + H (n=5),H+ (n=1) + H (n=1),H (n=1) + H (n=5),7000.0,K,2.91641e-29,cm6/s,1,1,1,5,4
291,H+ (n=1) + H (n=1) → H (n=1) + H (n=5),H+ (n=1) + H (n=1),H (n=1) + H (n=5),7500.0,K,2.68546e-29,cm6/s,1,1,1,5,4
291,H+ (n=1) + H (n=1) → H (n=1) + H (n=5),H+ (n=1) + H (n=1),H (n=1) + H (n=5),8000.0,K,2.484e-29,cm6/s,1,1,1,5,4
291,H+ (n=1) + H (n=1) → H (n=1) + H (n=5),H+ (n=1) + H (n=1),H (n=1) + H (n=5),8500.0,K,2.31104e-29,cm6/s,1,1,1,5,4
291,H+ (n=1) + H (n=1) → H (n=1) + H (n=5),H+ (n=1) + H (n=1),H (n=1) + H (n=5),9000.0,K,2.1525e-29,cm6/s,1,1,1,5,4
291,H+ (n=1) + H (n=1) → H (n=1) + H (n=5),H+ (n=1) + H (n=1),H (n=1) + H (n=5),9500.0,K,2.01432e-29,cm6/s,1,1,1,5,4
291,H+ (n=1) + H (n=1) → H (n=1) + H (n=5),H+ (n=1) + H (n=1),H (n=1) + H (n=5),10000.0,K,1.89875e-29,cm6/s,1,1,1,5,4
291,H+ (n=1) + H (n=1) → H (n=1) + H (n=5),H+ (n=1) + H (n=1),H (n=1) + H (n=5),11000.0,K,1.6854e-29,cm6/s,1,1,1,5,4
291,H+ (n=1) + H (n=1) → H (n=1) + H (n=5),H+ (n=1) + H (n=1),H (n=1) + H (n=5),12000.0,K,1.51218e-29,cm6/s,1,1,1,5,4
291,H+ (n=1) + H (n=1) → H (n=1) + H (n=5),H+ (n=1) + H (n=1),H (n=1) + H (n=5),13000.0,K,1.37448e-29,cm6/s,1,1,1,5,4
291,H+ (n=1) + H (n=1) → H (n=1) + H (n=5),H+ (n=1) + H (n=1),H (n=1) + H (n=5),14000.0,K,1.25309e-29,cm6/s,1,1,1,5,4
291,H+ (n=1) + H (n=1) → H (n=1) + H (n=5),H+ (n=1) + H (n=1),H (n=1) + H (n=5),15000.0,K,1.1502e-29,cm6/s,1,1,1,5,4
291,H+ (n=1) + H (n=1) → H (n=1) + H (n=5),H+ (n=1) + H (n=1),H (n=1) + H (n=5),16000.0,K,1.06026e-29,cm6/s,1,1,1,5,4
291,H+ (n=1) + H (n=1) → H (n=1) + H (n=5),H+ (n=1) + H (n=1),H (n=1) + H (n=5),17000.0,K,9.8423e-30,cm6/s,1,1,1,5,4
291,H+ (n=1) + H (n=1) → H (n=1) + H (n=5),H+ (n=1) + H (n=1),H (n=1) + H (n=5),18000.0,K,9.1416e-30,cm6/s,1,1,1,5,4
291,H+ (n=1) + H (n=1) → H (n=1) + H (n=5),H+ (n=1) + H (n=1),H (n=1) + H (n=5),19000.0,K,8.5056e-30,cm6/s,1,1,1,5,4
291,H+ (n=1) + H (n=1) → H (n=1) + H (n=5),H+ (n=1) + H (n=1),H (n=1) + H (n=5),20000.0,K,7.96556e-30,cm6/s,1,1,1,5,4
292,H+ (n=1) + H (n=1) → H (n=1) + H (n=6),H+ (n=1) + H (n=1),H (n=1) + H (n=6),3000.0,K,8.1015e-29,cm6/s,1,1,1,6,5
292,H+ (n=1) + H (n=1) → H (n=1) + H (n=6),H+ (n=1) + H (n=1),H (n=1) + H (n=6),3500.0,K,6.7828e-29,cm6/s,1,1,1,6,5
292,H+ (n=1) + H (n=1) → H (n=1) + H (n=6),H+ (n=1) + H (n=1),H (n=1) + H (n=6),4000.0,K,5.78384e-29,cm6/s,1,1,1,6,5
292,H+ (n=1) + H (n=1) → H (n=1) + H (n=6),H+ (n=1) + H (n=1),H (n=1) + H (n=6),4500.0,K,5.02571e-29,cm6/s,1,1,1,6,5
292,H+ (n=1) + H (n=1) → H (n=1) + H (n=6),H+ (n=1) + H (n=1),H (n=1) + H (n=6),5000.0,K,4.43531e-29,cm6/s,1,1,1,6,5
292,H+ (n=1) + H (n=1) → H (n=1) + H (n=6),H+ (n=1) + H (n=1),H (n=1) + H (n=6),5500.0,K,3.956e-29,cm6/s,1,1,1,6,5
292,H+ (n=1) + H (n=1) → H (n=1) + H (n=6),H+ (n=1) + H (n=1),H (n=1) + H (n=6),6000.0,K,3.56e-29,cm6/s,1,1,1,6,5
292,H+ (n=1) + H (n=1) → H (n=1) + H (n=6),H+ (n=1) + H (n=1),H (n=1) + H (n=6),6500.0,K,3.22812e-29,cm6/s,1,1,1,6,5
292,H+ (n=1) + H (n=1) → H (n=1) + H (n=6),H+ (n=1) + H (n=1),H (n=1) + H (n=6),7000.0,K,2.9475e-29,cm6/s,1,1,1,6,5
292,H+ (n=1) + H (n=1) → H (n=1) + H (n=6),H+ (n=1) + H (n=1),H (n=1) + H (n=6),7500.0,K,2.7081e-29,cm6/s,1,1,1,6,5
292,H+ (n=1) + H (n=1) → H (n=1) + H (n=6),H+ (n=1) + H (n=1),H (n=1) + H (n=6),8000.0,K,2.50059e-29,cm6/s,1,1,1,6,5
292,H+ (n=1) + H (n=1) → H (n=1) + H (n=6),H+ (n=1) + H (n=1),H (n=1) + H (n=6),8500.0,K,2.32056e-29,cm6/s,1,1,1,6,5
292,H+ (n=1) + H (n=1) → H (n=1) + H (n=6),H+ (n=1) + H (n=1),H (n=1) + H (n=6),9000.0,K,2.16007e-29,cm6/s,1,1,1,6,5
292,H+ (n=1) + H (n=1) → H (n=1) + H (n=6),H+ (n=1) + H (n=1),H (n=1) + H (n=6),9500.0,K,2.01624e-29,cm6/s,1,1,1,6,5
292,H+ (n=1) + H (n=1) → H (n=1) + H (n=6),H+ (n=1) + H (n=1),H (n=1) + H (n=6),10000.0,K,1.8929e-29,cm6/s,1,1,1,6,5
292,H+ (n=1) + H (n=1) → H (n=1) + H (n=6),H+ (n=1) + H (n=1),H (n=1) + H (n=6),11000.0,K,1.678e-29,cm6/s,1,1,1,6,5
292,H+ (n=1) + H (n=1) → H (n=1) + H (n=6),H+ (n=1) + H (n=1),H (n=1) + H (n=6),12000.0,K,1.50128e-29,cm6/s,1,1,1,6,5
292,H+ (n=1) + H (n=1) → H (n=1) + H (n=6),H+ (n=1) + H (n=1),H (n=1) + H (n=6),13000.0,K,1.35648e-29,cm6/s,1,1,1,6,5
292,H+ (n=1) + H (n=1) → H (n=1) + H (n=6),H+ (n=1) + H (n=1),H (n=1) + H (n=6),14000.0,K,1.23234e-29,cm6/s,1,1,1,6,5
292,H+ (n=1) + H (n=1) → H (n=1) + H (n=6),H+ (n=1) + H (n=1),H (n=1) + H (n=6),15000.0,K,1.13024e-29,cm6/s,1,1,1,6,5
292,H+ (n=1) + H (n=1) → H (n=1) + H (n=6),H+ (n=1) + H (n=1),H (n=1) + H (n=6),16000.0,K,1.03356e-29,cm6/s,1,1,1,6,5
292,H+ (n=1) + H (n=1) → H (n=1) + H (n=6),H+ (n=1) + H (n=1),H (n=1) + H (n=6),17000.0,K,9.6086e-30,cm6/s,1,1,1,6,5
292,H+ (n=1) + H (n=1) → H (n=1) + H (n=6),H+ (n=1) + H (n=1),H (n=1) + H (n=6),18000.0,K,8.88632e-30,cm6/s,1,1,1,6,5
292,H+ (n=1) + H (n=1) → H (n=1) + H (n=6),H+ (n=1) + H (n=1),H (n=1) + H (n=6),19000.0,K,8.281e-30,cm6/s,1,1,1,6,5
292,H+ (n=1) + H (n=1) → H (n=1) + H (n=6),H+ (n=1) + H (n=1),H (n=1) + H (n=6),20000.0,K,7.7409e-30,cm6/s,1,1,1,6,5
293,H+ (n=1) + H (n=1) → H (n=7) + H (n=1),H+ (n=1) + H (n=1),H (n=7) + H (n=1),3000.0,K,7.7895e-29,cm6/s,1,1,1,7,6
293,H+ (n=1) + H (n=1) → H (n=7) + H (n=1),H+ (n=1) + H (n=1),H (n=7) + H (n=1),3500.0,K,6.5104e-29,cm6/s,1,1,1,7,6
293,H+ (n=1) + H (n=1) → H (n=7) + H (n=1),H+ (n=1) + H (n=1),H (n=7) + H (n=1),4000.0,K,5.52615e-29,cm6/s,1,1,1,7,6
293,H+ (n=1) + H (n=1) → H (n=7) + H (n=1),H+ (n=1) + H (n=1),H (n=7) + H (n=1),4500.0,K,4.79536e-29,cm6/s,1,1,1,7,6
293,H+ (n=1) + H (n=1) → H (n=7) + H (n=1),H+ (n=1) + H (n=1),H (n=7) + H (n=1),5000.0,K,4.20786e-29,cm6/s,1,1,1,7,6
293,H+ (n=1) + H (n=1) → H (n=7) + H (n=1),H+ (n=1) + H (n=1),H (n=7) + H (n=1),5500.0,K,3.74492e-29,cm6/s,1,1,1,7,6
293,H+ (n=1) + H (n=1) → H (n=7) + H (n=1),H+ (n=1) + H (n=1),H (n=7) + H (n=1),6000.0,K,3.366e-29,cm6/s,1,1,1,7,6
293,H+ (n=1) + H (n=1) → H (n=7) + H (n=1),H+ (n=1) + H (n=1),H (n=7) + H (n=1),6500.0,K,3.04198e-29,cm6/s,1,1,1,7,6
293,H+ (n=1) + H (n=1) → H (n=7) + H (n=1),H+ (n=1) + H (n=1),H (n=7) + H (n=1),7000.0,K,2.77008e-29,cm6/s,1,1,1,7,6
293,H+ (n=1) + H (n=1) → H (n=7) + H (n=1),H+ (n=1) + H (n=1),H (n=7) + H (n=1),7500.0,K,2.5434e-29,cm6/s,1,1,1,7,6
293,H+ (n=1) + H (n=1) → H (n=7) + H (n=1),H+ (n=1) + H (n=1),H (n=7) + H (n=1),8000.0,K,2.34806e-29,cm6/s,1,1,1,7,6
293,H+ (n=1) + H (n=1) → H (n=7) + H (n=1),H+ (n=1) + H (n=1),H (n=7) + H (n=1),8500.0,K,2.16891e-29,cm6/s,1,1,1,7,6
293,H+ (n=1) + H (n=1) → H (n=7) + H (n=1),H+ (n=1) + H (n=1),H (n=7) + H (n=1),9000.0,K,2.016e-29,cm6/s,1,1,1,7,6
293,H+ (n=1) + H (n=1) → H (n=7) + H (n=1),H+ (n=1) + H (n=1),H (n=7) + H (n=1),9500.0,K,1.88478e-29,cm6/s,1,1,1,7,6
293,H+ (n=1) + H (n=1) → H (n=7) + H (n=1),H+ (n=1) + H (n=1),H (n=7) + H (n=1),10000.0,K,1.76336e-29,cm6/s,1,1,1,7,6
293,H+ (n=1) + H (n=1) → H (n=7) + H (n=1),H+ (n=1) + H (n=1),H (n=7) + H (n=1),11000.0,K,1.55551e-29,cm6/s,1,1,1,7,6
293,H+ (n=1) + H (n=1) → H (n=7) + H (n=1),H+ (n=1) + H (n=1),H (n=7) + H (n=1),12000.0,K,1.39198e-29,cm6/s,1,1,1,7,6
293,H+ (n=1) + H (n=1) → H (n=7) + H (n=1),H+ (n=1) + H (n=1),H (n=7) + H (n=1),13000.0,K,1.2549e-29,cm6/s,1,1,1,7,6
293,H+ (n=1) + H (n=1) → H (n=7) + H (n=1),H+ (n=1) + H (n=1),H (n=7) + H (n=1),14000.0,K,1.13148e-29,cm6/s,1,1,1,7,6
293,H+ (n=1) + H (n=1) → H (n=7) + H (n=1),H+ (n=1) + H (n=1),H (n=7) + H (n=1),15000.0,K,1.0317e-29,cm6/s,1,1,1,7,6
293,H+ (n=1) + H (n=1) → H (n=7) + H (n=1),H+ (n=1) + H (n=1),H (n=7) + H (n=1),16000.0,K,9.4848e-30,cm6/s,1,1,1,7,6
293,H+ (n=1) + H (n=1) → H (n=7) + H (n=1),H+ (n=1) + H (n=1),H (n=7) + H (n=1),17000.0,K,8.77569e-30,cm6/s,1,1,1,7,6
293,H+ (n=1) + H (n=1) → H (n=7) + H (n=1),H+ (n=1) + H (n=1),H (n=7) + H (n=1),18000.0,K,8.12282e-30,cm6/s,1,1,1,7,6
293,H+ (n=1) + H (n=1) → H (n=7) + H (n=1),H+ (n=1) + H (n=1),H (n=7) + H (n=1),19000.0,K,7.55505e-30,cm6/s,1,1,1,7,6
293,H+ (n=1) + H (n=1) → H (n=7) + H (n=1),H+ (n=1) + H (n=1),H (n=7) + H (n=1),20000.0,K,7.05698e-30,cm6/s,1,1,1,7,6
294,H+ (n=1) + H (n=1) → H (n=8) + H (n=1),H+ (n=1) + H (n=1),H (n=8) + H (n=1),3000.0,K,7.2016e-29,cm6/s,1,1,1,8,7
294,H+ (n=1) + H (n=1) → H (n=8) + H (n=1),H+ (n=1) + H (n=1),H (n=8) + H (n=1),3500.0,K,6.0025e-29,cm6/s,1,1,1,8,7
294,H+ (n=1) + H (n=1) → H (n=8) + H (n=1),H+ (n=1) + H (n=1),H (n=8) + H (n=1),4000.0,K,5.09771e-29,cm6/s,1,1,1,8,7
294,H+ (n=1) + H (n=1) → H (n=8) + H (n=1),H+ (n=1) + H (n=1),H (n=8) + H (n=1),4500.0,K,4.40886e-29,cm6/s,1,1,1,8,7
294,H+ (n=1) + H (n=1) → H (n=8) + H (n=1),H+ (n=1) + H (n=1),H (n=8) + H (n=1),5000.0,K,3.86807e-29,cm6/s,1,1,1,8,7
294,H+ (n=1) + H (n=1) → H (n=8) + H (n=1),H+ (n=1) + H (n=1),H (n=8) + H (n=1),5500.0,K,3.43568e-29,cm6/s,1,1,1,8,7
294,H+ (n=1) + H (n=1) → H (n=8) + H (n=1),H+ (n=1) + H (n=1),H (n=8) + H (n=1),6000.0,K,3.07128e-29,cm6/s,1,1,1,8,7
294,H+ (n=1) + H (n=1) → H (n=8) + H (n=1),H+ (n=1) + H (n=1),H (n=8) + H (n=1),6500.0,K,2.77302e-29,cm6/s,1,1,1,8,7
294,H+ (n=1) + H (n=1) → H (n=8) + H (n=1),H+ (n=1) + H (n=1),H (n=8) + H (n=1),7000.0,K,2.52624e-29,cm6/s,1,1,1,8,7
294,H+ (n=1) + H (n=1) → H (n=8) + H (n=1),H+ (n=1) + H (n=1),H (n=8) + H (n=1),7500.0,K,2.3155e-29,cm6/s,1,1,1,8,7
294,H+ (n=1) + H (n=1) → H (n=8) + H (n=1),H+ (n=1) + H (n=1),H (n=8) + H (n=1),8000.0,K,2.1275e-29,cm6/s,1,1,1,8,7
294,H+ (n=1) + H (n=1) → H (n=8) + H (n=1),H+ (n=1) + H (n=1),H (n=8) + H (n=1),8500.0,K,1.96711e-29,cm6/s,1,1,1,8,7
294,H+ (n=1) + H (n=1) → H (n=8) + H (n=1),H+ (n=1) + H (n=1),H (n=8) + H (n=1),9000.0,K,1.82937e-29,cm6/s,1,1,1,8,7
294,H+ (n=1) + H (n=1) → H (n=8) + H (n=1),H+ (n=1) + H (n=1),H (n=8) + H (n=1),9500.0,K,1.7043e-29,cm6/s,1,1,1,8,7
294,H+ (n=1) + H (n=1) → H (n=8) + H (n=1),H+ (n=1) + H (n=1),H (n=8) + H (n=1),10000.0,K,1.5928e-29,cm6/s,1,1,1,8,7
294,H+ (n=1) + H (n=1) → H (n=8) + H (n=1),H+ (n=1) + H (n=1),H (n=8) + H (n=1),11000.0,K,1.39887e-29,cm6/s,1,1,1,8,7
294,H+ (n=1) + H (n=1) → H (n=8) + H (n=1),H+ (n=1) + H (n=1),H (n=8) + H (n=1),12000.0,K,1.25239e-29,cm6/s,1,1,1,8,7
294,H+ (n=1) + H (n=1) → H (n=8) + H (n=1),H+ (n=1) + H (n=1),H (n=8) + H (n=1),13000.0,K,1.12592e-29,cm6/s,1,1,1,8,7
294,H+ (n=1) + H (n=1) → H (n=8) + H (n=1),H+ (n=1) + H (n=1),H (n=8) + H (n=1),14000.0,K,1.01565e-29,cm6/s,1,1,1,8,7
294,H+ (n=1) + H (n=1) → H (n=8) + H (n=1),H+ (n=1) + H (n=1),H (n=8) + H (n=1),15000.0,K,9.3021e-30,cm6/s,1,1,1,8,7
294,H+ (n=1) + H (n=1) → H (n=8) + H (n=1),H+ (n=1) + H (n=1),H (n=8) + H (n=1),16000.0,K,8.49142e-30,cm6/s,1,1,1,8,7
294,H+ (n=1) + H (n=1) → H (n=8) + H (n=1),H+ (n=1) + H (n=1),H (n=8) + H (n=1),17000.0,K,7.8204e-30,cm6/s,1,1,1,8,7
294,H+ (n=1) + H (n=1) → H (n=8) + H (n=1),H+ (n=1) + H (n=1),H (n=8) + H (n=1),18000.0,K,7.2369e-30,cm6/s,1,1,1,8,7
294,H+ (n=1) + H (n=1) → H (n=8) + H (n=1),H+ (n=1) + H (n=1),H (n=8) + H (n=1),19000.0,K,6.72324e-30,cm6/s,1,1,1,8,7
294,H+ (n=1) + H (n=1) → H (n=8) + H (n=1),H+ (n=1) + H (n=1),H (n=8) + H (n=1),20000.0,K,6.2643e-30,cm6/s,1,1,1,8,7
295,H+ (n=1) + H (n=1) → H (n=9) + H (n=1),H+ (n=1) + H (n=1),H (n=9) + H (n=1),3000.0,K,6.59994e-29,cm6/s,1,1,1,9,8
295,H+ (n=1) + H (n=1) → H (n=9) + H (n=1),H+ (n=1) + H (n=1),H (n=9) + H (n=1),3500.0,K,5.46788e-29,cm6/s,1,1,1,9,8
295,H+ (n=1) + H (n=1) → H (n=9) + H (n=1),H+ (n=1) + H (n=1),H (n=9) + H (n=1),4000.0,K,4.63449e-29,cm6/s,1,1,1,9,8
295,H+ (n=1) + H (n=1) → H (n=9) + H (n=1),H+ (n=1) + H (n=1),H (n=9) + H (n=1),4500.0,K,3.9984e-29,cm6/s,1,1,1,9,8
295,H+ (n=1) + H (n=1) → H (n=9) + H (n=1),H+ (n=1) + H (n=1),H (n=9) + H (n=1),5000.0,K,3.49305e-29,cm6/s,1,1,1,9,8
295,H+ (n=1) + H (n=1) → H (n=9) + H (n=1),H+ (n=1) + H (n=1),H (n=9) + H (n=1),5500.0,K,3.0996e-29,cm6/s,1,1,1,9,8
295,H+ (n=1) + H (n=1) → H (n=9) + H (n=1),H+ (n=1) + H (n=1),H (n=9) + H (n=1),6000.0,K,2.76888e-29,cm6/s,1,1,1,9,8
295,H+ (n=1) + H (n=1) → H (n=9) + H (n=1),H+ (n=1) + H (n=1),H (n=9) + H (n=1),6500.0,K,2.50416e-29,cm6/s,1,1,1,9,8
295,H+ (n=1) + H (n=1) → H (n=9) + H (n=1),H+ (n=1) + H (n=1),H (n=9) + H (n=1),7000.0,K,2.2684e-29,cm6/s,1,1,1,9,8
295,H+ (n=1) + H (n=1) → H (n=9) + H (n=1),H+ (n=1) + H (n=1),H (n=9) + H (n=1),7500.0,K,2.076e-29,cm6/s,1,1,1,9,8
295,H+ (n=1) + H (n=1) → H (n=9) + H (n=1),H+ (n=1) + H (n=1),H (n=9) + H (n=1),8000.0,K,1.90314e-29,cm6/s,1,1,1,9,8
295,H+ (n=1) + H (n=1) → H (n=9) + H (n=1),H+ (n=1) + H (n=1),H (n=9) + H (n=1),8500.0,K,1.76e-29,cm6/s,1,1,1,9,8
295,H+ (n=1) + H (n=1) → H (n=9) + H (n=1),H+ (n=1) + H (n=1),H (n=9) + H (n=1),9000.0,K,1.63208e-29,cm6/s,1,1,1,9,8
295,H+ (n=1) + H (n=1) → H (n=9) + H (n=1),H+ (n=1) + H (n=1),H (n=9) + H (n=1),9500.0,K,1.5181e-29,cm6/s,1,1,1,9,8
295,H+ (n=1) + H (n=1) → H (n=9) + H (n=1),H+ (n=1) + H (n=1),H (n=9) + H (n=1),10000.0,K,1.41884e-29,cm6/s,1,1,1,9,8
295,H+ (n=1) + H (n=1) → H (n=9) + H (n=1),H+ (n=1) + H (n=1),H (n=9) + H (n=1),11000.0,K,1.25166e-29,cm6/s,1,1,1,9,8
295,H+ (n=1) + H (n=1) → H (n=9) + H (n=1),H+ (n=1) + H (n=1),H (n=9) + H (n=1),12000.0,K,1.10836e-29,cm6/s,1,1,1,9,8
295,H+ (n=1) + H (n=1) → H (n=9) + H (n=1),H+ (n=1) + H (n=1),H (n=9) + H (n=1),13000.0,K,9.95760000000001e-30,cm6/s,1,1,1,9,8
295,H+ (n=1) + H (n=1) → H (n=9) + H (n=1),H+ (n=1) + H (n=1),H (n=9) + H (n=1),14000.0,K,9.02016e-30,cm6/s,1,1,1,9,8
295,H+ (n=1) + H (n=1) → H (n=9) + H (n=1),H+ (n=1) + H (n=1),H (n=9) + H (n=1),15000.0,K,8.2104e-30,cm6/s,1,1,1,9,8
295,H+ (n=1) + H (n=1) → H (n=9) + H (n=1),H+ (n=1) + H (n=1),H (n=9) + H (n=1),16000.0,K,7.50537e-30,cm6/s,1,1,1,9,8
295,H+ (n=1) + H (n=1) → H (n=9) + H (n=1),H+ (n=1) + H (n=1),H (n=9) + H (n=1),17000.0,K,6.90694e-30,cm6/s,1,1,1,9,8
295,H+ (n=1) + H (n=1) → H (n=9) + H (n=1),H+ (n=1) + H (n=1),H (n=9) + H (n=1),18000.0,K,6.3882e-30,cm6/s,1,1,1,9,8
295,H+ (n=1) + H (n=1) → H (n=9) + H (n=1),H+ (n=1) + H (n=1),H (n=9) + H (n=1),19000.0,K,5.925e-30,cm6/s,1,1,1,9,8
295,H+ (n=1) + H (n=1) → H (n=9) + H (n=1),H+ (n=1) + H (n=1),H (n=9) + H (n=1),20000.0,K,5.52531e-30,cm6/s,1,1,1,9,8
296,H+ (n=1) + H (n=1) → H (n=10) + H (n=1),H+ (n=1) + H (n=1),H (n=10) + H (n=1),3000.0,K,5.98944e-29,cm6/s,1,1,1,10,9
296,H+ (n=1) + H (n=1) → H (n=10) + H (n=1),H+ (n=1) + H (n=1),H (n=10) + H (n=1),3500.0,K,4.94715e-29,cm6/s,1,1,1,10,9
296,H+ (n=1) + H (n=1) → H (n=10) + H (n=1),H+ (n=1) + H (n=1),H (n=10) + H (n=1),4000.0,K,4.18176e-29,cm6/s,1,1,1,10,9
296,H+ (n=1) + H (n=1) → H (n=10) + H (n=1),H+ (n=1) + H (n=1),H (n=10) + H (n=1),4500.0,K,3.60159e-29,cm6/s,1,1,1,10,9
296,H+ (n=1) + H (n=1) → H (n=10) + H (n=1),H+ (n=1) + H (n=1),H (n=10) + H (n=1),5000.0,K,3.1457e-29,cm6/s,1,1,1,10,9
296,H+ (n=1) + H (n=1) → H (n=10) + H (n=1),H+ (n=1) + H (n=1),H (n=10) + H (n=1),5500.0,K,2.77676e-29,cm6/s,1,1,1,10,9
296,H+ (n=1) + H (n=1) → H (n=10) + H (n=1),H+ (n=1) + H (n=1),H (n=10) + H (n=1),6000.0,K,2.4824e-29,cm6/s,1,1,1,10,9
296,H+ (n=1) + H (n=1) → H (n=10) + H (n=1),H+ (n=1) + H (n=1),H (n=10) + H (n=1),6500.0,K,2.23686e-29,cm6/s,1,1,1,10,9
296,H+ (n=1) + H (n=1) → H (n=10) + H (n=1),H+ (n=1) + H (n=1),H (n=10) + H (n=1),7000.0,K,2.03e-29,cm6/s,1,1,1,10,9
296,H+ (n=1) + H (n=1) → H (n=10) + H (n=1),H+ (n=1) + H (n=1),H (n=10) + H (n=1),7500.0,K,1.8543e-29,cm6/s,1,1,1,10,9
296,H+ (n=1) + H (n=1) → H (n=10) + H (n=1),H+ (n=1) + H (n=1),H (n=10) + H (n=1),8000.0,K,1.70181e-29,cm6/s,1,1,1,10,9
296,H+ (n=1) + H (n=1) → H (n=10) + H (n=1),H+ (n=1) + H (n=1),H (n=10) + H (n=1),8500.0,K,1.56975e-29,cm6/s,1,1,1,10,9
296,H+ (n=1) + H (n=1) → H (n=10) + H (n=1),H+ (n=1) + H (n=1),H (n=10) + H (n=1),9000.0,K,1.45222e-29,cm6/s,1,1,1,10,9
296,H+ (n=1) + H (n=1) → H (n=10) + H (n=1),H+ (n=1) + H (n=1),H (n=10) + H (n=1),9500.0,K,1.35143e-29,cm6/s,1,1,1,10,9
296,H+ (n=1) + H (n=1) → H (n=10) + H (n=1),H+ (n=1) + H (n=1),H (n=10) + H (n=1),10000.0,K,1.25856e-29,cm6/s,1,1,1,10,9
296,H+ (n=1) + H (n=1) → H (n=10) + H (n=1),H+ (n=1) + H (n=1),H (n=10) + H (n=1),11000.0,K,1.104e-29,cm6/s,1,1,1,10,9
296,H+ (n=1) + H (n=1) → H (n=10) + H (n=1),H+ (n=1) + H (n=1),H (n=10) + H (n=1),12000.0,K,9.8262e-30,cm6/s,1,1,1,10,9
296,H+ (n=1) + H (n=1) → H (n=10) + H (n=1),H+ (n=1) + H (n=1),H (n=10) + H (n=1),13000.0,K,8.83551e-30,cm6/s,1,1,1,10,9
296,H+ (n=1) + H (n=1) → H (n=10) + H (n=1),H+ (n=1) + H (n=1),H (n=10) + H (n=1),14000.0,K,7.98238e-30,cm6/s,1,1,1,10,9
296,H+ (n=1) + H (n=1) → H (n=10) + H (n=1),H+ (n=1) + H (n=1),H (n=10) + H (n=1),15000.0,K,7.2534e-30,cm6/s,1,1,1,10,9
296,H+ (n=1) + H (n=1) → H (n=10) + H (n=1),H+ (n=1) + H (n=1),H (n=10) + H (n=1),16000.0,K,6.63146e-30,cm6/s,1,1,1,10,9
296,H+ (n=1) + H (n=1) → H (n=10) + H (n=1),H+ (n=1) + H (n=1),H (n=10) + H (n=1),17000.0,K,6.09258e-30,cm6/s,1,1,1,10,9
296,H+ (n=1) + H (n=1) → H (n=10) + H (n=1),H+ (n=1) + H (n=1),H (n=10) + H (n=1),18000.0,K,5.62632e-30,cm6/s,1,1,1,10,9
296,H+ (n=1) + H (n=1) → H (n=10) + H (n=1),H+ (n=1) + H (n=1),H (n=10) + H (n=1),19000.0,K,5.22385e-30,cm6/s,1,1,1,10,9
296,H+ (n=1) + H (n=1) → H (n=10) + H (n=1),H+ (n=1) + H (n=1),H (n=10) + H (n=1),20000.0,K,4.86156e-30,cm6/s,1,1,1,10,9
297,H+ (n=1) + H (n=1) → H (n=1) + H (n=11),H+ (n=1) + H (n=1),H (n=1) + H (n=11),3000.0,K,5.42328e-29,cm6/s,1,1,1,11,10
297,H+ (n=1) + H (n=1) → H (n=1) + H (n=11),H+ (n=1) + H (n=1),H (n=1) + H (n=11),3500.0,K,4.4679e-29,cm6/s,1,1,1,11,10
297,H+ (n=1) + H (n=1) → H (n=1) + H (n=11),H+ (n=1) + H (n=1),H (n=1) + H (n=11),4000.0,K,3.77098e-29,cm6/s,1,1,1,11,10
297,H+ (n=1) + H (n=1) → H (n=1) + H (n=11),H+ (n=1) + H (n=1),H (n=1) + H (n=11),4500.0,K,3.23145e-29,cm6/s,1,1,1,11,10
297,H+ (n=1) + H (n=1) → H (n=1) + H (n=11),H+ (n=1) + H (n=1),H (n=1) + H (n=11),5000.0,K,2.82532e-29,cm6/s,1,1,1,11,10
297,H+ (n=1) + H (n=1) → H (n=1) + H (n=11),H+ (n=1) + H (n=1),H (n=1) + H (n=11),5500.0,K,2.49407e-29,cm6/s,1,1,1,11,10
297,H+ (n=1) + H (n=1) → H (n=1) + H (n=11),H+ (n=1) + H (n=1),H (n=1) + H (n=11),6000.0,K,2.2287e-29,cm6/s,1,1,1,11,10
297,H+ (n=1) + H (n=1) → H (n=1) + H (n=11),H+ (n=1) + H (n=1),H (n=1) + H (n=11),6500.0,K,2.00441e-29,cm6/s,1,1,1,11,10
297,H+ (n=1) + H (n=1) → H (n=1) + H (n=11),H+ (n=1) + H (n=1),H (n=1) + H (n=11),7000.0,K,1.81764e-29,cm6/s,1,1,1,11,10
297,H+ (n=1) + H (n=1) → H (n=1) + H (n=11),H+ (n=1) + H (n=1),H (n=1) + H (n=11),7500.0,K,1.65232e-29,cm6/s,1,1,1,11,10
297,H+ (n=1) + H (n=1) → H (n=1) + H (n=11),H+ (n=1) + H (n=1),H (n=1) + H (n=11),8000.0,K,1.51872e-29,cm6/s,1,1,1,11,10
297,H+ (n=1) + H (n=1) → H (n=1) + H (n=11),H+ (n=1) + H (n=1),H (n=1) + H (n=11),8500.0,K,1.39986e-29,cm6/s,1,1,1,11,10
297,H+ (n=1) + H (n=1) → H (n=1) + H (n=11),H+ (n=1) + H (n=1),H (n=1) + H (n=11),9000.0,K,1.29788e-29,cm6/s,1,1,1,11,10
297,H+ (n=1) + H (n=1) → H (n=1) + H (n=11),H+ (n=1) + H (n=1),H (n=1) + H (n=11),9500.0,K,1.20389e-29,cm6/s,1,1,1,11,10
297,H+ (n=1) + H (n=1) → H (n=1) + H (n=11),H+ (n=1) + H (n=1),H (n=1) + H (n=11),10000.0,K,1.12606e-29,cm6/s,1,1,1,11,10
297,H+ (n=1) + H (n=1) → H (n=1) + H (n=11),H+ (n=1) + H (n=1),H (n=1) + H (n=11),11000.0,K,9.858e-30,cm6/s,1,1,1,11,10
297,H+ (n=1) + H (n=1) → H (n=1) + H (n=11),H+ (n=1) + H (n=1),H (n=1) + H (n=11),12000.0,K,8.74224e-30,cm6/s,1,1,1,11,10
297,H+ (n=1) + H (n=1) → H (n=1) + H (n=11),H+ (n=1) + H (n=1),H (n=1) + H (n=11),13000.0,K,7.82912e-30,cm6/s,1,1,1,11,10
297,H+ (n=1) + H (n=1) → H (n=1) + H (n=11),H+ (n=1) + H (n=1),H (n=1) + H (n=11),14000.0,K,7.0686e-30,cm6/s,1,1,1,11,10
297,H+ (n=1) + H (n=1) → H (n=1) + H (n=11),H+ (n=1) + H (n=1),H (n=1) + H (n=11),15000.0,K,6.42473e-30,cm6/s,1,1,1,11,10
297,H+ (n=1) + H (n=1) → H (n=1) + H (n=11),H+ (n=1) + H (n=1),H (n=1) + H (n=11),16000.0,K,5.86432e-30,cm6/s,1,1,1,11,10
297,H+ (n=1) + H (n=1) → H (n=1) + H (n=11),H+ (n=1) + H (n=1),H (n=1) + H (n=11),17000.0,K,5.3862e-30,cm6/s,1,1,1,11,10
297,H+ (n=1) + H (n=1) → H (n=1) + H (n=11),H+ (n=1) + H (n=1),H (n=1) + H (n=11),18000.0,K,4.9816e-30,cm6/s,1,1,1,11,10
297,H+ (n=1) + H (n=1) → H (n=1) + H (n=11),H+ (n=1) + H (n=1),H (n=1) + H (n=11),19000.0,K,4.608e-30,cm6/s,1,1,1,11,10
297,H+ (n=1) + H (n=1) → H (n=1) + H (n=11),H+ (n=1) + H (n=1),H (n=1) + H (n=11),20000.0,K,4.29498e-30,cm6/s,1,1,1,11,10
298,H+ (n=1) + H (n=1) → H (n=1) + H (n=12),H+ (n=1) + H (n=1),H (n=1) + H (n=12),3000.0,K,4.91211e-29,cm6/s,1,1,1,12,11
298,H+ (n=1) + H (n=1) → H (n=1) + H (n=12),H+ (n=1) + H (n=1),H (n=1) + H (n=12),3500.0,K,4.03598e-29,cm6/s,1,1,1,12,11
298,H+ (n=1) + H (n=1) → H (n=1) + H (n=12),H+ (n=1) + H (n=1),H (n=1) + H (n=12),4000.0,K,3.39822e-29,cm6/s,1,1,1,12,11
298,H+ (n=1) + H (n=1) → H (n=1) + H (n=12),H+ (n=1) + H (n=1),H (n=1) + H (n=12),4500.0,K,2.91214e-29,cm6/s,1,1,1,12,11
298,H+ (n=1) + H (n=1) → H (n=1) + H (n=12),H+ (n=1) + H (n=1),H (n=1) + H (n=12),5000.0,K,2.54031e-29,cm6/s,1,1,1,12,11
298,H+ (n=1) + H (n=1) → H (n=1) + H (n=12),H+ (n=1) + H (n=1),H (n=1) + H (n=12),5500.0,K,2.2389e-29,cm6/s,1,1,1,12,11
298,H+ (n=1) + H (n=1) → H (n=1) + H (n=12),H+ (n=1) + H (n=1),H (n=1) + H (n=12),6000.0,K,1.998e-29,cm6/s,1,1,1,12,11
298,H+ (n=1) + H (n=1) → H (n=1) + H (n=12),H+ (n=1) + H (n=1),H (n=1) + H (n=12),6500.0,K,1.792e-29,cm6/s,1,1,1,12,11
298,H+ (n=1) + H (n=1) → H (n=1) + H (n=12),H+ (n=1) + H (n=1),H (n=1) + H (n=12),7000.0,K,1.6254e-29,cm6/s,1,1,1,12,11
298,H+ (n=1) + H (n=1) → H (n=1) + H (n=12),H+ (n=1) + H (n=1),H (n=1) + H (n=12),7500.0,K,1.48167e-29,cm6/s,1,1,1,12,11
298,H+ (n=1) + H (n=1) → H (n=1) + H (n=12),H+ (n=1) + H (n=1),H (n=1) + H (n=12),8000.0,K,1.3542e-29,cm6/s,1,1,1,12,11
298,H+ (n=1) + H (n=1) → H (n=1) + H (n=12),H+ (n=1) + H (n=1),H (n=1) + H (n=12),8500.0,K,1.24984e-29,cm6/s,1,1,1,12,11
298,H+ (n=1) + H (n=1) → H (n=1) + H (n=12),H+ (n=1) + H (n=1),H (n=1) + H (n=12),9000.0,K,1.155e-29,cm6/s,1,1,1,12,11
298,H+ (n=1) + H (n=1) → H (n=1) + H (n=12),H+ (n=1) + H (n=1),H (n=1) + H (n=12),9500.0,K,1.07648e-29,cm6/s,1,1,1,12,11
298,H+ (n=1) + H (n=1) → H (n=1) + H (n=12),H+ (n=1) + H (n=1),H (n=1) + H (n=12),10000.0,K,9.9617e-30,cm6/s,1,1,1,12,11
298,H+ (n=1) + H (n=1) → H (n=1) + H (n=12),H+ (n=1) + H (n=1),H (n=1) + H (n=12),11000.0,K,8.77968e-30,cm6/s,1,1,1,12,11
298,H+ (n=1) + H (n=1) → H (n=1) + H (n=12),H+ (n=1) + H (n=1),H (n=1) + H (n=12),12000.0,K,7.78918e-30,cm6/s,1,1,1,12,11
298,H+ (n=1) + H (n=1) → H (n=1) + H (n=12),H+ (n=1) + H (n=1),H (n=1) + H (n=12),13000.0,K,6.96045e-30,cm6/s,1,1,1,12,11
298,H+ (n=1) + H (n=1) → H (n=1) + H (n=12),H+ (n=1) + H (n=1),H (n=1) + H (n=12),14000.0,K,6.2766e-30,cm6/s,1,1,1,12,11
298,H+ (n=1) + H (n=1) → H (n=1) + H (n=12),H+ (n=1) + H (n=1),H (n=1) + H (n=12),15000.0,K,5.7109e-30,cm6/s,1,1,1,12,11
298,H+ (n=1) + H (n=1) → H (n=1) + H (n=12),H+ (n=1) + H (n=1),H (n=1) + H (n=12),16000.0,K,5.21152e-30,cm6/s,1,1,1,12,11
298,H+ (n=1) + H (n=1) → H (n=1) + H (n=12),H+ (n=1) + H (n=1),H (n=1) + H (n=12),17000.0,K,4.7808e-30,cm6/s,1,1,1,12,11
298,H+ (n=1) + H (n=1) → H (n=1) + H (n=12),H+ (n=1) + H (n=1),H (n=1) + H (n=12),18000.0,K,4.42017e-30,cm6/s,1,1,1,12,11
298,H+ (n=1) + H (n=1) → H (n=1) + H (n=12),H+ (n=1) + H (n=1),H (n=1) + H (n=12),19000.0,K,4.0916e-30,cm6/s,1,1,1,12,11
298,H+ (n=1) + H (n=1) → H (n=1) + H (n=12),H+ (n=1) + H (n=1),H (n=1) + H (n=12),20000.0,K,3.80998e-30,cm6/s,1,1,1,12,11
299,H+ (n=1) + H (n=1) → H (n=1) + H (n=13),H+ (n=1) + H (n=1),H (n=1) + H (n=13),3000.0,K,4.44976e-29,cm6/s,1,1,1,13,12
299,H+ (n=1) + H (n=1) → H (n=1) + H (n=13),H+ (n=1) + H (n=1),H (n=1) + H (n=13),3500.0,K,3.65332e-29,cm6/s,1,1,1,13,12
299,H+ (n=1) + H (n=1) → H (n=1) + H (n=13),H+ (n=1) + H (n=1),H (n=1) + H (n=13),4000.0,K,3.0744e-29,cm6/s,1,1,1,13,12
299,H+ (n=1) + H (n=1) → H (n=1) + H (n=13),H+ (n=1) + H (n=1),H (n=1) + H (n=13),4500.0,K,2.63307e-29,cm6/s,1,1,1,13,12
299,H+ (n=1) + H (n=1) → H (n=1) + H (n=13),H+ (n=1) + H (n=1),H (n=1) + H (n=13),5000.0,K,2.2906e-29,cm6/s,1,1,1,13,12
299,H+ (n=1) + H (n=1) → H (n=1) + H (n=13),H+ (n=1) + H (n=1),H (n=1) + H (n=13),5500.0,K,2.0203e-29,cm6/s,1,1,1,13,12
299,H+ (n=1) + H (n=1) → H (n=1) + H (n=13),H+ (n=1) + H (n=1),H (n=1) + H (n=13),6000.0,K,1.798e-29,cm6/s,1,1,1,13,12
299,H+ (n=1) + H (n=1) → H (n=1) + H (n=13),H+ (n=1) + H (n=1),H (n=1) + H (n=13),6500.0,K,1.61268e-29,cm6/s,1,1,1,13,12
299,H+ (n=1) + H (n=1) → H (n=1) + H (n=13),H+ (n=1) + H (n=1),H (n=1) + H (n=13),7000.0,K,1.4608e-29,cm6/s,1,1,1,13,12
299,H+ (n=1) + H (n=1) → H (n=1) + H (n=13),H+ (n=1) + H (n=1),H (n=1) + H (n=13),7500.0,K,1.3311e-29,cm6/s,1,1,1,13,12
299,H+ (n=1) + H (n=1) → H (n=1) + H (n=13),H+ (n=1) + H (n=1),H (n=1) + H (n=13),8000.0,K,1.21836e-29,cm6/s,1,1,1,13,12
299,H+ (n=1) + H (n=1) → H (n=1) + H (n=13),H+ (n=1) + H (n=1),H (n=1) + H (n=13),8500.0,K,1.12288e-29,cm6/s,1,1,1,13,12
299,H+ (n=1) + H (n=1) → H (n=1) + H (n=13),H+ (n=1) + H (n=1),H (n=1) + H (n=13),9000.0,K,1.03452e-29,cm6/s,1,1,1,13,12
299,H+ (n=1) + H (n=1) → H (n=1) + H (n=13),H+ (n=1) + H (n=1),H (n=1) + H (n=13),9500.0,K,9.6305e-30,cm6/s,1,1,1,13,12
299,H+ (n=1) + H (n=1) → H (n=1) + H (n=13),H+ (n=1) + H (n=1),H (n=1) + H (n=13),10000.0,K,8.9579e-30,cm6/s,1,1,1,13,12
299,H+ (n=1) + H (n=1) → H (n=1) + H (n=13),H+ (n=1) + H (n=1),H (n=1) + H (n=13),11000.0,K,7.85408e-30,cm6/s,1,1,1,13,12
299,H+ (n=1) + H (n=1) → H (n=1) + H (n=13),H+ (n=1) + H (n=1),H (n=1) + H (n=13),12000.0,K,6.95617e-30,cm6/s,1,1,1,13,12
299,H+ (n=1) + H (n=1) → H (n=1) + H (n=13),H+ (n=1) + H (n=1),H (n=1) + H (n=13),13000.0,K,6.22309e-30,cm6/s,1,1,1,13,12
299,H+ (n=1) + H (n=1) → H (n=1) + H (n=13),H+ (n=1) + H (n=1),H (n=1) + H (n=13),14000.0,K,5.61172e-30,cm6/s,1,1,1,13,12
299,H+ (n=1) + H (n=1) → H (n=1) + H (n=13),H+ (n=1) + H (n=1),H (n=1) + H (n=13),15000.0,K,5.09229e-30,cm6/s,1,1,1,13,12
299,H+ (n=1) + H (n=1) → H (n=1) + H (n=13),H+ (n=1) + H (n=1),H (n=1) + H (n=13),16000.0,K,4.64646e-30,cm6/s,1,1,1,13,12
299,H+ (n=1) + H (n=1) → H (n=1) + H (n=13),H+ (n=1) + H (n=1),H (n=1) + H (n=13),17000.0,K,4.27052e-30,cm6/s,1,1,1,13,12
299,H+ (n=1) + H (n=1) → H (n=1) + H (n=13),H+ (n=1) + H (n=1),H (n=1) + H (n=13),18000.0,K,3.93162e-30,cm6/s,1,1,1,13,12
299,H+ (n=1) + H (n=1) → H (n=1) + H (n=13),H+ (n=1) + H (n=1),H (n=1) + H (n=13),19000.0,K,3.63968e-30,cm6/s,1,1,1,13,12
299,H+ (n=1) + H (n=1) → H (n=1) + H (n=13),H+ (n=1) + H (n=1),H (n=1) + H (n=13),20000.0,K,3.3853e-30,cm6/s,1,1,1,13,12
300,H+ (n=1) + H (n=1) → H (n=1) + H (n=14),H+ (n=1) + H (n=1),H (n=1) + H (n=14),3000.0,K,4.0504e-29,cm6/s,1,1,1,14,13
300,H+ (n=1) + H (n=1) → H (n=1) + H (n=14),H+ (n=1) + H (n=1),H (n=1) + H (n=14),3500.0,K,3.3189e-29,cm6/s,1,1,1,14,13
300,H+ (n=1) + H (n=1) → H (n=1) + H (n=14),H+ (n=1) + H (n=1),H (n=1) + H (n=14),4000.0,K,2.78628e-29,cm6/s,1,1,1,14,13
300,H+ (n=1) + H (n=1) → H (n=1) + H (n=14),H+ (n=1) + H (n=1),H (n=1) + H (n=14),4500.0,K,2.3787e-29,cm6/s,1,1,1,14,13
300,H+ (n=1) + H (n=1) → H (n=1) + H (n=14),H+ (n=1) + H (n=1),H (n=1) + H (n=14),5000.0,K,2.06944e-29,cm6/s,1,1,1,14,13
300,H+ (n=1) + H (n=1) → H (n=1) + H (n=14),H+ (n=1) + H (n=1),H (n=1) + H (n=14),5500.0,K,1.82002e-29,cm6/s,1,1,1,14,13
300,H+ (n=1) + H (n=1) → H (n=1) + H (n=14),H+ (n=1) + H (n=1),H (n=1) + H (n=14),6000.0,K,1.61802e-29,cm6/s,1,1,1,14,13
300,H+ (n=1) + H (n=1) → H (n=1) + H (n=14),H+ (n=1) + H (n=1),H (n=1) + H (n=14),6500.0,K,1.45485e-29,cm6/s,1,1,1,14,13
300,H+ (n=1) + H (n=1) → H (n=1) + H (n=14),H+ (n=1) + H (n=1),H (n=1) + H (n=14),7000.0,K,1.31703e-29,cm6/s,1,1,1,14,13
300,H+ (n=1) + H (n=1) → H (n=1) + H (n=14),H+ (n=1) + H (n=1),H (n=1) + H (n=14),7500.0,K,1.19454e-29,cm6/s,1,1,1,14,13
300,H+ (n=1) + H (n=1) → H (n=1) + H (n=14),H+ (n=1) + H (n=1),H (n=1) + H (n=14),8000.0,K,1.0974e-29,cm6/s,1,1,1,14,13
300,H+ (n=1) + H (n=1) → H (n=1) + H (n=14),H+ (n=1) + H (n=1),H (n=1) + H (n=14),8500.0,K,1.00872e-29,cm6/s,1,1,1,14,13
300,H+ (n=1) + H (n=1) → H (n=1) + H (n=14),H+ (n=1) + H (n=1),H (n=1) + H (n=14),9000.0,K,9.31434e-30,cm6/s,1,1,1,14,13
300,H+ (n=1) + H (n=1) → H (n=1) + H (n=14),H+ (n=1) + H (n=1),H (n=1) + H (n=14),9500.0,K,8.64779e-30,cm6/s,1,1,1,14,13
300,H+ (n=1) + H (n=1) → H (n=1) + H (n=14),H+ (n=1) + H (n=1),H (n=1) + H (n=14),10000.0,K,8.05232e-30,cm6/s,1,1,1,14,13
300,H+ (n=1) + H (n=1) → H (n=1) + H (n=14),H+ (n=1) + H (n=1),H (n=1) + H (n=14),11000.0,K,7.05107e-30,cm6/s,1,1,1,14,13
300,H+ (n=1) + H (n=1) → H (n=1) + H (n=14),H+ (n=1) + H (n=1),H (n=1) + H (n=14),12000.0,K,6.24215e-30,cm6/s,1,1,1,14,13
300,H+ (n=1) + H (n=1) → H (n=1) + H (n=14),H+ (n=1) + H (n=1),H (n=1) + H (n=14),13000.0,K,5.57931e-30,cm6/s,1,1,1,14,13
300,H+ (n=1) + H (n=1) → H (n=1) + H (n=14),H+ (n=1) + H (n=1),H (n=1) + H (n=14),14000.0,K,5.0304e-30,cm6/s,1,1,1,14,13
300,H+ (n=1) + H (n=1) → H (n=1) + H (n=14),H+ (n=1) + H (n=1),H (n=1) + H (n=14),15000.0,K,4.56462e-30,cm6/s,1,1,1,14,13
300,H+ (n=1) + H (n=1) → H (n=1) + H (n=14),H+ (n=1) + H (n=1),H (n=1) + H (n=14),16000.0,K,4.15915e-30,cm6/s,1,1,1,14,13
300,H+ (n=1) + H (n=1) → H (n=1) + H (n=14),H+ (n=1) + H (n=1),H (n=1) + H (n=14),17000.0,K,3.8236e-30,cm6/s,1,1,1,14,13
300,H+ (n=1) + H (n=1) → H (n=1) + H (n=14),H+ (n=1) + H (n=1),H (n=1) + H (n=14),18000.0,K,3.51747e-30,cm6/s,1,1,1,14,13
300,H+ (n=1) + H (n=1) → H (n=1) + H (n=14),H+ (n=1) + H (n=1),H (n=1) + H (n=14),19000.0,K,3.26256e-30,cm6/s,1,1,1,14,13
300,H+ (n=1) + H (n=1) → H (n=1) + H (n=14),H+ (n=1) + H (n=1),H (n=1) + H (n=14),20000.0,K,3.03576e-30,cm6/s,1,1,1,14,13
301,H+ (n=1) + H (n=1) → H (n=15) + H (n=1),H+ (n=1) + H (n=1),H (n=15) + H (n=1),3000.0,K,3.68828e-29,cm6/s,1,1,1,15,14
301,H+ (n=1) + H (n=1) → H (n=15) + H (n=1),H+ (n=1) + H (n=1),H (n=15) + H (n=1),3500.0,K,3.01536e-29,cm6/s,1,1,1,15,14
301,H+ (n=1) + H (n=1) → H (n=15) + H (n=1),H+ (n=1) + H (n=1),H (n=15) + H (n=1),4000.0,K,2.53152e-29,cm6/s,1,1,1,15,14
301,H+ (n=1) + H (n=1) → H (n=15) + H (n=1),H+ (n=1) + H (n=1),H (n=15) + H (n=1),4500.0,K,2.16513e-29,cm6/s,1,1,1,15,14
301,H+ (n=1) + H (n=1) → H (n=15) + H (n=1),H+ (n=1) + H (n=1),H (n=15) + H (n=1),5000.0,K,1.88309e-29,cm6/s,1,1,1,15,14
301,H+ (n=1) + H (n=1) → H (n=15) + H (n=1),H+ (n=1) + H (n=1),H (n=15) + H (n=1),5500.0,K,1.65438e-29,cm6/s,1,1,1,15,14
301,H+ (n=1) + H (n=1) → H (n=15) + H (n=1),H+ (n=1) + H (n=1),H (n=15) + H (n=1),6000.0,K,1.4656e-29,cm6/s,1,1,1,15,14
301,H+ (n=1) + H (n=1) → H (n=15) + H (n=1),H+ (n=1) + H (n=1),H (n=15) + H (n=1),6500.0,K,1.31846e-29,cm6/s,1,1,1,15,14
301,H+ (n=1) + H (n=1) → H (n=15) + H (n=1),H+ (n=1) + H (n=1),H (n=15) + H (n=1),7000.0,K,1.18784e-29,cm6/s,1,1,1,15,14
301,H+ (n=1) + H (n=1) → H (n=15) + H (n=1),H+ (n=1) + H (n=1),H (n=15) + H (n=1),7500.0,K,1.08112e-29,cm6/s,1,1,1,15,14
301,H+ (n=1) + H (n=1) → H (n=15) + H (n=1),H+ (n=1) + H (n=1),H (n=15) + H (n=1),8000.0,K,9.9216e-30,cm6/s,1,1,1,15,14
301,H+ (n=1) + H (n=1) → H (n=15) + H (n=1),H+ (n=1) + H (n=1),H (n=15) + H (n=1),8500.0,K,9.1086e-30,cm6/s,1,1,1,15,14
301,H+ (n=1) + H (n=1) → H (n=15) + H (n=1),H+ (n=1) + H (n=1),H (n=15) + H (n=1),9000.0,K,8.41156e-30,cm6/s,1,1,1,15,14
301,H+ (n=1) + H (n=1) → H (n=15) + H (n=1),H+ (n=1) + H (n=1),H (n=15) + H (n=1),9500.0,K,7.8045e-30,cm6/s,1,1,1,15,14
301,H+ (n=1) + H (n=1) → H (n=15) + H (n=1),H+ (n=1) + H (n=1),H (n=15) + H (n=1),10000.0,K,7.26934e-30,cm6/s,1,1,1,15,14
301,H+ (n=1) + H (n=1) → H (n=15) + H (n=1),H+ (n=1) + H (n=1),H (n=15) + H (n=1),11000.0,K,6.35651e-30,cm6/s,1,1,1,15,14
301,H+ (n=1) + H (n=1) → H (n=15) + H (n=1),H+ (n=1) + H (n=1),H (n=15) + H (n=1),12000.0,K,5.62716e-30,cm6/s,1,1,1,15,14
301,H+ (n=1) + H (n=1) → H (n=15) + H (n=1),H+ (n=1) + H (n=1),H (n=15) + H (n=1),13000.0,K,5.03564e-30,cm6/s,1,1,1,15,14
301,H+ (n=1) + H (n=1) → H (n=15) + H (n=1),H+ (n=1) + H (n=1),H (n=15) + H (n=1),14000.0,K,4.5308e-30,cm6/s,1,1,1,15,14
301,H+ (n=1) + H (n=1) → H (n=15) + H (n=1),H+ (n=1) + H (n=1),H (n=15) + H (n=1),15000.0,K,4.1055e-30,cm6/s,1,1,1,15,14
301,H+ (n=1) + H (n=1) → H (n=15) + H (n=1),H+ (n=1) + H (n=1),H (n=15) + H (n=1),16000.0,K,3.74616e-30,cm6/s,1,1,1,15,14
301,H+ (n=1) + H (n=1) → H (n=15) + H (n=1),H+ (n=1) + H (n=1),H (n=15) + H (n=1),17000.0,K,3.4338e-30,cm6/s,1,1,1,15,14
301,H+ (n=1) + H (n=1) → H (n=15) + H (n=1),H+ (n=1) + H (n=1),H (n=15) + H (n=1),18000.0,K,3.16872e-30,cm6/s,1,1,1,15,14
301,H+ (n=1) + H (n=1) → H (n=15) + H (n=1),H+ (n=1) + H (n=1),H (n=15) + H (n=1),19000.0,K,2.93174e-30,cm6/s,1,1,1,15,14
301,H+ (n=1) + H (n=1) → H (n=15) + H (n=1),H+ (n=1) + H (n=1),H (n=15) + H (n=1),20000.0,K,2.73e-30,cm6/s,1,1,1,15,14
302,H+ (n=1) + H (n=1) → H (n=16) + H (n=1),H+ (n=1) + H (n=1),H (n=16) + H (n=1),3000.0,K,3.37658e-29,cm6/s,1,1,1,16,15
302,H+ (n=1) + H (n=1) → H (n=16) + H (n=1),H+ (n=1) + H (n=1),H (n=16) + H (n=1),3500.0,K,2.75625e-29,cm6/s,1,1,1,16,15
302,H+ (n=1) + H (n=1) → H (n=16) + H (n=1),H+ (n=1) + H (n=1),H (n=16) + H (n=1),4000.0,K,2.3114e-29,cm6/s,1,1,1,16,15
302,H+ (n=1) + H (n=1) → H (n=16) + H (n=1),H+ (n=1) + H (n=1),H (n=16) + H (n=1),4500.0,K,1.971e-29,cm6/s,1,1,1,16,15
302,H+ (n=1) + H (n=1) → H (n=16) + H (n=1),H+ (n=1) + H (n=1),H (n=16) + H (n=1),5000.0,K,1.70892e-29,cm6/s,1,1,1,16,15
302,H+ (n=1) + H (n=1) → H (n=16) + H (n=1),H+ (n=1) + H (n=1),H (n=16) + H (n=1),5500.0,K,1.50224e-29,cm6/s,1,1,1,16,15
302,H+ (n=1) + H (n=1) → H (n=16) + H (n=1),H+ (n=1) + H (n=1),H (n=16) + H (n=1),6000.0,K,1.33835e-29,cm6/s,1,1,1,16,15
302,H+ (n=1) + H (n=1) → H (n=16) + H (n=1),H+ (n=1) + H (n=1),H (n=16) + H (n=1),6500.0,K,1.19841e-29,cm6/s,1,1,1,16,15
302,H+ (n=1) + H (n=1) → H (n=16) + H (n=1),H+ (n=1) + H (n=1),H (n=16) + H (n=1),7000.0,K,1.08228e-29,cm6/s,1,1,1,16,15
302,H+ (n=1) + H (n=1) → H (n=16) + H (n=1),H+ (n=1) + H (n=1),H (n=16) + H (n=1),7500.0,K,9.849e-30,cm6/s,1,1,1,16,15
302,H+ (n=1) + H (n=1) → H (n=16) + H (n=1),H+ (n=1) + H (n=1),H (n=16) + H (n=1),8000.0,K,8.98655e-30,cm6/s,1,1,1,16,15
302,H+ (n=1) + H (n=1) → H (n=16) + H (n=1),H+ (n=1) + H (n=1),H (n=16) + H (n=1),8500.0,K,8.2593e-30,cm6/s,1,1,1,16,15
302,H+ (n=1) + H (n=1) → H (n=16) + H (n=1),H+ (n=1) + H (n=1),H (n=16) + H (n=1),9000.0,K,7.6314e-30,cm6/s,1,1,1,16,15
302,H+ (n=1) + H (n=1) → H (n=16) + H (n=1),H+ (n=1) + H (n=1),H (n=16) + H (n=1),9500.0,K,7.068e-30,cm6/s,1,1,1,16,15
302,H+ (n=1) + H (n=1) → H (n=16) + H (n=1),H+ (n=1) + H (n=1),H (n=16) + H (n=1),10000.0,K,6.58523e-30,cm6/s,1,1,1,16,15
302,H+ (n=1) + H (n=1) → H (n=16) + H (n=1),H+ (n=1) + H (n=1),H (n=16) + H (n=1),11000.0,K,5.76114e-30,cm6/s,1,1,1,16,15
302,H+ (n=1) + H (n=1) → H (n=16) + H (n=1),H+ (n=1) + H (n=1),H (n=16) + H (n=1),12000.0,K,5.0933e-30,cm6/s,1,1,1,16,15
302,H+ (n=1) + H (n=1) → H (n=16) + H (n=1),H+ (n=1) + H (n=1),H (n=16) + H (n=1),13000.0,K,4.55008e-30,cm6/s,1,1,1,16,15
302,H+ (n=1) + H (n=1) → H (n=16) + H (n=1),H+ (n=1) + H (n=1),H (n=16) + H (n=1),14000.0,K,4.09584e-30,cm6/s,1,1,1,16,15
302,H+ (n=1) + H (n=1) → H (n=16) + H (n=1),H+ (n=1) + H (n=1),H (n=16) + H (n=1),15000.0,K,3.71127e-30,cm6/s,1,1,1,16,15
302,H+ (n=1) + H (n=1) → H (n=16) + H (n=1),H+ (n=1) + H (n=1),H (n=16) + H (n=1),16000.0,K,3.38879e-30,cm6/s,1,1,1,16,15
302,H+ (n=1) + H (n=1) → H (n=16) + H (n=1),H+ (n=1) + H (n=1),H (n=16) + H (n=1),17000.0,K,3.10387e-30,cm6/s,1,1,1,16,15
302,H+ (n=1) + H (n=1) → H (n=16) + H (n=1),H+ (n=1) + H (n=1),H (n=16) + H (n=1),18000.0,K,2.86356e-30,cm6/s,1,1,1,16,15
302,H+ (n=1) + H (n=1) → H (n=16) + H (n=1),H+ (n=1) + H (n=1),H (n=16) + H (n=1),19000.0,K,2.65472e-30,cm6/s,1,1,1,16,15
302,H+ (n=1) + H (n=1) → H (n=16) + H (n=1),H+ (n=1) + H (n=1),H (n=16) + H (n=1),20000.0,K,2.46204e-30,cm6/s,1,1,1,16,15
303,H+ (n=1) + H (n=1) → H (n=17) + H (n=1),H+ (n=1) + H (n=1),H (n=17) + H (n=1),3000.0,K,3.09876e-29,cm6/s,1,1,1,17,16
303,H+ (n=1) + H (n=1) → H (n=17) + H (n=1),H+ (n=1) + H (n=1),H (n=17) + H (n=1),3500.0,K,2.52824e-29,cm6/s,1,1,1,17,16
303,H+ (n=1) + H (n=1) → H (n=17) + H (n=1),H+ (n=1) + H (n=1),H (n=17) + H (n=1),4000.0,K,2.10795e-29,cm6/s,1,1,1,17,16
303,H+ (n=1) + H (n=1) → H (n=17) + H (n=1),H+ (n=1) + H (n=1),H (n=17) + H (n=1),4500.0,K,1.80493e-29,cm6/s,1,1,1,17,16
303,H+ (n=1) + H (n=1) → H (n=17) + H (n=1),H+ (n=1) + H (n=1),H (n=17) + H (n=1),5000.0,K,1.56636e-29,cm6/s,1,1,1,17,16
303,H+ (n=1) + H (n=1) → H (n=17) + H (n=1),H+ (n=1) + H (n=1),H (n=17) + H (n=1),5500.0,K,1.37527e-29,cm6/s,1,1,1,17,16
303,H+ (n=1) + H (n=1) → H (n=17) + H (n=1),H+ (n=1) + H (n=1),H (n=17) + H (n=1),6000.0,K,1.21699e-29,cm6/s,1,1,1,17,16
303,H+ (n=1) + H (n=1) → H (n=17) + H (n=1),H+ (n=1) + H (n=1),H (n=17) + H (n=1),6500.0,K,1.09278e-29,cm6/s,1,1,1,17,16
303,H+ (n=1) + H (n=1) → H (n=17) + H (n=1),H+ (n=1) + H (n=1),H (n=17) + H (n=1),7000.0,K,9.849e-30,cm6/s,1,1,1,17,16
303,H+ (n=1) + H (n=1) → H (n=17) + H (n=1),H+ (n=1) + H (n=1),H (n=17) + H (n=1),7500.0,K,8.949e-30,cm6/s,1,1,1,17,16
303,H+ (n=1) + H (n=1) → H (n=17) + H (n=1),H+ (n=1) + H (n=1),H (n=17) + H (n=1),8000.0,K,8.1829e-30,cm6/s,1,1,1,17,16
303,H+ (n=1) + H (n=1) → H (n=17) + H (n=1),H+ (n=1) + H (n=1),H (n=17) + H (n=1),8500.0,K,7.52557e-30,cm6/s,1,1,1,17,16
303,H+ (n=1) + H (n=1) → H (n=17) + H (n=1),H+ (n=1) + H (n=1),H (n=17) + H (n=1),9000.0,K,6.9496e-30,cm6/s,1,1,1,17,16
303,H+ (n=1) + H (n=1) → H (n=17) + H (n=1),H+ (n=1) + H (n=1),H (n=17) + H (n=1),9500.0,K,6.4395e-30,cm6/s,1,1,1,17,16
303,H+ (n=1) + H (n=1) → H (n=17) + H (n=1),H+ (n=1) + H (n=1),H (n=17) + H (n=1),10000.0,K,5.98456e-30,cm6/s,1,1,1,17,16
303,H+ (n=1) + H (n=1) → H (n=17) + H (n=1),H+ (n=1) + H (n=1),H (n=17) + H (n=1),11000.0,K,5.232e-30,cm6/s,1,1,1,17,16
303,H+ (n=1) + H (n=1) → H (n=17) + H (n=1),H+ (n=1) + H (n=1),H (n=17) + H (n=1),12000.0,K,4.63684e-30,cm6/s,1,1,1,17,16
303,H+ (n=1) + H (n=1) → H (n=17) + H (n=1),H+ (n=1) + H (n=1),H (n=17) + H (n=1),13000.0,K,4.13448e-30,cm6/s,1,1,1,17,16
303,H+ (n=1) + H (n=1) → H (n=17) + H (n=1),H+ (n=1) + H (n=1),H (n=17) + H (n=1),14000.0,K,3.72096e-30,cm6/s,1,1,1,17,16
303,H+ (n=1) + H (n=1) → H (n=17) + H (n=1),H+ (n=1) + H (n=1),H (n=17) + H (n=1),15000.0,K,3.36937e-30,cm6/s,1,1,1,17,16
303,H+ (n=1) + H (n=1) → H (n=17) + H (n=1),H+ (n=1) + H (n=1),H (n=17) + H (n=1),16000.0,K,3.07468e-30,cm6/s,1,1,1,17,16
303,H+ (n=1) + H (n=1) → H (n=17) + H (n=1),H+ (n=1) + H (n=1),H (n=17) + H (n=1),17000.0,K,2.81775e-30,cm6/s,1,1,1,17,16
303,H+ (n=1) + H (n=1) → H (n=17) + H (n=1),H+ (n=1) + H (n=1),H (n=17) + H (n=1),18000.0,K,2.59616e-30,cm6/s,1,1,1,17,16
303,H+ (n=1) + H (n=1) → H (n=17) + H (n=1),H+ (n=1) + H (n=1),H (n=17) + H (n=1),19000.0,K,2.40342e-30,cm6/s,1,1,1,17,16
303,H+ (n=1) + H (n=1) → H (n=17) + H (n=1),H+ (n=1) + H (n=1),H (n=17) + H (n=1),20000.0,K,2.23212e-30,cm6/s,1,1,1,17,16
304,H+ (n=1) + H (n=1) → H (n=18) + H (n=1),H+ (n=1) + H (n=1),H (n=18) + H (n=1),3000.0,K,2.85025e-29,cm6/s,1,1,1,18,17
304,H+ (n=1) + H (n=1) → H (n=18) + H (n=1),H+ (n=1) + H (n=1),H (n=18) + H (n=1),3500.0,K,2.3192e-29,cm6/s,1,1,1,18,17
304,H+ (n=1) + H (n=1) → H (n=18) + H (n=1),H+ (n=1) + H (n=1),H (n=18) + H (n=1),4000.0,K,1.93456e-29,cm6/s,1,1,1,18,17
304,H+ (n=1) + H (n=1) → H (n=18) + H (n=1),H+ (n=1) + H (n=1),H (n=18) + H (n=1),4500.0,K,1.65434e-29,cm6/s,1,1,1,18,17
304,H+ (n=1) + H (n=1) → H (n=18) + H (n=1),H+ (n=1) + H (n=1),H (n=18) + H (n=1),5000.0,K,1.4291e-29,cm6/s,1,1,1,18,17
304,H+ (n=1) + H (n=1) → H (n=18) + H (n=1),H+ (n=1) + H (n=1),H (n=18) + H (n=1),5500.0,K,1.2528e-29,cm6/s,1,1,1,18,17
304,H+ (n=1) + H (n=1) → H (n=18) + H (n=1),H+ (n=1) + H (n=1),H (n=18) + H (n=1),6000.0,K,1.11146e-29,cm6/s,1,1,1,18,17
304,H+ (n=1) + H (n=1) → H (n=18) + H (n=1),H+ (n=1) + H (n=1),H (n=18) + H (n=1),6500.0,K,9.9428e-30,cm6/s,1,1,1,18,17
304,H+ (n=1) + H (n=1) → H (n=18) + H (n=1),H+ (n=1) + H (n=1),H (n=18) + H (n=1),7000.0,K,9.00565e-30,cm6/s,1,1,1,18,17
304,H+ (n=1) + H (n=1) → H (n=18) + H (n=1),H+ (n=1) + H (n=1),H (n=18) + H (n=1),7500.0,K,8.1829e-30,cm6/s,1,1,1,18,17
304,H+ (n=1) + H (n=1) → H (n=18) + H (n=1),H+ (n=1) + H (n=1),H (n=18) + H (n=1),8000.0,K,7.47812e-30,cm6/s,1,1,1,18,17
304,H+ (n=1) + H (n=1) → H (n=18) + H (n=1),H+ (n=1) + H (n=1),H (n=18) + H (n=1),8500.0,K,6.86392e-30,cm6/s,1,1,1,18,17
304,H+ (n=1) + H (n=1) → H (n=18) + H (n=1),H+ (n=1) + H (n=1),H (n=18) + H (n=1),9000.0,K,6.3412e-30,cm6/s,1,1,1,18,17
304,H+ (n=1) + H (n=1) → H (n=18) + H (n=1),H+ (n=1) + H (n=1),H (n=18) + H (n=1),9500.0,K,5.87598e-30,cm6/s,1,1,1,18,17
304,H+ (n=1) + H (n=1) → H (n=18) + H (n=1),H+ (n=1) + H (n=1),H (n=18) + H (n=1),10000.0,K,5.4663e-30,cm6/s,1,1,1,18,17
304,H+ (n=1) + H (n=1) → H (n=18) + H (n=1),H+ (n=1) + H (n=1),H (n=18) + H (n=1),11000.0,K,4.77648e-30,cm6/s,1,1,1,18,17
304,H+ (n=1) + H (n=1) → H (n=18) + H (n=1),H+ (n=1) + H (n=1),H (n=18) + H (n=1),12000.0,K,4.22142e-30,cm6/s,1,1,1,18,17
304,H+ (n=1) + H (n=1) → H (n=18) + H (n=1),H+ (n=1) + H (n=1),H (n=18) + H (n=1),13000.0,K,3.76941e-30,cm6/s,1,1,1,18,17
304,H+ (n=1) + H (n=1) → H (n=18) + H (n=1),H+ (n=1) + H (n=1),H (n=18) + H (n=1),14000.0,K,3.38879e-30,cm6/s,1,1,1,18,17
304,H+ (n=1) + H (n=1) → H (n=18) + H (n=1),H+ (n=1) + H (n=1),H (n=18) + H (n=1),15000.0,K,3.07468e-30,cm6/s,1,1,1,18,17
304,H+ (n=1) + H (n=1) → H (n=18) + H (n=1),H+ (n=1) + H (n=1),H (n=18) + H (n=1),16000.0,K,2.79825e-30,cm6/s,1,1,1,18,17
304,H+ (n=1) + H (n=1) → H (n=18) + H (n=1),H+ (n=1) + H (n=1),H (n=18) + H (n=1),17000.0,K,2.56688e-30,cm6/s,1,1,1,18,17
304,H+ (n=1) + H (n=1) → H (n=18) + H (n=1),H+ (n=1) + H (n=1),H (n=18) + H (n=1),18000.0,K,2.36676e-30,cm6/s,1,1,1,18,17
304,H+ (n=1) + H (n=1) → H (n=18) + H (n=1),H+ (n=1) + H (n=1),H (n=18) + H (n=1),19000.0,K,2.18317e-30,cm6/s,1,1,1,18,17
304,H+ (n=1) + H (n=1) → H (n=18) + H (n=1),H+ (n=1) + H (n=1),H (n=18) + H (n=1),20000.0,K,2.0286e-30,cm6/s,1,1,1,18,17
305,H+ (n=1) + H (n=1) → H (n=1) + H (n=19),H+ (n=1) + H (n=1),H (n=1) + H (n=19),3000.0,K,2.62845e-29,cm6/s,1,1,1,19,18
305,H+ (n=1) + H (n=1) → H (n=1) + H (n=19),H+ (n=1) + H (n=1),H (n=1) + H (n=19),3500.0,K,2.13962e-29,cm6/s,1,1,1,19,18
305,H+ (n=1) + H (n=1) → H (n=1) + H (n=19),H+ (n=1) + H (n=1),H (n=1) + H (n=19),4000.0,K,1.7836e-29,cm6/s,1,1,1,19,18
305,H+ (n=1) + H (n=1) → H (n=1) + H (n=19),H+ (n=1) + H (n=1),H (n=1) + H (n=19),4500.0,K,1.51635e-29,cm6/s,1,1,1,19,18
305,H+ (n=1) + H (n=1) → H (n=1) + H (n=19),H+ (n=1) + H (n=1),H (n=1) + H (n=19),5000.0,K,1.31634e-29,cm6/s,1,1,1,19,18
305,H+ (n=1) + H (n=1) → H (n=1) + H (n=19),H+ (n=1) + H (n=1),H (n=1) + H (n=19),5500.0,K,1.15692e-29,cm6/s,1,1,1,19,18
305,H+ (n=1) + H (n=1) → H (n=1) + H (n=19),H+ (n=1) + H (n=1),H (n=1) + H (n=19),6000.0,K,1.02242e-29,cm6/s,1,1,1,19,18
305,H+ (n=1) + H (n=1) → H (n=1) + H (n=19),H+ (n=1) + H (n=1),H (n=1) + H (n=19),6500.0,K,9.15624e-30,cm6/s,1,1,1,19,18
305,H+ (n=1) + H (n=1) → H (n=1) + H (n=19),H+ (n=1) + H (n=1),H (n=1) + H (n=19),7000.0,K,8.25858e-30,cm6/s,1,1,1,19,18
305,H+ (n=1) + H (n=1) → H (n=1) + H (n=19),H+ (n=1) + H (n=1),H (n=1) + H (n=19),7500.0,K,7.505e-30,cm6/s,1,1,1,19,18
305,H+ (n=1) + H (n=1) → H (n=1) + H (n=19),H+ (n=1) + H (n=1),H (n=1) + H (n=19),8000.0,K,6.8616e-30,cm6/s,1,1,1,19,18
305,H+ (n=1) + H (n=1) → H (n=1) + H (n=19),H+ (n=1) + H (n=1),H (n=1) + H (n=19),8500.0,K,6.29345e-30,cm6/s,1,1,1,19,18
305,H+ (n=1) + H (n=1) → H (n=1) + H (n=19),H+ (n=1) + H (n=1),H (n=1) + H (n=19),9000.0,K,5.81506e-30,cm6/s,1,1,1,19,18
305,H+ (n=1) + H (n=1) → H (n=1) + H (n=19),H+ (n=1) + H (n=1),H (n=1) + H (n=19),9500.0,K,5.3856e-30,cm6/s,1,1,1,19,18
305,H+ (n=1) + H (n=1) → H (n=1) + H (n=19),H+ (n=1) + H (n=1),H (n=1) + H (n=19),10000.0,K,5.0024e-30,cm6/s,1,1,1,19,18
305,H+ (n=1) + H (n=1) → H (n=1) + H (n=19),H+ (n=1) + H (n=1),H (n=1) + H (n=19),11000.0,K,4.37145e-30,cm6/s,1,1,1,19,18
305,H+ (n=1) + H (n=1) → H (n=1) + H (n=19),H+ (n=1) + H (n=1),H (n=1) + H (n=19),12000.0,K,3.86232e-30,cm6/s,1,1,1,19,18
305,H+ (n=1) + H (n=1) → H (n=1) + H (n=19),H+ (n=1) + H (n=1),H (n=1) + H (n=19),13000.0,K,3.44705e-30,cm6/s,1,1,1,19,18
305,H+ (n=1) + H (n=1) → H (n=1) + H (n=19),H+ (n=1) + H (n=1),H (n=1) + H (n=19),14000.0,K,3.10387e-30,cm6/s,1,1,1,19,18
305,H+ (n=1) + H (n=1) → H (n=1) + H (n=19),H+ (n=1) + H (n=1),H (n=1) + H (n=19),15000.0,K,2.808e-30,cm6/s,1,1,1,19,18
305,H+ (n=1) + H (n=1) → H (n=1) + H (n=19),H+ (n=1) + H (n=1),H (n=1) + H (n=19),16000.0,K,2.55712e-30,cm6/s,1,1,1,19,18
305,H+ (n=1) + H (n=1) → H (n=1) + H (n=19),H+ (n=1) + H (n=1),H (n=1) + H (n=19),17000.0,K,2.3472e-30,cm6/s,1,1,1,19,18
305,H+ (n=1) + H (n=1) → H (n=1) + H (n=19),H+ (n=1) + H (n=1),H (n=1) + H (n=19),18000.0,K,2.16359e-30,cm6/s,1,1,1,19,18
305,H+ (n=1) + H (n=1) → H (n=1) + H (n=19),H+ (n=1) + H (n=1),H (n=1) + H (n=19),19000.0,K,1.9992e-30,cm6/s,1,1,1,19,18
305,H+ (n=1) + H (n=1) → H (n=1) + H (n=19),H+ (n=1) + H (n=1),H (n=1) + H (n=19),20000.0,K,1.85409e-30,cm6/s,1,1,1,19,18
306,H+ (n=1) + H (n=1) → H (n=1) + H (n=20),H+ (n=1) + H (n=1),H (n=1) + H (n=20),3000.0,K,2.42624e-29,cm6/s,1,1,1,20,19
306,H+ (n=1) + H (n=1) → H (n=1) + H (n=20),H+ (n=1) + H (n=1),H (n=1) + H (n=20),3500.0,K,1.9729e-29,cm6/s,1,1,1,20,19
306,H+ (n=1) + H (n=1) → H (n=1) + H (n=20),H+ (n=1) + H (n=1),H (n=1) + H (n=20),4000.0,K,1.6488e-29,cm6/s,1,1,1,20,19
306,H+ (n=1) + H (n=1) → H (n=1) + H (n=20),H+ (n=1) + H (n=1),H (n=1) + H (n=20),4500.0,K,1.40448e-29,cm6/s,1,1,1,20,19
306,H+ (n=1) + H (n=1) → H (n=1) + H (n=20),H+ (n=1) + H (n=1),H (n=1) + H (n=20),5000.0,K,1.2103e-29,cm6/s,1,1,1,20,19
306,H+ (n=1) + H (n=1) → H (n=1) + H (n=20),H+ (n=1) + H (n=1),H (n=1) + H (n=20),5500.0,K,1.05881e-29,cm6/s,1,1,1,20,19
306,H+ (n=1) + H (n=1) → H (n=1) + H (n=20),H+ (n=1) + H (n=1),H (n=1) + H (n=20),6000.0,K,9.42e-30,cm6/s,1,1,1,20,19
306,H+ (n=1) + H (n=1) → H (n=1) + H (n=20),H+ (n=1) + H (n=1),H (n=1) + H (n=20),6500.0,K,8.42886e-30,cm6/s,1,1,1,20,19
306,H+ (n=1) + H (n=1) → H (n=1) + H (n=20),H+ (n=1) + H (n=1),H (n=1) + H (n=20),7000.0,K,7.6095e-30,cm6/s,1,1,1,20,19
306,H+ (n=1) + H (n=1) → H (n=1) + H (n=20),H+ (n=1) + H (n=1),H (n=1) + H (n=20),7500.0,K,6.89972e-30,cm6/s,1,1,1,20,19
306,H+ (n=1) + H (n=1) → H (n=1) + H (n=20),H+ (n=1) + H (n=1),H (n=1) + H (n=20),8000.0,K,6.3096e-30,cm6/s,1,1,1,20,19
306,H+ (n=1) + H (n=1) → H (n=1) + H (n=20),H+ (n=1) + H (n=1),H (n=1) + H (n=20),8500.0,K,5.78632e-30,cm6/s,1,1,1,20,19
306,H+ (n=1) + H (n=1) → H (n=1) + H (n=20),H+ (n=1) + H (n=1),H (n=1) + H (n=20),9000.0,K,5.3376e-30,cm6/s,1,1,1,20,19
306,H+ (n=1) + H (n=1) → H (n=1) + H (n=20),H+ (n=1) + H (n=1),H (n=1) + H (n=20),9500.0,K,4.94468e-30,cm6/s,1,1,1,20,19
306,H+ (n=1) + H (n=1) → H (n=1) + H (n=20),H+ (n=1) + H (n=1),H (n=1) + H (n=20),10000.0,K,4.59828e-30,cm6/s,1,1,1,20,19
306,H+ (n=1) + H (n=1) → H (n=1) + H (n=20),H+ (n=1) + H (n=1),H (n=1) + H (n=20),11000.0,K,4.0172e-30,cm6/s,1,1,1,20,19
306,H+ (n=1) + H (n=1) → H (n=1) + H (n=20),H+ (n=1) + H (n=1),H (n=1) + H (n=20),12000.0,K,3.5502e-30,cm6/s,1,1,1,20,19
306,H+ (n=1) + H (n=1) → H (n=1) + H (n=20),H+ (n=1) + H (n=1),H (n=1) + H (n=20),13000.0,K,3.17198e-30,cm6/s,1,1,1,20,19
306,H+ (n=1) + H (n=1) → H (n=1) + H (n=20),H+ (n=1) + H (n=1),H (n=1) + H (n=20),14000.0,K,2.847e-30,cm6/s,1,1,1,20,19
306,H+ (n=1) + H (n=1) → H (n=1) + H (n=20),H+ (n=1) + H (n=1),H (n=1) + H (n=20),15000.0,K,2.57664e-30,cm6/s,1,1,1,20,19
306,H+ (n=1) + H (n=1) → H (n=1) + H (n=20),H+ (n=1) + H (n=1),H (n=1) + H (n=20),16000.0,K,2.3472e-30,cm6/s,1,1,1,20,19
306,H+ (n=1) + H (n=1) → H (n=1) + H (n=20),H+ (n=1) + H (n=1),H (n=1) + H (n=20),17000.0,K,2.1538e-30,cm6/s,1,1,1,20,19
306,H+ (n=1) + H (n=1) → H (n=1) + H (n=20),H+ (n=1) + H (n=1),H (n=1) + H (n=20),18000.0,K,1.9796e-30,cm6/s,1,1,1,20,19
306,H+ (n=1) + H (n=1) → H (n=1) + H (n=20),H+ (n=1) + H (n=1),H (n=1) + H (n=20),19000.0,K,1.83634e-30,cm6/s,1,1,1,20,19
306,H+ (n=1) + H (n=1) → H (n=1) + H (n=20),H+ (n=1) + H (n=1),H (n=1) + H (n=20),20000.0,K,1.70059e-30,cm6/s,1,1,1,20,19
331,He (n=1) + He+ (n=1) → He (n=1) + He (n=3),He (n=1) + He+ (n=1),He (n=1) + He (n=3),7000.0,K,1.1235187028606e-29,cm3/s,1,1,1,3,2
331,He (n=1) + He+ (n=1) → He (n=1) + He (n=3),He (n=1) + He+ (n=1),He (n=1) + He (n=3),8000.0,K,9.74606015848177e-30,cm3/s,1,1,1,3,2
331,He (n=1) + He+ (n=1) → He (n=1) + He (n=3),He (n=1) + He+ (n=1),He (n=1) + He (n=3),9000.0,K,8.51144404463651e-30,cm3/s,1,1,1,3,2
331,He (n=1) + He+ (n=1) → He (n=1) + He (n=3),He (n=1) + He+ (n=1),He (n=1) + He (n=3),10000.0,K,7.4899689296384e-30,cm3/s,1,1,1,3,2
331,He (n=1) + He+ (n=1) → He (n=1) + He (n=3),He (n=1) + He+ (n=1),He (n=1) + He (n=3),11000.0,K,6.71112098978404e-30,cm3/s,1,1,1,3,2
331,He (n=1) + He+ (n=1) → He (n=1) + He (n=3),He (n=1) + He+ (n=1),He (n=1) + He (n=3),12000.0,K,5.98665546979224e-30,cm3/s,1,1,1,3,2
331,He (n=1) + He+ (n=1) → He (n=1) + He (n=3),He (n=1) + He+ (n=1),He (n=1) + He (n=3),13000.0,K,5.51044126710301e-30,cm3/s,1,1,1,3,2
331,He (n=1) + He+ (n=1) → He (n=1) + He (n=3),He (n=1) + He+ (n=1),He (n=1) + He (n=3),14000.0,K,4.93907910497913e-30,cm3/s,1,1,1,3,2
331,He (n=1) + He+ (n=1) → He (n=1) + He (n=3),He (n=1) + He+ (n=1),He (n=1) + He (n=3),15000.0,K,4.55766601673141e-30,cm3/s,1,1,1,3,2
331,He (n=1) + He+ (n=1) → He (n=1) + He (n=3),He (n=1) + He+ (n=1),He (n=1) + He (n=3),16000.0,K,4.22913660499888e-30,cm3/s,1,1,1,3,2
331,He (n=1) + He+ (n=1) → He (n=1) + He (n=3),He (n=1) + He+ (n=1),He (n=1) + He (n=3),17000.0,K,3.95476171710703e-30,cm3/s,1,1,1,3,2
331,He (n=1) + He+ (n=1) → He (n=1) + He (n=3),He (n=1) + He+ (n=1),He (n=1) + He (n=3),18000.0,K,3.64448426157473e-30,cm3/s,1,1,1,3,2
331,He (n=1) + He+ (n=1) → He (n=1) + He (n=3),He (n=1) + He+ (n=1),He (n=1) + He (n=3),19000.0,K,3.41442809013265e-30,cm3/s,1,1,1,3,2
331,He (n=1) + He+ (n=1) → He (n=1) + He (n=3),He (n=1) + He+ (n=1),He (n=1) + He (n=3),20000.0,K,3.17745652972922e-30,cm3/s,1,1,1,3,2
331,He (n=1) + He+ (n=1) → He (n=1) + He (n=3),He (n=1) + He+ (n=1),He (n=1) + He (n=3),21000.0,K,3.00099164669119e-30,cm3/s,1,1,1,3,2
331,He (n=1) + He+ (n=1) → He (n=1) + He (n=3),He (n=1) + He+ (n=1),He (n=1) + He (n=3),22000.0,K,2.84886807106403e-30,cm3/s,1,1,1,3,2
331,He (n=1) + He+ (n=1) → He (n=1) + He (n=3),He (n=1) + He+ (n=1),He (n=1) + He (n=3),23000.0,K,2.69198708332951e-30,cm3/s,1,1,1,3,2
331,He (n=1) + He+ (n=1) → He (n=1) + He (n=3),He (n=1) + He+ (n=1),He (n=1) + He (n=3),24000.0,K,2.56102729764078e-30,cm3/s,1,1,1,3,2
331,He (n=1) + He+ (n=1) → He (n=1) + He (n=3),He (n=1) + He+ (n=1),He (n=1) + He (n=3),25000.0,K,2.41985434921964e-30,cm3/s,1,1,1,3,2
331,He (n=1) + He+ (n=1) → He (n=1) + He (n=3),He (n=1) + He+ (n=1),He (n=1) + He (n=3),26000.0,K,2.29384248802776e-30,cm3/s,1,1,1,3,2
331,He (n=1) + He+ (n=1) → He (n=1) + He (n=3),He (n=1) + He+ (n=1),He (n=1) + He (n=3),27000.0,K,2.18873832883208e-30,cm3/s,1,1,1,3,2
331,He (n=1) + He+ (n=1) → He (n=1) + He (n=3),He (n=1) + He+ (n=1),He (n=1) + He (n=3),28000.0,K,2.08552038188692e-30,cm3/s,1,1,1,3,2
331,He (n=1) + He+ (n=1) → He (n=1) + He (n=3),He (n=1) + He+ (n=1),He (n=1) + He (n=3),29000.0,K,2.01734810720115e-30,cm3/s,1,1,1,3,2
331,He (n=1) + He+ (n=1) → He (n=1) + He (n=3),He (n=1) + He+ (n=1),He (n=1) + He (n=3),30000.0,K,1.91688923014731e-30,cm3/s,1,1,1,3,2
332,He (n=1) + He+ (n=1) → He (n=1) + He (n=4),He (n=1) + He+ (n=1),He (n=1) + He (n=4),7000.0,K,9.81605239481086e-30,cm3/s,1,1,1,4,3
332,He (n=1) + He+ (n=1) → He (n=1) + He (n=4),He (n=1) + He+ (n=1),He (n=1) + He (n=4),8000.0,K,8.6863268214931e-30,cm3/s,1,1,1,4,3
332,He (n=1) + He+ (n=1) → He (n=1) + He (n=4),He (n=1) + He+ (n=1),He (n=1) + He (n=4),9000.0,K,7.38685253879191e-30,cm3/s,1,1,1,4,3
332,He (n=1) + He+ (n=1) → He (n=1) + He (n=4),He (n=1) + He+ (n=1),He (n=1) + He (n=4),10000.0,K,6.59150477878239e-30,cm3/s,1,1,1,4,3
332,He (n=1) + He+ (n=1) → He (n=1) + He (n=4),He (n=1) + He+ (n=1),He (n=1) + He (n=4),11000.0,K,5.74790811553595e-30,cm3/s,1,1,1,4,3
332,He (n=1) + He+ (n=1) → He (n=1) + He (n=4),He (n=1) + He+ (n=1),He (n=1) + He (n=4),12000.0,K,5.24801780607584e-30,cm3/s,1,1,1,4,3
332,He (n=1) + He+ (n=1) → He (n=1) + He (n=4),He (n=1) + He+ (n=1),He (n=1) + He (n=4),13000.0,K,4.74097051393758e-30,cm3/s,1,1,1,4,3
332,He (n=1) + He+ (n=1) → He (n=1) + He (n=4),He (n=1) + He+ (n=1),He (n=1) + He (n=4),14000.0,K,4.33058737243472e-30,cm3/s,1,1,1,4,3
332,He (n=1) + He+ (n=1) → He (n=1) + He (n=4),He (n=1) + He+ (n=1),He (n=1) + He (n=4),15000.0,K,3.93319595690197e-30,cm3/s,1,1,1,4,3
332,He (n=1) + He+ (n=1) → He (n=1) + He (n=4),He (n=1) + He+ (n=1),He (n=1) + He (n=4),16000.0,K,3.60606241588724e-30,cm3/s,1,1,1,4,3
332,He (n=1) + He+ (n=1) → He (n=1) + He (n=4),He (n=1) + He+ (n=1),He (n=1) + He (n=4),17000.0,K,3.38049634859847e-30,cm3/s,1,1,1,4,3
332,He (n=1) + He+ (n=1) → He (n=1) + He (n=4),He (n=1) + He+ (n=1),He (n=1) + He (n=4),18000.0,K,3.13470015174004e-30,cm3/s,1,1,1,4,3
332,He (n=1) + He+ (n=1) → He (n=1) + He (n=4),He (n=1) + He+ (n=1),He (n=1) + He (n=4),19000.0,K,2.89881037949852e-30,cm3/s,1,1,1,4,3
332,He (n=1) + He+ (n=1) → He (n=1) + He (n=4),He (n=1) + He+ (n=1),He (n=1) + He (n=4),20000.0,K,2.72069111792087e-30,cm3/s,1,1,1,4,3
332,He (n=1) + He+ (n=1) → He (n=1) + He (n=4),He (n=1) + He+ (n=1),He (n=1) + He (n=4),21000.0,K,2.54718956911628e-30,cm3/s,1,1,1,4,3
332,He (n=1) + He+ (n=1) → He (n=1) + He (n=4),He (n=1) + He+ (n=1),He (n=1) + He (n=4),22000.0,K,2.398689793967e-30,cm3/s,1,1,1,4,3
332,He (n=1) + He+ (n=1) → He (n=1) + He (n=4),He (n=1) + He+ (n=1),He (n=1) + He (n=4),23000.0,K,2.27047315631235e-30,cm3/s,1,1,1,4,3
332,He (n=1) + He+ (n=1) → He (n=1) + He (n=4),He (n=1) + He+ (n=1),He (n=1) + He (n=4),24000.0,K,2.14935028421067e-30,cm3/s,1,1,1,4,3
332,He (n=1) + He+ (n=1) → He (n=1) + He (n=4),He (n=1) + He+ (n=1),He (n=1) + He (n=4),25000.0,K,2.0269981334168e-30,cm3/s,1,1,1,4,3
332,He (n=1) + He+ (n=1) → He (n=1) + He (n=4),He (n=1) + He+ (n=1),He (n=1) + He (n=4),26000.0,K,1.92901203745805e-30,cm3/s,1,1,1,4,3
332,He (n=1) + He+ (n=1) → He (n=1) + He (n=4),He (n=1) + He+ (n=1),He (n=1) + He (n=4),27000.0,K,1.83169184410434e-30,cm3/s,1,1,1,4,3
332,He (n=1) + He+ (n=1) → He (n=1) + He (n=4),He (n=1) + He+ (n=1),He (n=1) + He (n=4),28000.0,K,1.76626993756771e-30,cm3/s,1,1,1,4,3
332,He (n=1) + He+ (n=1) → He (n=1) + He (n=4),He (n=1) + He+ (n=1),He (n=1) + He (n=4),29000.0,K,1.67484294917779e-30,cm3/s,1,1,1,4,3
332,He (n=1) + He+ (n=1) → He (n=1) + He (n=4),He (n=1) + He+ (n=1),He (n=1) + He (n=4),30000.0,K,1.59771400500018e-30,cm3/s,1,1,1,4,3
333,He (n=1) + He+ (n=1) → He (n=1) + He (n=5),He (n=1) + He+ (n=1),He (n=1) + He (n=5),7000.0,K,8.47939126049458e-30,cm3/s,1,1,1,5,4
333,He (n=1) + He+ (n=1) → He (n=1) + He (n=5),He (n=1) + He+ (n=1),He (n=1) + He (n=5),8000.0,K,7.29878568019418e-30,cm3/s,1,1,1,5,4
333,He (n=1) + He+ (n=1) → He (n=1) + He (n=5),He (n=1) + He+ (n=1),He (n=1) + He (n=5),9000.0,K,6.31236610698745e-30,cm3/s,1,1,1,5,4
333,He (n=1) + He+ (n=1) → He (n=1) + He (n=5),He (n=1) + He+ (n=1),He (n=1) + He (n=5),10000.0,K,5.53069413479205e-30,cm3/s,1,1,1,5,4
333,He (n=1) + He+ (n=1) → He (n=1) + He (n=5),He (n=1) + He+ (n=1),He (n=1) + He (n=5),11000.0,K,4.85692717069884e-30,cm3/s,1,1,1,5,4
333,He (n=1) + He+ (n=1) → He (n=1) + He (n=5),He (n=1) + He+ (n=1),He (n=1) + He (n=5),12000.0,K,4.37342600372862e-30,cm3/s,1,1,1,5,4
333,He (n=1) + He+ (n=1) → He (n=1) + He (n=5),He (n=1) + He+ (n=1),He (n=1) + He (n=5),13000.0,K,3.9434880517777e-30,cm3/s,1,1,1,5,4
333,He (n=1) + He+ (n=1) → He (n=1) + He (n=5),He (n=1) + He+ (n=1),He (n=1) + He (n=5),14000.0,K,3.60998752777649e-30,cm3/s,1,1,1,5,4
333,He (n=1) + He+ (n=1) → He (n=1) + He (n=5),He (n=1) + He+ (n=1),He (n=1) + He (n=5),15000.0,K,3.28676736557581e-30,cm3/s,1,1,1,5,4
333,He (n=1) + He+ (n=1) → He (n=1) + He (n=5),He (n=1) + He+ (n=1),He (n=1) + He (n=5),16000.0,K,3.04459059470957e-30,cm3/s,1,1,1,5,4
333,He (n=1) + He+ (n=1) → He (n=1) + He (n=5),He (n=1) + He+ (n=1),He (n=1) + He (n=5),17000.0,K,2.78619463601512e-30,cm3/s,1,1,1,5,4
333,He (n=1) + He+ (n=1) → He (n=1) + He (n=5),He (n=1) + He+ (n=1),He (n=1) + He (n=5),18000.0,K,2.61405509554603e-30,cm3/s,1,1,1,5,4
333,He (n=1) + He+ (n=1) → He (n=1) + He (n=5),He (n=1) + He+ (n=1),He (n=1) + He (n=5),19000.0,K,2.42404496847162e-30,cm3/s,1,1,1,5,4
333,He (n=1) + He+ (n=1) → He (n=1) + He (n=5),He (n=1) + He+ (n=1),He (n=1) + He (n=5),20000.0,K,2.23812071962848e-30,cm3/s,1,1,1,5,4
333,He (n=1) + He+ (n=1) → He (n=1) + He (n=5),He (n=1) + He+ (n=1),He (n=1) + He (n=5),21000.0,K,2.11646222898475e-30,cm3/s,1,1,1,5,4
333,He (n=1) + He+ (n=1) → He (n=1) + He (n=5),He (n=1) + He+ (n=1),He (n=1) + He (n=5),22000.0,K,1.98635306315505e-30,cm3/s,1,1,1,5,4
333,He (n=1) + He+ (n=1) → He (n=1) + He (n=5),He (n=1) + He+ (n=1),He (n=1) + He (n=5),23000.0,K,1.87663118591736e-30,cm3/s,1,1,1,5,4
333,He (n=1) + He+ (n=1) → He (n=1) + He (n=5),He (n=1) + He+ (n=1),He (n=1) + He (n=5),24000.0,K,1.75400456910651e-30,cm3/s,1,1,1,5,4
333,He (n=1) + He+ (n=1) → He (n=1) + He (n=5),He (n=1) + He+ (n=1),He (n=1) + He (n=5),25000.0,K,1.68352245089099e-30,cm3/s,1,1,1,5,4
333,He (n=1) + He+ (n=1) → He (n=1) + He (n=5),He (n=1) + He+ (n=1),He (n=1) + He (n=5),26000.0,K,1.59283463813896e-30,cm3/s,1,1,1,5,4
333,He (n=1) + He+ (n=1) → He (n=1) + He (n=5),He (n=1) + He+ (n=1),He (n=1) + He (n=5),27000.0,K,1.5115095653885e-30,cm3/s,1,1,1,5,4
333,He (n=1) + He+ (n=1) → He (n=1) + He (n=5),He (n=1) + He+ (n=1),He (n=1) + He (n=5),28000.0,K,1.44943805412161e-30,cm3/s,1,1,1,5,4
333,He (n=1) + He+ (n=1) → He (n=1) + He (n=5),He (n=1) + He+ (n=1),He (n=1) + He (n=5),29000.0,K,1.37246573176295e-30,cm3/s,1,1,1,5,4
333,He (n=1) + He+ (n=1) → He (n=1) + He (n=5),He (n=1) + He+ (n=1),He (n=1) + He (n=5),30000.0,K,1.3035940332727e-30,cm3/s,1,1,1,5,4
334,He (n=1) + He+ (n=1) → He (n=1) + He (n=6),He (n=1) + He+ (n=1),He (n=1) + He (n=6),7000.0,K,7.28104085729441e-30,cm3/s,1,1,1,6,5
334,He (n=1) + He+ (n=1) → He (n=1) + He (n=6),He (n=1) + He+ (n=1),He (n=1) + He (n=6),8000.0,K,6.21028914950154e-30,cm3/s,1,1,1,6,5
334,He (n=1) + He+ (n=1) → He (n=1) + He (n=6),He (n=1) + He+ (n=1),He (n=1) + He (n=6),9000.0,K,5.23466423081651e-30,cm3/s,1,1,1,6,5
334,He (n=1) + He+ (n=1) → He (n=1) + He (n=6),He (n=1) + He+ (n=1),He (n=1) + He (n=6),10000.0,K,4.63680332295694e-30,cm3/s,1,1,1,6,5
334,He (n=1) + He+ (n=1) → He (n=1) + He (n=6),He (n=1) + He+ (n=1),He (n=1) + He (n=6),11000.0,K,4.07532549603328e-30,cm3/s,1,1,1,6,5
334,He (n=1) + He+ (n=1) → He (n=1) + He (n=6),He (n=1) + He+ (n=1),He (n=1) + He (n=6),12000.0,K,3.66904870770815e-30,cm3/s,1,1,1,6,5
334,He (n=1) + He+ (n=1) → He (n=1) + He (n=6),He (n=1) + He+ (n=1),He (n=1) + He (n=6),13000.0,K,3.29957407433535e-30,cm3/s,1,1,1,6,5
334,He (n=1) + He+ (n=1) → He (n=1) + He (n=6),He (n=1) + He+ (n=1),He (n=1) + He (n=6),14000.0,K,2.99830644900355e-30,cm3/s,1,1,1,6,5
334,He (n=1) + He+ (n=1) → He (n=1) + He (n=6),He (n=1) + He+ (n=1),He (n=1) + He (n=6),15000.0,K,2.74853138732548e-30,cm3/s,1,1,1,6,5
334,He (n=1) + He+ (n=1) → He (n=1) + He (n=6),He (n=1) + He+ (n=1),He (n=1) + He (n=6),16000.0,K,2.52127522154911e-30,cm3/s,1,1,1,6,5
334,He (n=1) + He+ (n=1) → He (n=1) + He (n=6),He (n=1) + He+ (n=1),He (n=1) + He (n=6),17000.0,K,2.31963958801163e-30,cm3/s,1,1,1,6,5
334,He (n=1) + He+ (n=1) → He (n=1) + He (n=6),He (n=1) + He+ (n=1),He (n=1) + He (n=6),18000.0,K,2.14680356927367e-30,cm3/s,1,1,1,6,5
334,He (n=1) + He+ (n=1) → He (n=1) + He (n=6),He (n=1) + He+ (n=1),He (n=1) + He (n=6),19000.0,K,2.00605638504886e-30,cm3/s,1,1,1,6,5
334,He (n=1) + He+ (n=1) → He (n=1) + He (n=6),He (n=1) + He+ (n=1),He (n=1) + He (n=6),20000.0,K,1.87287519223349e-30,cm3/s,1,1,1,6,5
334,He (n=1) + He+ (n=1) → He (n=1) + He (n=6),He (n=1) + He+ (n=1),He (n=1) + He (n=6),21000.0,K,1.75977539741454e-30,cm3/s,1,1,1,6,5
334,He (n=1) + He+ (n=1) → He (n=1) + He (n=6),He (n=1) + He+ (n=1),He (n=1) + He (n=6),22000.0,K,1.63273247535344e-30,cm3/s,1,1,1,6,5
334,He (n=1) + He+ (n=1) → He (n=1) + He (n=6),He (n=1) + He+ (n=1),He (n=1) + He (n=6),23000.0,K,1.55727437799159e-30,cm3/s,1,1,1,6,5
334,He (n=1) + He+ (n=1) → He (n=1) + He (n=6),He (n=1) + He+ (n=1),He (n=1) + He (n=6),24000.0,K,1.45409095118027e-30,cm3/s,1,1,1,6,5
334,He (n=1) + He+ (n=1) → He (n=1) + He (n=6),He (n=1) + He+ (n=1),He (n=1) + He (n=6),25000.0,K,1.3760229991003e-30,cm3/s,1,1,1,6,5
334,He (n=1) + He+ (n=1) → He (n=1) + He (n=6),He (n=1) + He+ (n=1),He (n=1) + He (n=6),26000.0,K,1.30317475446084e-30,cm3/s,1,1,1,6,5
334,He (n=1) + He+ (n=1) → He (n=1) + He (n=6),He (n=1) + He+ (n=1),He (n=1) + He (n=6),27000.0,K,1.24824855813894e-30,cm3/s,1,1,1,6,5
334,He (n=1) + He+ (n=1) → He (n=1) + He (n=6),He (n=1) + He+ (n=1),He (n=1) + He (n=6),28000.0,K,1.18242929514085e-30,cm3/s,1,1,1,6,5
334,He (n=1) + He+ (n=1) → He (n=1) + He (n=6),He (n=1) + He+ (n=1),He (n=1) + He (n=6),29000.0,K,1.13070539550384e-30,cm3/s,1,1,1,6,5
334,He (n=1) + He+ (n=1) → He (n=1) + He (n=6),He (n=1) + He+ (n=1),He (n=1) + He (n=6),30000.0,K,1.07946786486479e-30,cm3/s,1,1,1,6,5
335,He (n=1) + He+ (n=1) → He (n=1) + He (n=7),He (n=1) + He+ (n=1),He (n=1) + He (n=7),2.21e-10,cm3/s,6.20752794644644e-30,cm3/s,1,1,1,7,6
335,He (n=1) + He+ (n=1) → He (n=1) + He (n=7),He (n=1) + He+ (n=1),He (n=1) + He (n=7),2.58e-10,cm3/s,5.2033751419689e-30,cm3/s,1,1,1,7,6
335,He (n=1) + He+ (n=1) → He (n=1) + He (n=7),He (n=1) + He+ (n=1),He (n=1) + He (n=7),2.85e-10,cm3/s,4.53740818771929e-30,cm3/s,1,1,1,7,6
335,He (n=1) + He+ (n=1) → He (n=1) + He (n=7),He (n=1) + He+ (n=1),He (n=1) + He (n=7),3e-10,cm3/s,4.00213678195088e-30,cm3/s,1,1,1,7,6
335,He (n=1) + He+ (n=1) → He (n=1) + He (n=7),He (n=1) + He+ (n=1),He (n=1) + He (n=7),3.15e-10,cm3/s,3.46904910845319e-30,cm3/s,1,1,1,7,6
335,He (n=1) + He+ (n=1) → He (n=1) + He (n=7),He (n=1) + He+ (n=1),He (n=1) + He (n=7),3.24e-10,cm3/s,3.09936012073236e-30,cm3/s,1,1,1,7,6
335,He (n=1) + He+ (n=1) → He (n=1) + He (n=7),He (n=1) + He+ (n=1),He (n=1) + He (n=7),3.34e-10,cm3/s,2.73433542195006e-30,cm3/s,1,1,1,7,6
335,He (n=1) + He+ (n=1) → He (n=1) + He (n=7),He (n=1) + He+ (n=1),He (n=1) + He (n=7),3.39e-10,cm3/s,2.51504969137799e-30,cm3/s,1,1,1,7,6
335,He (n=1) + He+ (n=1) → He (n=1) + He (n=7),He (n=1) + He+ (n=1),He (n=1) + He (n=7),3.39e-10,cm3/s,2.30278427753362e-30,cm3/s,1,1,1,7,6
335,He (n=1) + He+ (n=1) → He (n=1) + He (n=7),He (n=1) + He+ (n=1),He (n=1) + He (n=7),3.4e-10,cm3/s,2.10289173853945e-30,cm3/s,1,1,1,7,6
335,He (n=1) + He+ (n=1) → He (n=1) + He (n=7),He (n=1) + He+ (n=1),He (n=1) + He (n=7),3.4e-10,cm3/s,1.95272617887411e-30,cm3/s,1,1,1,7,6
335,He (n=1) + He+ (n=1) → He (n=1) + He (n=7),He (n=1) + He+ (n=1),He (n=1) + He (n=7),3.35e-10,cm3/s,1.80892432368345e-30,cm3/s,1,1,1,7,6
335,He (n=1) + He+ (n=1) → He (n=1) + He (n=7),He (n=1) + He+ (n=1),He (n=1) + He (n=7),3.36e-10,cm3/s,1.68692270704043e-30,cm3/s,1,1,1,7,6
335,He (n=1) + He+ (n=1) → He (n=1) + He (n=7),He (n=1) + He+ (n=1),He (n=1) + He (n=7),3.29e-10,cm3/s,1.56671273110714e-30,cm3/s,1,1,1,7,6
335,He (n=1) + He+ (n=1) → He (n=1) + He (n=7),He (n=1) + He+ (n=1),He (n=1) + He (n=7),3.31e-10,cm3/s,1.45383741910214e-30,cm3/s,1,1,1,7,6
335,He (n=1) + He+ (n=1) → He (n=1) + He (n=7),He (n=1) + He+ (n=1),He (n=1) + He (n=7),3.22e-10,cm3/s,1.36334413851422e-30,cm3/s,1,1,1,7,6
335,He (n=1) + He+ (n=1) → He (n=1) + He (n=7),He (n=1) + He+ (n=1),He (n=1) + He (n=7),3.19e-10,cm3/s,1.27978415968689e-30,cm3/s,1,1,1,7,6
335,He (n=1) + He+ (n=1) → He (n=1) + He (n=7),He (n=1) + He+ (n=1),He (n=1) + He (n=7),3.15e-10,cm3/s,1.2380099535027e-30,cm3/s,1,1,1,7,6
335,He (n=1) + He+ (n=1) → He (n=1) + He (n=7),He (n=1) + He+ (n=1),He (n=1) + He (n=7),3.08e-10,cm3/s,1.15275589641471e-30,cm3/s,1,1,1,7,6
335,He (n=1) + He+ (n=1) → He (n=1) + He (n=7),He (n=1) + He+ (n=1),He (n=1) + He (n=7),3.04e-10,cm3/s,1.07342282958995e-30,cm3/s,1,1,1,7,6
335,He (n=1) + He+ (n=1) → He (n=1) + He (n=7),He (n=1) + He+ (n=1),He (n=1) + He (n=7),3.01e-10,cm3/s,1.04309390919131e-30,cm3/s,1,1,1,7,6
335,He (n=1) + He+ (n=1) → He (n=1) + He (n=7),He (n=1) + He+ (n=1),He (n=1) + He (n=7),2.96e-10,cm3/s,9.92305041524867e-31,cm3/s,1,1,1,7,6
335,He (n=1) + He+ (n=1) → He (n=1) + He (n=7),He (n=1) + He+ (n=1),He (n=1) + He (n=7),2.9e-10,cm3/s,9.49884906935037e-31,cm3/s,1,1,1,7,6
335,He (n=1) + He+ (n=1) → He (n=1) + He (n=7),He (n=1) + He+ (n=1),He (n=1) + He (n=7),2.87e-10,cm3/s,8.8758545257853e-31,cm3/s,1,1,1,7,6
336,He (n=1) + He+ (n=1) → He (n=8) + He (n=1),He (n=1) + He+ (n=1),He (n=8) + He (n=1),7000.0,K,5.28877969068181e-30,cm3/s,1,1,1,8,7
336,He (n=1) + He+ (n=1) → He (n=8) + He (n=1),He (n=1) + He+ (n=1),He (n=8) + He (n=1),8000.0,K,4.43594915771064e-30,cm3/s,1,1,1,8,7
336,He (n=1) + He+ (n=1) → He (n=8) + He (n=1),He (n=1) + He+ (n=1),He (n=8) + He (n=1),9000.0,K,3.83648257877131e-30,cm3/s,1,1,1,8,7
336,He (n=1) + He+ (n=1) → He (n=8) + He (n=1),He (n=1) + He+ (n=1),He (n=8) + He (n=1),10000.0,K,3.38238070810519e-30,cm3/s,1,1,1,8,7
336,He (n=1) + He+ (n=1) → He (n=8) + He (n=1),He (n=1) + He+ (n=1),He (n=8) + He (n=1),11000.0,K,2.95459847575914e-30,cm3/s,1,1,1,8,7
336,He (n=1) + He+ (n=1) → He (n=8) + He (n=1),He (n=1) + He+ (n=1),He (n=8) + He (n=1),12000.0,K,2.65759990783931e-30,cm3/s,1,1,1,8,7
336,He (n=1) + He+ (n=1) → He (n=8) + He (n=1),He (n=1) + He+ (n=1),He (n=8) + He (n=1),13000.0,K,2.37343021250451e-30,cm3/s,1,1,1,8,7
336,He (n=1) + He+ (n=1) → He (n=8) + He (n=1),He (n=1) + He+ (n=1),He (n=8) + He (n=1),14000.0,K,2.1611950812444e-30,cm3/s,1,1,1,8,7
336,He (n=1) + He+ (n=1) → He (n=8) + He (n=1),He (n=1) + He+ (n=1),He (n=8) + He (n=1),15000.0,K,1.95625260207226e-30,cm3/s,1,1,1,8,7
336,He (n=1) + He+ (n=1) → He (n=8) + He (n=1),He (n=1) + He+ (n=1),He (n=8) + He (n=1),16000.0,K,1.79086965560413e-30,cm3/s,1,1,1,8,7
336,He (n=1) + He+ (n=1) → He (n=8) + He (n=1),He (n=1) + He+ (n=1),He (n=8) + He (n=1),17000.0,K,1.63635422917094e-30,cm3/s,1,1,1,8,7
336,He (n=1) + He+ (n=1) → He (n=8) + He (n=1),He (n=1) + He+ (n=1),He (n=8) + He (n=1),18000.0,K,1.52787981904375e-30,cm3/s,1,1,1,8,7
336,He (n=1) + He+ (n=1) → He (n=8) + He (n=1),He (n=1) + He+ (n=1),He (n=8) + He (n=1),19000.0,K,1.42010624514959e-30,cm3/s,1,1,1,8,7
336,He (n=1) + He+ (n=1) → He (n=8) + He (n=1),He (n=1) + He+ (n=1),He (n=8) + He (n=1),20000.0,K,1.32347173223781e-30,cm3/s,1,1,1,8,7
336,He (n=1) + He+ (n=1) → He (n=8) + He (n=1),He (n=1) + He+ (n=1),He (n=8) + He (n=1),21000.0,K,1.24130534150612e-30,cm3/s,1,1,1,8,7
336,He (n=1) + He+ (n=1) → He (n=8) + He (n=1),He (n=1) + He+ (n=1),He (n=8) + He (n=1),22000.0,K,1.16804203338247e-30,cm3/s,1,1,1,8,7
336,He (n=1) + He+ (n=1) → He (n=8) + He (n=1),He (n=1) + He+ (n=1),He (n=8) + He (n=1),23000.0,K,1.08964352194561e-30,cm3/s,1,1,1,8,7
336,He (n=1) + He+ (n=1) → He (n=8) + He (n=1),He (n=1) + He+ (n=1),He (n=8) + He (n=1),24000.0,K,1.03083015840761e-30,cm3/s,1,1,1,8,7
336,He (n=1) + He+ (n=1) → He (n=8) + He (n=1),He (n=1) + He+ (n=1),He (n=8) + He (n=1),25000.0,K,9.79102073529806e-31,cm3/s,1,1,1,8,7
336,He (n=1) + He+ (n=1) → He (n=8) + He (n=1),He (n=1) + He+ (n=1),He (n=8) + He (n=1),26000.0,K,9.2297075038526e-31,cm3/s,1,1,1,8,7
336,He (n=1) + He+ (n=1) → He (n=8) + He (n=1),He (n=1) + He+ (n=1),He (n=8) + He (n=1),27000.0,K,8.71966328679349e-31,cm3/s,1,1,1,8,7
336,He (n=1) + He+ (n=1) → He (n=8) + He (n=1),He (n=1) + He+ (n=1),He (n=8) + He (n=1),28000.0,K,8.29324400539566e-31,cm3/s,1,1,1,8,7
336,He (n=1) + He+ (n=1) → He (n=8) + He (n=1),He (n=1) + He+ (n=1),He (n=8) + He (n=1),29000.0,K,7.84544466238026e-31,cm3/s,1,1,1,8,7
336,He (n=1) + He+ (n=1) → He (n=8) + He (n=1),He (n=1) + He+ (n=1),He (n=8) + He (n=1),30000.0,K,7.57056561546729e-31,cm3/s,1,1,1,8,7
337,He (n=1) + He+ (n=1) → He (n=9) + He (n=1),He (n=1) + He+ (n=1),He (n=9) + He (n=1),7000.0,K,4.61015570738451e-30,cm3/s,1,1,1,9,8
337,He (n=1) + He+ (n=1) → He (n=9) + He (n=1),He (n=1) + He+ (n=1),He (n=9) + He (n=1),8000.0,K,3.8713687091288e-30,cm3/s,1,1,1,9,8
337,He (n=1) + He+ (n=1) → He (n=9) + He (n=1),He (n=1) + He+ (n=1),He (n=9) + He (n=1),9000.0,K,3.37335975621979e-30,cm3/s,1,1,1,9,8
337,He (n=1) + He+ (n=1) → He (n=9) + He (n=1),He (n=1) + He+ (n=1),He (n=9) + He (n=1),10000.0,K,2.89197844988524e-30,cm3/s,1,1,1,9,8
337,He (n=1) + He+ (n=1) → He (n=9) + He (n=1),He (n=1) + He+ (n=1),He (n=9) + He (n=1),11000.0,K,2.5644414546947e-30,cm3/s,1,1,1,9,8
337,He (n=1) + He+ (n=1) → He (n=9) + He (n=1),He (n=1) + He+ (n=1),He (n=9) + He (n=1),12000.0,K,2.29199378682677e-30,cm3/s,1,1,1,9,8
337,He (n=1) + He+ (n=1) → He (n=9) + He (n=1),He (n=1) + He+ (n=1),He (n=9) + He (n=1),13000.0,K,2.03231019260277e-30,cm3/s,1,1,1,9,8
337,He (n=1) + He+ (n=1) → He (n=9) + He (n=1),He (n=1) + He+ (n=1),He (n=9) + He (n=1),14000.0,K,1.84216072226762e-30,cm3/s,1,1,1,9,8
337,He (n=1) + He+ (n=1) → He (n=9) + He (n=1),He (n=1) + He+ (n=1),He (n=9) + He (n=1),15000.0,K,1.6701361789474e-30,cm3/s,1,1,1,9,8
337,He (n=1) + He+ (n=1) → He (n=9) + He (n=1),He (n=1) + He+ (n=1),He (n=9) + He (n=1),16000.0,K,1.55105254707404e-30,cm3/s,1,1,1,9,8
337,He (n=1) + He+ (n=1) → He (n=9) + He (n=1),He (n=1) + He+ (n=1),He (n=9) + He (n=1),17000.0,K,1.42360703696624e-30,cm3/s,1,1,1,9,8
337,He (n=1) + He+ (n=1) → He (n=9) + He (n=1),He (n=1) + He+ (n=1),He (n=9) + He (n=1),18000.0,K,1.30795372892825e-30,cm3/s,1,1,1,9,8
337,He (n=1) + He+ (n=1) → He (n=9) + He (n=1),He (n=1) + He+ (n=1),He (n=9) + He (n=1),19000.0,K,1.20174150285275e-30,cm3/s,1,1,1,9,8
337,He (n=1) + He+ (n=1) → He (n=9) + He (n=1),He (n=1) + He+ (n=1),He (n=9) + He (n=1),20000.0,K,1.11896509077036e-30,cm3/s,1,1,1,9,8
337,He (n=1) + He+ (n=1) → He (n=9) + He (n=1),He (n=1) + He+ (n=1),He (n=9) + He (n=1),21000.0,K,1.05970301896607e-30,cm3/s,1,1,1,9,8
337,He (n=1) + He+ (n=1) → He (n=9) + He (n=1),He (n=1) + He+ (n=1),He (n=9) + He (n=1),22000.0,K,9.86759228208157e-31,cm3/s,1,1,1,9,8
337,He (n=1) + He+ (n=1) → He (n=9) + He (n=1),He (n=1) + He+ (n=1),He (n=9) + He (n=1),23000.0,K,9.33676164675186e-31,cm3/s,1,1,1,9,8
337,He (n=1) + He+ (n=1) → He (n=9) + He (n=1),He (n=1) + He+ (n=1),He (n=9) + He (n=1),24000.0,K,8.70100985515969e-31,cm3/s,1,1,1,9,8
337,He (n=1) + He+ (n=1) → He (n=9) + He (n=1),He (n=1) + He+ (n=1),He (n=9) + He (n=1),25000.0,K,8.2621628758004e-31,cm3/s,1,1,1,9,8
337,He (n=1) + He+ (n=1) → He (n=9) + He (n=1),He (n=1) + He+ (n=1),He (n=9) + He (n=1),26000.0,K,7.89396385957964e-31,cm3/s,1,1,1,9,8
337,He (n=1) + He+ (n=1) → He (n=9) + He (n=1),He (n=1) + He+ (n=1),He (n=9) + He (n=1),27000.0,K,7.4312337146221e-31,cm3/s,1,1,1,9,8
337,He (n=1) + He+ (n=1) → He (n=9) + He (n=1),He (n=1) + He+ (n=1),He (n=9) + He (n=1),28000.0,K,7.01866424713486e-31,cm3/s,1,1,1,9,8
337,He (n=1) + He+ (n=1) → He (n=9) + He (n=1),He (n=1) + He+ (n=1),He (n=9) + He (n=1),29000.0,K,6.71839434800994e-31,cm3/s,1,1,1,9,8
337,He (n=1) + He+ (n=1) → He (n=9) + He (n=1),He (n=1) + He+ (n=1),He (n=9) + He (n=1),30000.0,K,6.41892477491694e-31,cm3/s,1,1,1,9,8
338,He (n=1) + He+ (n=1) → He (n=1) + He (n=10),He (n=1) + He+ (n=1),He (n=1) + He (n=10),7000.0,K,3.99056592400169e-30,cm3/s,1,1,1,10,9
338,He (n=1) + He+ (n=1) → He (n=1) + He (n=10),He (n=1) + He+ (n=1),He (n=1) + He (n=10),8000.0,K,3.37641599593243e-30,cm3/s,1,1,1,10,9
338,He (n=1) + He+ (n=1) → He (n=1) + He (n=10),He (n=1) + He+ (n=1),He (n=1) + He (n=10),9000.0,K,2.90744743200481e-30,cm3/s,1,1,1,10,9
338,He (n=1) + He+ (n=1) → He (n=1) + He (n=10),He (n=1) + He+ (n=1),He (n=1) + He (n=10),10000.0,K,2.54116061788365e-30,cm3/s,1,1,1,10,9
338,He (n=1) + He+ (n=1) → He (n=1) + He (n=10),He (n=1) + He+ (n=1),He (n=1) + He (n=10),11000.0,K,2.25514308389508e-30,cm3/s,1,1,1,10,9
338,He (n=1) + He+ (n=1) → He (n=1) + He (n=10),He (n=1) + He+ (n=1),He (n=1) + He (n=10),12000.0,K,1.96250438034096e-30,cm3/s,1,1,1,10,9
338,He (n=1) + He+ (n=1) → He (n=1) + He (n=10),He (n=1) + He+ (n=1),He (n=1) + He (n=10),13000.0,K,1.76636824293305e-30,cm3/s,1,1,1,10,9
338,He (n=1) + He+ (n=1) → He (n=1) + He (n=10),He (n=1) + He+ (n=1),He (n=1) + He (n=10),14000.0,K,1.61130582477079e-30,cm3/s,1,1,1,10,9
338,He (n=1) + He+ (n=1) → He (n=1) + He (n=10),He (n=1) + He+ (n=1),He (n=1) + He (n=10),15000.0,K,1.4424970840853e-30,cm3/s,1,1,1,10,9
338,He (n=1) + He+ (n=1) → He (n=1) + He (n=10),He (n=1) + He+ (n=1),He (n=1) + He (n=10),16000.0,K,1.32313713015434e-30,cm3/s,1,1,1,10,9
338,He (n=1) + He+ (n=1) → He (n=1) + He (n=10),He (n=1) + He+ (n=1),He (n=1) + He (n=10),17000.0,K,1.22314861272556e-30,cm3/s,1,1,1,10,9
338,He (n=1) + He+ (n=1) → He (n=1) + He (n=10),He (n=1) + He+ (n=1),He (n=1) + He (n=10),18000.0,K,1.12078091660609e-30,cm3/s,1,1,1,10,9
338,He (n=1) + He+ (n=1) → He (n=1) + He (n=10),He (n=1) + He+ (n=1),He (n=1) + He (n=10),19000.0,K,1.03333529746666e-30,cm3/s,1,1,1,10,9
338,He (n=1) + He+ (n=1) → He (n=1) + He (n=10),He (n=1) + He+ (n=1),He (n=1) + He (n=10),20000.0,K,9.68353664216497e-31,cm3/s,1,1,1,10,9
338,He (n=1) + He+ (n=1) → He (n=1) + He (n=10),He (n=1) + He+ (n=1),He (n=1) + He (n=10),21000.0,K,9.07999311495121e-31,cm3/s,1,1,1,10,9
338,He (n=1) + He+ (n=1) → He (n=1) + He (n=10),He (n=1) + He+ (n=1),He (n=1) + He (n=10),22000.0,K,8.45487766248445e-31,cm3/s,1,1,1,10,9
338,He (n=1) + He+ (n=1) → He (n=1) + He (n=10),He (n=1) + He+ (n=1),He (n=1) + He (n=10),23000.0,K,7.90821050757155e-31,cm3/s,1,1,1,10,9
338,He (n=1) + He+ (n=1) → He (n=1) + He (n=10),He (n=1) + He+ (n=1),He (n=1) + He (n=10),24000.0,K,7.48315760665135e-31,cm3/s,1,1,1,10,9
338,He (n=1) + He+ (n=1) → He (n=1) + He (n=10),He (n=1) + He+ (n=1),He (n=1) + He (n=10),25000.0,K,7.111377204391e-31,cm3/s,1,1,1,10,9
338,He (n=1) + He+ (n=1) → He (n=1) + He (n=10),He (n=1) + He+ (n=1),He (n=1) + He (n=10),26000.0,K,6.75266540624984e-31,cm3/s,1,1,1,10,9
338,He (n=1) + He+ (n=1) → He (n=1) + He (n=10),He (n=1) + He+ (n=1),He (n=1) + He (n=10),27000.0,K,6.38459286782932e-31,cm3/s,1,1,1,10,9
338,He (n=1) + He+ (n=1) → He (n=1) + He (n=10),He (n=1) + He+ (n=1),He (n=1) + He (n=10),28000.0,K,6.06856756197034e-31,cm3/s,1,1,1,10,9
338,He (n=1) + He+ (n=1) → He (n=1) + He (n=10),He (n=1) + He+ (n=1),He (n=1) + He (n=10),29000.0,K,5.74233210321964e-31,cm3/s,1,1,1,10,9
338,He (n=1) + He+ (n=1) → He (n=1) + He (n=10),He (n=1) + He+ (n=1),He (n=1) + He (n=10),30000.0,K,5.41918861739805e-31,cm3/s,1,1,1,10,9
