collision_id,reaction,reactants,products,x,x_unit,y,y_unit,reactant_n_min,reactant_n_max,product_n_min,product_n_max,delta_n_max
121,K (n=4) + K (n=6) → K2+ (ground state),K (n=4) + K (n=6),K2+ (ground state),500.0,K,2.56e-09,cm3/s,4,6,,,
121,K (n=4) + K (n=6) → K2+ (ground state),K (n=4) + K (n=6),K2+ (ground state),600.0,K,2.4e-09,cm3/s,4,6,,,
121,K (n=4) + K (n=6) → K2+ (ground state),K (n=4) + K (n=6),K2+ (ground state),700.0,K,2.27e-09,cm3/s,4,6,,,
121,K (n=4) + K (n=6) → K2+ (ground state),K (n=4) + K (n=6),K2+ (ground state),800.0,K,2.18e-09,cm3/s,4,6,,,
121,K (n=4) + K (n=6) → K2+ (ground state),K (n=4) + K (n=6),K2+ (ground state),900.0,K,2.1e-09,cm3/s,4,6,,,
121,K (n=4) + K (n=6) → K2+ (ground state),K (n=4) + K (n=6),K2+ (ground state),1000.0,K,2.04e-09,cm3/s,4,6,,,
121,K (n=4) + K (n=6) → K2+ (ground state),K (n=4) + K (n=6),K2+ (ground state),1100.0,K,1.98e-09,cm3/s,4,6,,,
121,K (n=4) + K (n=6) → K2+ (ground state),K (n=4) + K (n=6),K2+ (ground state),1200.0,K,1.94e-09,cm3/s,4,6,,,
121,K (n=4) + K (n=6) → K2+ (ground state),K (n=4) + K (n=6),K2+ (ground state),1300.0,K,1.9e-09,cm3/s,4,6,,,
121,K (n=4) + K (n=6) → K2+ (ground state),K (n=4) + K (n=6),K2+ (ground state),1400.0,K,1.87e-09,cm3/s,4,6,,,
121,K (n=4) + K (n=6) → K2+ (ground state),K (n=4) + K (n=6),K2+ (ground state),1500.0,K,1.85e-09,cm3/s,4,6,,,
122,K (n=4) + K (n=7) → K2+ (ground state),K (n=4) + K (n=7),K2+ (ground state),500.0,K,3.23e-09,cm3/s,4,7,,,
122,K (n=4) + K (n=7) → K2+ (ground state),K (n=4) + K (n=7),K2+ (ground state),600.0,K,3.01e-09,cm3/s,4,7,,,
122,K (n=4) + K (n=7) → K2+ (ground state),K (n=4) + K (n=7),K2+ (ground state),700.0,K,2.85e-09,cm3/s,4,7,,,
122,K (n=4) + K (n=7) → K2+ (ground state),K (n=4) + K (n=7),K2+ (ground state),800.0,K,2.72e-09,cm3/s,4,7,,,
122,K (n=4) + K (n=7) → K2+ (ground state),K (n=4) + K (n=7),K2+ (ground state),900.0,K,2.62e-09,cm3/s,4,7,,,
122,K (n=4) + K (n=7) → K2+ (ground state),K (n=4) + K (n=7),K2+ (ground state),1000.0,K,2.54e-09,cm3/s,4,7,,,
122,K (n=4) + K (n=7) → K2+ (ground state),K (n=4) + K (n=7),K2+ (ground state),1100.0,K,2.47e-09,cm3/s,4,7,,,
122,K (n=4) + K (n=7) → K2+ (ground state),K (n=4) + K (n=7),K2+ (ground state),1200.0,K,2.41e-09,cm3/s,4,7,,,
122,K (n=4) + K (n=7) → K2+ (ground state),K (n=4) + K (n=7),K2+ (ground state),1300.0,K,2.36e-09,cm3/s,4,7,,,
122,K (n=4) + K (n=7) → K2+ (ground state),K (n=4) + K (n=7),K2+ (ground state),1400.0,K,2.32e-09,cm3/s,4,7,,,
122,K (n=4) + K (n=7) → K2+ (ground state),K (n=4) + K (n=7),K2+ (ground state),1500.0,K,2.28e-09,cm3/s,4,7,,,
123,K (n=4) + K (n=8) → K2+ (ground state),K (n=4) + K (n=8),K2+ (ground state),500.0,K,3.77e-09,cm3/s,4,8,,,
123,K (n=4) + K (n=8) → K2+ (ground state),K (n=4) + K (n=8),K2+ (ground state),600.0,K,3.51e-09,cm3/s,4,8,,,
123,K (n=4) + K (n=8) → K2+ (ground state),K (n=4) + K (n=8),K2+ (ground state),700.0,K,3.32e-09,cm3/s,4,8,,,
123,K (n=4) + K (n=8) → K2+ (ground state),K (n=4) + K (n=8),K2+ (ground state),800.0,K,3.17e-09,cm3/s,4,8,,,
123,K (n=4) + K (n=8) → K2+ (ground state),K (n=4) + K (n=8),K2+ (ground state),900.0,K,3.04e-09,cm3/s,4,8,,,
123,K (n=4) + K (n=8) → K2+ (ground state),K (n=4) + K (n=8),K2+ (ground state),1000.0,K,2.94e-09,cm3/s,4,8,,,
123,K (n=4) + K (n=8) → K2+ (ground state),K (n=4) + K (n=8),K2+ (ground state),1100.0,K,2.86e-09,cm3/s,4,8,,,
123,K (n=4) + K (n=8) → K2+ (ground state),K (n=4) + K (n=8),K2+ (ground state),1200.0,K,2.79e-09,cm3/s,4,8,,,
123,K (n=4) + K (n=8) → K2+ (ground state),K (n=4) + K (n=8),K2+ (ground state),1300.0,K,2.73e-09,cm3/s,4,8,,,
123,K (n=4) + K (n=8) → K2+ (ground state),K (n=4) + K (n=8),K2+ (ground state),1400.0,K,2.68e-09,cm3/s,4,8,,,
123,K (n=4) + K (n=8) → K2+ (ground state),K (n=4) + K (n=8),K2+ (ground state),1500.0,K,2.63e-09,cm3/s,4,8,,,
124,K (n=4) + K (n=9) → K2+ (ground state),K (n=4) + K (n=9),K2+ (ground state),500.0,K,4.21e-09,cm3/s,4,9,,,
124,K (n=4) + K (n=9) → K2+ (ground state),K (n=4) + K (n=9),K2+ (ground state),600.0,K,3.92e-09,cm3/s,4,9,,,
124,K (n=4) + K (n=9) → K2+ (ground state),K (n=4) + K (n=9),K2+ (ground state),700.0,K,3.7e-09,cm3/s,4,9,,,
124,K (n=4) + K (n=9) → K2+ (ground state),K (n=4) + K (n=9),K2+ (ground state),800.0,K,3.53e-09,cm3/s,4,9,,,
124,K (n=4) + K (n=9) → K2+ (ground state),K (n=4) + K (n=9),K2+ (ground state),900.0,K,3.39e-09,cm3/s,4,9,,,
124,K (n=4) + K (n=9) → K2+ (ground state),K (n=4) + K (n=9),K2+ (ground state),1000.0,K,3.28e-09,cm3/s,4,9,,,
124,K (n=4) + K (n=9) → K2+ (ground state),K (n=4) + K (n=9),K2+ (ground state),1100.0,K,3.18e-09,cm3/s,4,9,,,
124,K (n=4) + K (n=9) → K2+ (ground state),K (n=4) + K (n=9),K2+ (ground state),1200.0,K,3.1e-09,cm3/s,4,9,,,
124,K (n=4) + K (n=9) → K2+ (ground state),K (n=4) + K (n=9),K2+ (ground state),1300.0,K,3.03e-09,cm3/s,4,9,,,
124,K (n=4) + K (n=9) → K2+ (ground state),K (n=4) + K (n=9),K2+ (ground state),1400.0,K,2.97e-09,cm3/s,4,9,,,
124,K (n=4) + K (n=9) → K2+ (ground state),K (n=4) + K (n=9),K2+ (ground state),1500.0,K,2.92e-09,cm3/s,4,9,,,
125,K (n=4) + K (n=10) → K2+ (ground state),K (n=4) + K (n=10),K2+ (ground state),500.0,K,4.55e-09,cm3/s,4,10,,,
125,K (n=4) + K (n=10) → K2+ (ground state),K (n=4) + K (n=10),K2+ (ground state),600.0,K,4.23e-09,cm3/s,4,10,,,
125,K (n=4) + K (n=10) → K2+ (ground state),K (n=4) + K (n=10),K2+ (ground state),700.0,K,3.99e-09,cm3/s,4,10,,,
125,K (n=4) + K (n=10) → K2+ (ground state),K (n=4) + K (n=10),K2+ (ground state),800.0,K,3.81e-09,cm3/s,4,10,,,
125,K (n=4) + K (n=10) → K2+ (ground state),K (n=4) + K (n=10),K2+ (ground state),900.0,K,3.66e-09,cm3/s,4,10,,,
125,K (n=4) + K (n=10) → K2+ (ground state),K (n=4) + K (n=10),K2+ (ground state),1000.0,K,3.53e-09,cm3/s,4,10,,,
125,K (n=4) + K (n=10) → K2+ (ground state),K (n=4) + K (n=10),K2+ (ground state),1100.0,K,3.43e-09,cm3/s,4,10,,,
125,K (n=4) + K (n=10) → K2+ (ground state),K (n=4) + K (n=10),K2+ (ground state),1200.0,K,3.34e-09,cm3/s,4,10,,,
125,K (n=4) + K (n=10) → K2+ (ground state),K (n=4) + K (n=10),K2+ (ground state),1300.0,K,3.26e-09,cm3/s,4,10,,,
125,K (n=4) + K (n=10) → K2+ (ground state),K (n=4) + K (n=10),K2+ (ground state),1400.0,K,3.19e-09,cm3/s,4,10,,,
125,K (n=4) + K (n=10) → K2+ (ground state),K (n=4) + K (n=10),K2+ (ground state),1500.0,K,3.14e-09,cm3/s,4,10,,,
126,K (n=4) + K (n=11) → K2+ (ground state),K (n=4) + K (n=11),K2+ (ground state),500.0,K,4.75e-09,cm3/s,4,11,,,
126,K (n=4) + K (n=11) → K2+ (ground state),K (n=4) + K (n=11),K2+ (ground state),600.0,K,4.42e-09,cm3/s,4,11,,,
126,K (n=4) + K (n=11) → K2+ (ground state),K (n=4) + K (n=11),K2+ (ground state),700.0,K,4.17e-09,cm3/s,4,11,,,
126,K (n=4) + K (n=11) → K2+ (ground state),K (n=4) + K (n=11),K2+ (ground state),800.0,K,3.97e-09,cm3/s,4,11,,,
126,K (n=4) + K (n=11) → K2+ (ground state),K (n=4) + K (n=11),K2+ (ground state),900.0,K,3.81e-09,cm3/s,4,11,,,
126,K (n=4) + K (n=11) → K2+ (ground state),K (n=4) + K (n=11),K2+ (ground state),1000.0,K,3.67e-09,cm3/s,4,11,,,
126,K (n=4) + K (n=11) → K2+ (ground state),K (n=4) + K (n=11),K2+ (ground state),1100.0,K,3.56e-09,cm3/s,4,11,,,
126,K (n=4) + K (n=11) → K2+ (ground state),K (n=4) + K (n=11),K2+ (ground state),1200.0,K,3.47e-09,cm3/s,4,11,,,
126,K (n=4) + K (n=11) → K2+ (ground state),K (n=4) + K (n=11),K2+ (ground state),1300.0,K,3.38e-09,cm3/s,4,11,,,
126,K (n=4) + K (n=11) → K2+ (ground state),K (n=4) + K (n=11),K2+ (ground state),1400.0,K,3.31e-09,cm3/s,4,11,,,
126,K (n=4) + K (n=11) → K2+ (ground state),K (n=4) + K (n=11),K2+ (ground state),1500.0,K,3.25e-09,cm3/s,4,11,,,
127,K (n=4) + K (n=12) → K2+ (ground state),K (n=4) + K (n=12),K2+ (ground state),500.0,K,4.78e-09,cm3/s,4,12,,,
127,K (n=4) + K (n=12) → K2+ (ground state),K (n=4) + K (n=12),K2+ (ground state),600.0,K,4.44e-09,cm3/s,4,12,,,
127,K (n=4) + K (n=12) → K2+ (ground state),K (n=4) + K (n=12),K2+ (ground state),700.0,K,4.18e-09,cm3/s,4,12,,,
127,K (n=4) + K (n=12) → K2+ (ground state),K (n=4) + K (n=12),K2+ (ground state),800.0,K,3.97e-09,cm3/s,4,12,,,
127,K (n=4) + K (n=12) → K2+ (ground state),K (n=4) + K (n=12),K2+ (ground state),900.0,K,3.81e-09,cm3/s,4,12,,,
127,K (n=4) + K (n=12) → K2+ (ground state),K (n=4) + K (n=12),K2+ (ground state),1000.0,K,3.67e-09,cm3/s,4,12,,,
127,K (n=4) + K (n=12) → K2+ (ground state),K (n=4) + K (n=12),K2+ (ground state),1100.0,K,3.55e-09,cm3/s,4,12,,,
127,K (n=4) + K (n=12) → K2+ (ground state),K (n=4) + K (n=12),K2+ (ground state),1200.0,K,3.46e-09,cm3/s,4,12,,,
127,K (n=4) + K (n=12) → K2+ (ground state),K (n=4) + K (n=12),K2+ (ground state),1300.0,K,3.37e-09,cm3/s,4,12,,,
127,K (n=4) + K (n=12) → K2+ (ground state),K (n=4) + K (n=12),K2+ (ground state),1400.0,K,3.3e-09,cm3/s,4,12,,,
127,K (n=4) + K (n=12) → K2+ (ground state),K (n=4) + K (n=12),K2+ (ground state),1500.0,K,3.23e-09,cm3/s,4,12,,,
128,K (n=4) + K (n=13) → K2+ (ground state),K (n=4) + K (n=13),K2+ (ground state),500.0,K,4.61e-09,cm3/s,4,13,,,
128,K (n=4) + K (n=13) → K2+ (ground state),K (n=4) + K (n=13),K2+ (ground state),600.0,K,4.28e-09,cm3/s,4,13,,,
128,K (n=4) + K (n=13) → K2+ (ground state),K (n=4) + K (n=13),K2+ (ground state),700.0,K,4.03e-09,cm3/s,4,13,,,
128,K (n=4) + K (n=13) → K2+ (ground state),K (n=4) + K (n=13),K2+ (ground state),800.0,K,3.82e-09,cm3/s,4,13,,,
128,K (n=4) + K (n=13) → K2+ (ground state),K (n=4) + K (n=13),K2+ (ground state),900.0,K,3.66e-09,cm3/s,4,13,,,
128,K (n=4) + K (n=13) → K2+ (ground state),K (n=4) + K (n=13),K2+ (ground state),1000.0,K,3.52e-09,cm3/s,4,13,,,
128,K (n=4) + K (n=13) → K2+ (ground state),K (n=4) + K (n=13),K2+ (ground state),1100.0,K,3.41e-09,cm3/s,4,13,,,
128,K (n=4) + K (n=13) → K2+ (ground state),K (n=4) + K (n=13),K2+ (ground state),1200.0,K,3.31e-09,cm3/s,4,13,,,
128,K (n=4) + K (n=13) → K2+ (ground state),K (n=4) + K (n=13),K2+ (ground state),1300.0,K,3.23e-09,cm3/s,4,13,,,
128,K (n=4) + K (n=13) → K2+ (ground state),K (n=4) + K (n=13),K2+ (ground state),1400.0,K,3.15e-09,cm3/s,4,13,,,
128,K (n=4) + K (n=13) → K2+ (ground state),K (n=4) + K (n=13),K2+ (ground state),1500.0,K,3.08e-09,cm3/s,4,13,,,
129,K (n=4) + K (n=14) → K2+ (ground state),K (n=4) + K (n=14),K2+ (ground state),500.0,K,4.3e-09,cm3/s,4,14,,,
129,K (n=4) + K (n=14) → K2+ (ground state),K (n=4) + K (n=14),K2+ (ground state),600.0,K,3.99e-09,cm3/s,4,14,,,
129,K (n=4) + K (n=14) → K2+ (ground state),K (n=4) + K (n=14),K2+ (ground state),700.0,K,3.75e-09,cm3/s,4,14,,,
129,K (n=4) + K (n=14) → K2+ (ground state),K (n=4) + K (n=14),K2+ (ground state),800.0,K,3.56e-09,cm3/s,4,14,,,
129,K (n=4) + K (n=14) → K2+ (ground state),K (n=4) + K (n=14),K2+ (ground state),900.0,K,3.4e-09,cm3/s,4,14,,,
129,K (n=4) + K (n=14) → K2+ (ground state),K (n=4) + K (n=14),K2+ (ground state),1000.0,K,3.27e-09,cm3/s,4,14,,,
129,K (n=4) + K (n=14) → K2+ (ground state),K (n=4) + K (n=14),K2+ (ground state),1100.0,K,3.16e-09,cm3/s,4,14,,,
129,K (n=4) + K (n=14) → K2+ (ground state),K (n=4) + K (n=14),K2+ (ground state),1200.0,K,3.07e-09,cm3/s,4,14,,,
129,K (n=4) + K (n=14) → K2+ (ground state),K (n=4) + K (n=14),K2+ (ground state),1300.0,K,2.98e-09,cm3/s,4,14,,,
129,K (n=4) + K (n=14) → K2+ (ground state),K (n=4) + K (n=14),K2+ (ground state),1400.0,K,2.91e-09,cm3/s,4,14,,,
129,K (n=4) + K (n=14) → K2+ (ground state),K (n=4) + K (n=14),K2+ (ground state),1500.0,K,2.85e-09,cm3/s,4,14,,,
130,K (n=4) + K (n=15) → K2+ (ground state),K (n=4) + K (n=15),K2+ (ground state),500.0,K,3.91e-09,cm3/s,4,15,,,
130,K (n=4) + K (n=15) → K2+ (ground state),K (n=4) + K (n=15),K2+ (ground state),600.0,K,3.62e-09,cm3/s,4,15,,,
130,K (n=4) + K (n=15) → K2+ (ground state),K (n=4) + K (n=15),K2+ (ground state),700.0,K,3.4e-09,cm3/s,4,15,,,
130,K (n=4) + K (n=15) → K2+ (ground state),K (n=4) + K (n=15),K2+ (ground state),800.0,K,3.22e-09,cm3/s,4,15,,,
130,K (n=4) + K (n=15) → K2+ (ground state),K (n=4) + K (n=15),K2+ (ground state),900.0,K,3.08e-09,cm3/s,4,15,,,
130,K (n=4) + K (n=15) → K2+ (ground state),K (n=4) + K (n=15),K2+ (ground state),1000.0,K,2.96e-09,cm3/s,4,15,,,
130,K (n=4) + K (n=15) → K2+ (ground state),K (n=4) + K (n=15),K2+ (ground state),1100.0,K,2.85e-09,cm3/s,4,15,,,
130,K (n=4) + K (n=15) → K2+ (ground state),K (n=4) + K (n=15),K2+ (ground state),1200.0,K,2.77e-09,cm3/s,4,15,,,
130,K (n=4) + K (n=15) → K2+ (ground state),K (n=4) + K (n=15),K2+ (ground state),1300.0,K,2.69e-09,cm3/s,4,15,,,
130,K (n=4) + K (n=15) → K2+ (ground state),K (n=4) + K (n=15),K2+ (ground state),1400.0,K,2.62e-09,cm3/s,4,15,,,
130,K (n=4) + K (n=15) → K2+ (ground state),K (n=4) + K (n=15),K2+ (ground state),1500.0,K,2.56e-09,cm3/s,4,15,,,
131,K (n=4) + K (n=16) → K2+ (ground state),K (n=4) + K (n=16),K2+ (ground state),500.0,K,3.48e-09,cm3/s,4,16,,,
131,K (n=4) + K (n=16) → K2+ (ground state),K (n=4) + K (n=16),K2+ (ground state),600.0,K,3.22e-09,cm3/s,4,16,,,
131,K (n=4) + K (n=16) → K2+ (ground state),K (n=4) + K (n=16),K2+ (ground state),700.0,K,3.02e-09,cm3/s,4,16,,,
131,K (n=4) + K (n=16) → K2+ (ground state),K (n=4) + K (n=16),K2+ (ground state),800.0,K,2.86e-09,cm3/s,4,16,,,
131,K (n=4) + K (n=16) → K2+ (ground state),K (n=4) + K (n=16),K2+ (ground state),900.0,K,2.73e-09,cm3/s,4,16,,,
131,K (n=4) + K (n=16) → K2+ (ground state),K (n=4) + K (n=16),K2+ (ground state),1000.0,K,2.62e-09,cm3/s,4,16,,,
131,K (n=4) + K (n=16) → K2+ (ground state),K (n=4) + K (n=16),K2+ (ground state),1100.0,K,2.53e-09,cm3/s,4,16,,,
131,K (n=4) + K (n=16) → K2+ (ground state),K (n=4) + K (n=16),K2+ (ground state),1200.0,K,2.45e-09,cm3/s,4,16,,,
131,K (n=4) + K (n=16) → K2+ (ground state),K (n=4) + K (n=16),K2+ (ground state),1300.0,K,2.38e-09,cm3/s,4,16,,,
131,K (n=4) + K (n=16) → K2+ (ground state),K (n=4) + K (n=16),K2+ (ground state),1400.0,K,2.32e-09,cm3/s,4,16,,,
131,K (n=4) + K (n=16) → K2+ (ground state),K (n=4) + K (n=16),K2+ (ground state),1500.0,K,2.27e-09,cm3/s,4,16,,,
132,K (n=4) + K (n=17) → K2+ (ground state),K (n=4) + K (n=17),K2+ (ground state),500.0,K,3.06e-09,cm3/s,4,17,,,
132,K (n=4) + K (n=17) → K2+ (ground state),K (n=4) + K (n=17),K2+ (ground state),600.0,K,2.83e-09,cm3/s,4,17,,,
132,K (n=4) + K (n=17) → K2+ (ground state),K (n=4) + K (n=17),K2+ (ground state),700.0,K,2.65e-09,cm3/s,4,17,,,
132,K (n=4) + K (n=17) → K2+ (ground state),K (n=4) + K (n=17),K2+ (ground state),800.0,K,2.51e-09,cm3/s,4,17,,,
132,K (n=4) + K (n=17) → K2+ (ground state),K (n=4) + K (n=17),K2+ (ground state),900.0,K,2.39e-09,cm3/s,4,17,,,
132,K (n=4) + K (n=17) → K2+ (ground state),K (n=4) + K (n=17),K2+ (ground state),1000.0,K,2.3e-09,cm3/s,4,17,,,
132,K (n=4) + K (n=17) → K2+ (ground state),K (n=4) + K (n=17),K2+ (ground state),1100.0,K,2.22e-09,cm3/s,4,17,,,
132,K (n=4) + K (n=17) → K2+ (ground state),K (n=4) + K (n=17),K2+ (ground state),1200.0,K,2.14e-09,cm3/s,4,17,,,
132,K (n=4) + K (n=17) → K2+ (ground state),K (n=4) + K (n=17),K2+ (ground state),1300.0,K,2.08e-09,cm3/s,4,17,,,
132,K (n=4) + K (n=17) → K2+ (ground state),K (n=4) + K (n=17),K2+ (ground state),1400.0,K,2.03e-09,cm3/s,4,17,,,
132,K (n=4) + K (n=17) → K2+ (ground state),K (n=4) + K (n=17),K2+ (ground state),1500.0,K,1.98e-09,cm3/s,4,17,,,
133,K (n=4) + K (n=18) → K2+ (ground state),K (n=4) + K (n=18),K2+ (ground state),500.0,K,2.66e-09,cm3/s,4,18,,,
133,K (n=4) + K (n=18) → K2+ (ground state),K (n=4) + K (n=18),K2+ (ground state),600.0,K,2.46e-09,cm3/s,4,18,,,
133,K (n=4) + K (n=18) → K2+ (ground state),K (n=4) + K (n=18),K2+ (ground state),700.0,K,2.31e-09,cm3/s,4,18,,,
133,K (n=4) + K (n=18) → K2+ (ground state),K (n=4) + K (n=18),K2+ (ground state),800.0,K,2.18e-09,cm3/s,4,18,,,
133,K (n=4) + K (n=18) → K2+ (ground state),K (n=4) + K (n=18),K2+ (ground state),900.0,K,2.08e-09,cm3/s,4,18,,,
133,K (n=4) + K (n=18) → K2+ (ground state),K (n=4) + K (n=18),K2+ (ground state),1000.0,K,2e-09,cm3/s,4,18,,,
133,K (n=4) + K (n=18) → K2+ (ground state),K (n=4) + K (n=18),K2+ (ground state),1100.0,K,1.92e-09,cm3/s,4,18,,,
133,K (n=4) + K (n=18) → K2+ (ground state),K (n=4) + K (n=18),K2+ (ground state),1200.0,K,1.86e-09,cm3/s,4,18,,,
133,K (n=4) + K (n=18) → K2+ (ground state),K (n=4) + K (n=18),K2+ (ground state),1300.0,K,1.81e-09,cm3/s,4,18,,,
133,K (n=4) + K (n=18) → K2+ (ground state),K (n=4) + K (n=18),K2+ (ground state),1400.0,K,1.76e-09,cm3/s,4,18,,,
133,K (n=4) + K (n=18) → K2+ (ground state),K (n=4) + K (n=18),K2+ (ground state),1500.0,K,1.72e-09,cm3/s,4,18,,,
134,K (n=4) + K (n=19) → K2+ (ground state),K (n=4) + K (n=19),K2+ (ground state),500.0,K,2.31e-09,cm3/s,4,19,,,
134,K (n=4) + K (n=19) → K2+ (ground state),K (n=4) + K (n=19),K2+ (ground state),600.0,K,2.13e-09,cm3/s,4,19,,,
134,K (n=4) + K (n=19) → K2+ (ground state),K (n=4) + K (n=19),K2+ (ground state),700.0,K,2e-09,cm3/s,4,19,,,
134,K (n=4) + K (n=19) → K2+ (ground state),K (n=4) + K (n=19),K2+ (ground state),800.0,K,1.89e-09,cm3/s,4,19,,,
134,K (n=4) + K (n=19) → K2+ (ground state),K (n=4) + K (n=19),K2+ (ground state),900.0,K,1.8e-09,cm3/s,4,19,,,
134,K (n=4) + K (n=19) → K2+ (ground state),K (n=4) + K (n=19),K2+ (ground state),1000.0,K,1.73e-09,cm3/s,4,19,,,
134,K (n=4) + K (n=19) → K2+ (ground state),K (n=4) + K (n=19),K2+ (ground state),1100.0,K,1.66e-09,cm3/s,4,19,,,
134,K (n=4) + K (n=19) → K2+ (ground state),K (n=4) + K (n=19),K2+ (ground state),1200.0,K,1.61e-09,cm3/s,4,19,,,
134,K (n=4) + K (n=19) → K2+ (ground state),K (n=4) + K (n=19),K2+ (ground state),1300.0,K,1.56e-09,cm3/s,4,19,,,
134,K (n=4) + K (n=19) → K2+ (ground state),K (n=4) + K (n=19),K2+ (ground state),1400.0,K,1.52e-09,cm3/s,4,19,,,
134,K (n=4) + K (n=19) → K2+ (ground state),K (n=4) + K (n=19),K2+ (ground state),1500.0,K,1.48e-09,cm3/s,4,19,,,
135,K (n=4) + K (n=20) → K2+ (ground state),K (n=4) + K (n=20),K2+ (ground state),500.0,K,2e-09,cm3/s,4,20,,,
135,K (n=4) + K (n=20) → K2+ (ground state),K (n=4) + K (n=20),K2+ (ground state),600.0,K,1.84e-09,cm3/s,4,20,,,
135,K (n=4) + K (n=20) → K2+ (ground state),K (n=4) + K (n=20),K2+ (ground state),700.0,K,1.72e-09,cm3/s,4,20,,,
135,K (n=4) + K (n=20) → K2+ (ground state),K (n=4) + K (n=20),K2+ (ground state),800.0,K,1.63e-09,cm3/s,4,20,,,
135,K (n=4) + K (n=20) → K2+ (ground state),K (n=4) + K (n=20),K2+ (ground state),900.0,K,1.55e-09,cm3/s,4,20,,,
135,K (n=4) + K (n=20) → K2+ (ground state),K (n=4) + K (n=20),K2+ (ground state),1000.0,K,1.49e-09,cm3/s,4,20,,,
135,K (n=4) + K (n=20) → K2+ (ground state),K (n=4) + K (n=20),K2+ (ground state),1100.0,K,1.44e-09,cm3/s,4,20,,,
135,K (n=4) + K (n=20) → K2+ (ground state),K (n=4) + K (n=20),K2+ (ground state),1200.0,K,1.39e-09,cm3/s,4,20,,,
135,K (n=4) + K (n=20) → K2+ (ground state),K (n=4) + K (n=20),K2+ (ground state),1300.0,K,1.35e-09,cm3/s,4,20,,,
135,K (n=4) + K (n=20) → K2+ (ground state),K (n=4) + K (n=20),K2+ (ground state),1400.0,K,1.31e-09,cm3/s,4,20,,,
135,K (n=4) + K (n=20) → K2+ (ground state),K (n=4) + K (n=20),K2+ (ground state),1500.0,K,1.28e-09,cm3/s,4,20,,,
136,K (n=4) + K (n=21) → K2+ (ground state),K (n=4) + K (n=21),K2+ (ground state),500.0,K,1.72e-09,cm3/s,4,21,,,
136,K (n=4) + K (n=21) → K2+ (ground state),K (n=4) + K (n=21),K2+ (ground state),600.0,K,1.59e-09,cm3/s,4,21,,,
136,K (n=4) + K (n=21) → K2+ (ground state),K (n=4) + K (n=21),K2+ (ground state),700.0,K,1.49e-09,cm3/s,4,21,,,
136,K (n=4) + K (n=21) → K2+ (ground state),K (n=4) + K (n=21),K2+ (ground state),800.0,K,1.41e-09,cm3/s,4,21,,,
136,K (n=4) + K (n=21) → K2+ (ground state),K (n=4) + K (n=21),K2+ (ground state),900.0,K,1.34e-09,cm3/s,4,21,,,
136,K (n=4) + K (n=21) → K2+ (ground state),K (n=4) + K (n=21),K2+ (ground state),1000.0,K,1.29e-09,cm3/s,4,21,,,
136,K (n=4) + K (n=21) → K2+ (ground state),K (n=4) + K (n=21),K2+ (ground state),1100.0,K,1.24e-09,cm3/s,4,21,,,
136,K (n=4) + K (n=21) → K2+ (ground state),K (n=4) + K (n=21),K2+ (ground state),1200.0,K,1.2e-09,cm3/s,4,21,,,
136,K (n=4) + K (n=21) → K2+ (ground state),K (n=4) + K (n=21),K2+ (ground state),1300.0,K,1.16e-09,cm3/s,4,21,,,
136,K (n=4) + K (n=21) → K2+ (ground state),K (n=4) + K (n=21),K2+ (ground state),1400.0,K,1.13e-09,cm3/s,4,21,,,
136,K (n=4) + K (n=21) → K2+ (ground state),K (n=4) + K (n=21),K2+ (ground state),1500.0,K,1.1e-09,cm3/s,4,21,,,
137,K (n=4) + K (n=22) → K2+ (ground state),K (n=4) + K (n=22),K2+ (ground state),500.0,K,1.49e-09,cm3/s,4,22,,,
137,K (n=4) + K (n=22) → K2+ (ground state),K (n=4) + K (n=22),K2+ (ground state),600.0,K,1.38e-09,cm3/s,4,22,,,
137,K (n=4) + K (n=22) → K2+ (ground state),K (n=4) + K (n=22),K2+ (ground state),700.0,K,1.29e-09,cm3/s,4,22,,,
137,K (n=4) + K (n=22) → K2+ (ground state),K (n=4) + K (n=22),K2+ (ground state),800.0,K,1.22e-09,cm3/s,4,22,,,
137,K (n=4) + K (n=22) → K2+ (ground state),K (n=4) + K (n=22),K2+ (ground state),900.0,K,1.16e-09,cm3/s,4,22,,,
137,K (n=4) + K (n=22) → K2+ (ground state),K (n=4) + K (n=22),K2+ (ground state),1000.0,K,1.11e-09,cm3/s,4,22,,,
137,K (n=4) + K (n=22) → K2+ (ground state),K (n=4) + K (n=22),K2+ (ground state),1100.0,K,1.07e-09,cm3/s,4,22,,,
137,K (n=4) + K (n=22) → K2+ (ground state),K (n=4) + K (n=22),K2+ (ground state),1200.0,K,1.03e-09,cm3/s,4,22,,,
137,K (n=4) + K (n=22) → K2+ (ground state),K (n=4) + K (n=22),K2+ (ground state),1300.0,K,1e-09,cm3/s,4,22,,,
137,K (n=4) + K (n=22) → K2+ (ground state),K (n=4) + K (n=22),K2+ (ground state),1400.0,K,9.75e-10,cm3/s,4,22,,,
137,K (n=4) + K (n=22) → K2+ (ground state),K (n=4) + K (n=22),K2+ (ground state),1500.0,K,9.5e-10,cm3/s,4,22,,,
138,K (n=4) + K (n=23) → K2+ (ground state),K (n=4) + K (n=23),K2+ (ground state),500.0,K,1.29e-09,cm3/s,4,23,,,
138,K (n=4) + K (n=23) → K2+ (ground state),K (n=4) + K (n=23),K2+ (ground state),600.0,K,1.19e-09,cm3/s,4,23,,,
138,K (n=4) + K (n=23) → K2+ (ground state),K (n=4) + K (n=23),K2+ (ground state),700.0,K,1.12e-09,cm3/s,4,23,,,
138,K (n=4) + K (n=23) → K2+ (ground state),K (n=4) + K (n=23),K2+ (ground state),800.0,K,1.05e-09,cm3/s,4,23,,,
138,K (n=4) + K (n=23) → K2+ (ground state),K (n=4) + K (n=23),K2+ (ground state),900.0,K,1e-09,cm3/s,4,23,,,
138,K (n=4) + K (n=23) → K2+ (ground state),K (n=4) + K (n=23),K2+ (ground state),1000.0,K,9.61e-10,cm3/s,4,23,,,
138,K (n=4) + K (n=23) → K2+ (ground state),K (n=4) + K (n=23),K2+ (ground state),1100.0,K,9.25e-10,cm3/s,4,23,,,
138,K (n=4) + K (n=23) → K2+ (ground state),K (n=4) + K (n=23),K2+ (ground state),1200.0,K,8.94e-10,cm3/s,4,23,,,
138,K (n=4) + K (n=23) → K2+ (ground state),K (n=4) + K (n=23),K2+ (ground state),1300.0,K,8.67e-10,cm3/s,4,23,,,
138,K (n=4) + K (n=23) → K2+ (ground state),K (n=4) + K (n=23),K2+ (ground state),1400.0,K,8.43e-10,cm3/s,4,23,,,
138,K (n=4) + K (n=23) → K2+ (ground state),K (n=4) + K (n=23),K2+ (ground state),1500.0,K,8.22e-10,cm3/s,4,23,,,
139,K (n=4) + K (n=24) → K2+ (ground state),K (n=4) + K (n=24),K2+ (ground state),500.0,K,1.12e-09,cm3/s,4,24,,,
139,K (n=4) + K (n=24) → K2+ (ground state),K (n=4) + K (n=24),K2+ (ground state),600.0,K,1.03e-09,cm3/s,4,24,,,
139,K (n=4) + K (n=24) → K2+ (ground state),K (n=4) + K (n=24),K2+ (ground state),700.0,K,9.68e-10,cm3/s,4,24,,,
139,K (n=4) + K (n=24) → K2+ (ground state),K (n=4) + K (n=24),K2+ (ground state),800.0,K,9.15e-10,cm3/s,4,24,,,
139,K (n=4) + K (n=24) → K2+ (ground state),K (n=4) + K (n=24),K2+ (ground state),900.0,K,8.71e-10,cm3/s,4,24,,,
139,K (n=4) + K (n=24) → K2+ (ground state),K (n=4) + K (n=24),K2+ (ground state),1000.0,K,8.34e-10,cm3/s,4,24,,,
139,K (n=4) + K (n=24) → K2+ (ground state),K (n=4) + K (n=24),K2+ (ground state),1100.0,K,8.03e-10,cm3/s,4,24,,,
139,K (n=4) + K (n=24) → K2+ (ground state),K (n=4) + K (n=24),K2+ (ground state),1200.0,K,7.76e-10,cm3/s,4,24,,,
139,K (n=4) + K (n=24) → K2+ (ground state),K (n=4) + K (n=24),K2+ (ground state),1300.0,K,7.52e-10,cm3/s,4,24,,,
139,K (n=4) + K (n=24) → K2+ (ground state),K (n=4) + K (n=24),K2+ (ground state),1400.0,K,7.31e-10,cm3/s,4,24,,,
139,K (n=4) + K (n=24) → K2+ (ground state),K (n=4) + K (n=24),K2+ (ground state),1500.0,K,7.12e-10,cm3/s,4,24,,,
140,K (n=4) + K (n=25) → K2+ (ground state),K (n=4) + K (n=25),K2+ (ground state),500.0,K,9.76e-10,cm3/s,4,25,,,
140,K (n=4) + K (n=25) → K2+ (ground state),K (n=4) + K (n=25),K2+ (ground state),600.0,K,9e-10,cm3/s,4,25,,,
140,K (n=4) + K (n=25) → K2+ (ground state),K (n=4) + K (n=25),K2+ (ground state),700.0,K,8.42e-10,cm3/s,4,25,,,
140,K (n=4) + K (n=25) → K2+ (ground state),K (n=4) + K (n=25),K2+ (ground state),800.0,K,7.96e-10,cm3/s,4,25,,,
140,K (n=4) + K (n=25) → K2+ (ground state),K (n=4) + K (n=25),K2+ (ground state),900.0,K,7.57e-10,cm3/s,4,25,,,
140,K (n=4) + K (n=25) → K2+ (ground state),K (n=4) + K (n=25),K2+ (ground state),1000.0,K,7.25e-10,cm3/s,4,25,,,
140,K (n=4) + K (n=25) → K2+ (ground state),K (n=4) + K (n=25),K2+ (ground state),1100.0,K,6.98e-10,cm3/s,4,25,,,
140,K (n=4) + K (n=25) → K2+ (ground state),K (n=4) + K (n=25),K2+ (ground state),1200.0,K,6.75e-10,cm3/s,4,25,,,
140,K (n=4) + K (n=25) → K2+ (ground state),K (n=4) + K (n=25),K2+ (ground state),1300.0,K,6.54e-10,cm3/s,4,25,,,
140,K (n=4) + K (n=25) → K2+ (ground state),K (n=4) + K (n=25),K2+ (ground state),1400.0,K,6.36e-10,cm3/s,4,25,,,
140,K (n=4) + K (n=25) → K2+ (ground state),K (n=4) + K (n=25),K2+ (ground state),1500.0,K,6.19e-10,cm3/s,4,25,,,
231,H (n=1) + H (n=2) → H2+ (ground state),H (n=1) + H (n=2),H2+ (ground state),3000.0,K,9.2e-13,cm3/s,1,2,,,
231,H (n=1) + H (n=2) → H2+ (ground state),H (n=1) + H (n=2),H2+ (ground state),3500.0,K,1.1e-12,cm3/s,1,2,,,
231,H (n=1) + H (n=2) → H2+ (ground state),H (n=1) + H (n=2),H2+ (ground state),4000.0,K,1.497e-12,cm3/s,1,2,,,
231,H (n=1) + H (n=2) → H2+ (ground state),H (n=1) + H (n=2),H2+ (ground state),4500.0,K,2.4024e-12,cm3/s,1,2,,,
231,H (n=1) + H (n=2) → H2+ (ground state),H (n=1) + H (n=2),H2+ (ground state),5000.0,K,3.30057e-12,cm3/s,1,2,,,
231,H (n=1) + H (n=2) → H2+ (ground state),H (n=1) + H (n=2),H2+ (ground state),5500.0,K,4.49183e-12,cm3/s,1,2,,,
231,H (n=1) + H (n=2) → H2+ (ground state),H (n=1) + H (n=2),H2+ (ground state),6000.0,K,5.69943e-12,cm3/s,1,2,,,
231,H (n=1) + H (n=2) → H2+ (ground state),H (n=1) + H (n=2),H2+ (ground state),6500.0,K,6.9888e-12,cm3/s,1,2,,,
231,H (n=1) + H (n=2) → H2+ (ground state),H (n=1) + H (n=2),H2+ (ground state),7000.0,K,8.295e-12,cm3/s,1,2,,,
231,H (n=1) + H (n=2) → H2+ (ground state),H (n=1) + H (n=2),H2+ (ground state),7500.0,K,9.6048e-12,cm3/s,1,2,,,
231,H (n=1) + H (n=2) → H2+ (ground state),H (n=1) + H (n=2),H2+ (ground state),8000.0,K,1.089e-11,cm3/s,1,2,,,
231,H (n=1) + H (n=2) → H2+ (ground state),H (n=1) + H (n=2),H2+ (ground state),8500.0,K,1.2198e-11,cm3/s,1,2,,,
231,H (n=1) + H (n=2) → H2+ (ground state),H (n=1) + H (n=2),H2+ (ground state),9000.0,K,1.3489e-11,cm3/s,1,2,,,
231,H (n=1) + H (n=2) → H2+ (ground state),H (n=1) + H (n=2),H2+ (ground state),9500.0,K,1.48092e-11,cm3/s,1,2,,,
231,H (n=1) + H (n=2) → H2+ (ground state),H (n=1) + H (n=2),H2+ (ground state),10000.0,K,1.61226e-11,cm3/s,1,2,,,
231,H (n=1) + H (n=2) → H2+ (ground state),H (n=1) + H (n=2),H2+ (ground state),11000.0,K,1.83718e-11,cm3/s,1,2,,,
231,H (n=1) + H (n=2) → H2+ (ground state),H (n=1) + H (n=2),H2+ (ground state),12000.0,K,2.125e-11,cm3/s,1,2,,,
231,H (n=1) + H (n=2) → H2+ (ground state),H (n=1) + H (n=2),H2+ (ground state),13000.0,K,2.385e-11,cm3/s,1,2,,,
231,H (n=1) + H (n=2) → H2+ (ground state),H (n=1) + H (n=2),H2+ (ground state),14000.0,K,2.6325e-11,cm3/s,1,2,,,
231,H (n=1) + H (n=2) → H2+ (ground state),H (n=1) + H (n=2),H2+ (ground state),15000.0,K,2.914e-11,cm3/s,1,2,,,
231,H (n=1) + H (n=2) → H2+ (ground state),H (n=1) + H (n=2),H2+ (ground state),16000.0,K,3.2016e-11,cm3/s,1,2,,,
231,H (n=1) + H (n=2) → H2+ (ground state),H (n=1) + H (n=2),H2+ (ground state),17000.0,K,3.4452e-11,cm3/s,1,2,,,
231,H (n=1) + H (n=2) → H2+ (ground state),H (n=1) + H (n=2),H2+ (ground state),18000.0,K,3.7026e-11,cm3/s,1,2,,,
231,H (n=1) + H (n=2) → H2+ (ground state),H (n=1) + H (n=2),H2+ (ground state),19000.0,K,3.9576e-11,cm3/s,1,2,,,
231,H (n=1) + H (n=2) → H2+ (ground state),H (n=1) + H (n=2),H2+ (ground state),20000.0,K,4.2315e-11,cm3/s,1,2,,,
232,H (n=3) + H (n=1) → H2+ (ground state),H (n=3) + H (n=1),H2+ (ground state),3000.0,K,7.26144e-10,cm3/s,1,3,,,
232,H (n=3) + H (n=1) → H2+ (ground state),H (n=3) + H (n=1),H2+ (ground state),3500.0,K,6.7689e-10,cm3/s,1,3,,,
232,H (n=3) + H (n=1) → H2+ (ground state),H (n=3) + H (n=1),H2+ (ground state),4000.0,K,5.91145e-10,cm3/s,1,3,,,
232,H (n=3) + H (n=1) → H2+ (ground state),H (n=3) + H (n=1),H2+ (ground state),4500.0,K,4.54407e-10,cm3/s,1,3,,,
232,H (n=3) + H (n=1) → H2+ (ground state),H (n=3) + H (n=1),H2+ (ground state),5000.0,K,4.24215e-10,cm3/s,1,3,,,
232,H (n=3) + H (n=1) → H2+ (ground state),H (n=3) + H (n=1),H2+ (ground state),5500.0,K,4e-10,cm3/s,1,3,,,
232,H (n=3) + H (n=1) → H2+ (ground state),H (n=3) + H (n=1),H2+ (ground state),6000.0,K,3.5672e-10,cm3/s,1,3,,,
232,H (n=3) + H (n=1) → H2+ (ground state),H (n=3) + H (n=1),H2+ (ground state),6500.0,K,3.48768e-10,cm3/s,1,3,,,
232,H (n=3) + H (n=1) → H2+ (ground state),H (n=3) + H (n=1),H2+ (ground state),7000.0,K,3.294e-10,cm3/s,1,3,,,
232,H (n=3) + H (n=1) → H2+ (ground state),H (n=3) + H (n=1),H2+ (ground state),7500.0,K,3.20292e-10,cm3/s,1,3,,,
232,H (n=3) + H (n=1) → H2+ (ground state),H (n=3) + H (n=1),H2+ (ground state),8000.0,K,3.1059e-10,cm3/s,1,3,,,
232,H (n=3) + H (n=1) → H2+ (ground state),H (n=3) + H (n=1),H2+ (ground state),8500.0,K,3.0485e-10,cm3/s,1,3,,,
232,H (n=3) + H (n=1) → H2+ (ground state),H (n=3) + H (n=1),H2+ (ground state),9000.0,K,2.95152e-10,cm3/s,1,3,,,
232,H (n=3) + H (n=1) → H2+ (ground state),H (n=3) + H (n=1),H2+ (ground state),9500.0,K,2.91734e-10,cm3/s,1,3,,,
232,H (n=3) + H (n=1) → H2+ (ground state),H (n=3) + H (n=1),H2+ (ground state),10000.0,K,2.95912e-10,cm3/s,1,3,,,
232,H (n=3) + H (n=1) → H2+ (ground state),H (n=3) + H (n=1),H2+ (ground state),11000.0,K,1.58039e-10,cm3/s,1,3,,,
232,H (n=3) + H (n=1) → H2+ (ground state),H (n=3) + H (n=1),H2+ (ground state),12000.0,K,1.47664e-10,cm3/s,1,3,,,
232,H (n=3) + H (n=1) → H2+ (ground state),H (n=3) + H (n=1),H2+ (ground state),13000.0,K,1.3935e-10,cm3/s,1,3,,,
232,H (n=3) + H (n=1) → H2+ (ground state),H (n=3) + H (n=1),H2+ (ground state),14000.0,K,1.3158e-10,cm3/s,1,3,,,
232,H (n=3) + H (n=1) → H2+ (ground state),H (n=3) + H (n=1),H2+ (ground state),15000.0,K,1.2432e-10,cm3/s,1,3,,,
232,H (n=3) + H (n=1) → H2+ (ground state),H (n=3) + H (n=1),H2+ (ground state),16000.0,K,1.188e-10,cm3/s,1,3,,,
232,H (n=3) + H (n=1) → H2+ (ground state),H (n=3) + H (n=1),H2+ (ground state),17000.0,K,1.1136e-10,cm3/s,1,3,,,
232,H (n=3) + H (n=1) → H2+ (ground state),H (n=3) + H (n=1),H2+ (ground state),18000.0,K,1.0686e-10,cm3/s,1,3,,,
232,H (n=3) + H (n=1) → H2+ (ground state),H (n=3) + H (n=1),H2+ (ground state),19000.0,K,1.0295e-10,cm3/s,1,3,,,
232,H (n=3) + H (n=1) → H2+ (ground state),H (n=3) + H (n=1),H2+ (ground state),20000.0,K,9.945e-11,cm3/s,1,3,,,
233,H (n=1) + H (n=4) → H2+ (ground state),H (n=1) + H (n=4),H2+ (ground state),3000.0,K,1.54721e-09,cm3/s,1,4,,,
233,H (n=1) + H (n=4) → H2+ (ground state),H (n=1) + H (n=4),H2+ (ground state),3500.0,K,1.46952e-09,cm3/s,1,4,,,
233,H (n=1) + H (n=4) → H2+ (ground state),H (n=1) + H (n=4),H2+ (ground state),4000.0,K,1.10502e-09,cm3/s,1,4,,,
233,H (n=1) + H (n=4) → H2+ (ground state),H (n=1) + H (n=4),H2+ (ground state),4500.0,K,6.885e-10,cm3/s,1,4,,,
233,H (n=1) + H (n=4) → H2+ (ground state),H (n=1) + H (n=4),H2+ (ground state),5000.0,K,5.4116e-10,cm3/s,1,4,,,
233,H (n=1) + H (n=4) → H2+ (ground state),H (n=1) + H (n=4),H2+ (ground state),5500.0,K,4.44176e-10,cm3/s,1,4,,,
233,H (n=1) + H (n=4) → H2+ (ground state),H (n=1) + H (n=4),H2+ (ground state),6000.0,K,3.52762e-10,cm3/s,1,4,,,
233,H (n=1) + H (n=4) → H2+ (ground state),H (n=1) + H (n=4),H2+ (ground state),6500.0,K,3.12417e-10,cm3/s,1,4,,,
233,H (n=1) + H (n=4) → H2+ (ground state),H (n=1) + H (n=4),H2+ (ground state),7000.0,K,2.71488e-10,cm3/s,1,4,,,
233,H (n=1) + H (n=4) → H2+ (ground state),H (n=1) + H (n=4),H2+ (ground state),7500.0,K,2.45072e-10,cm3/s,1,4,,,
233,H (n=1) + H (n=4) → H2+ (ground state),H (n=1) + H (n=4),H2+ (ground state),8000.0,K,2.2275e-10,cm3/s,1,4,,,
233,H (n=1) + H (n=4) → H2+ (ground state),H (n=1) + H (n=4),H2+ (ground state),8500.0,K,2.0658e-10,cm3/s,1,4,,,
233,H (n=1) + H (n=4) → H2+ (ground state),H (n=1) + H (n=4),H2+ (ground state),9000.0,K,1.90298e-10,cm3/s,1,4,,,
233,H (n=1) + H (n=4) → H2+ (ground state),H (n=1) + H (n=4),H2+ (ground state),9500.0,K,1.8096e-10,cm3/s,1,4,,,
233,H (n=1) + H (n=4) → H2+ (ground state),H (n=1) + H (n=4),H2+ (ground state),10000.0,K,1.744e-10,cm3/s,1,4,,,
233,H (n=1) + H (n=4) → H2+ (ground state),H (n=1) + H (n=4),H2+ (ground state),11000.0,K,2.7641e-10,cm3/s,1,4,,,
233,H (n=1) + H (n=4) → H2+ (ground state),H (n=1) + H (n=4),H2+ (ground state),12000.0,K,2.679e-10,cm3/s,1,4,,,
233,H (n=1) + H (n=4) → H2+ (ground state),H (n=1) + H (n=4),H2+ (ground state),13000.0,K,2.5972e-10,cm3/s,1,4,,,
233,H (n=1) + H (n=4) → H2+ (ground state),H (n=1) + H (n=4),H2+ (ground state),14000.0,K,2.528e-10,cm3/s,1,4,,,
233,H (n=1) + H (n=4) → H2+ (ground state),H (n=1) + H (n=4),H2+ (ground state),15000.0,K,2.436e-10,cm3/s,1,4,,,
233,H (n=1) + H (n=4) → H2+ (ground state),H (n=1) + H (n=4),H2+ (ground state),16000.0,K,2.3895e-10,cm3/s,1,4,,,
233,H (n=1) + H (n=4) → H2+ (ground state),H (n=1) + H (n=4),H2+ (ground state),17000.0,K,2.3184e-10,cm3/s,1,4,,,
233,H (n=1) + H (n=4) → H2+ (ground state),H (n=1) + H (n=4),H2+ (ground state),18000.0,K,2.2656e-10,cm3/s,1,4,,,
233,H (n=1) + H (n=4) → H2+ (ground state),H (n=1) + H (n=4),H2+ (ground state),19000.0,K,2.2089e-10,cm3/s,1,4,,,
233,H (n=1) + H (n=4) → H2+ (ground state),H (n=1) + H (n=4),H2+ (ground state),20000.0,K,2.163e-10,cm3/s,1,4,,,
234,H (n=1) + H (n=5) → H2+ (ground state),H (n=1) + H (n=5),H2+ (ground state),3000.0,K,2.4738e-10,cm3/s,1,5,,,
234,H (n=1) + H (n=5) → H2+ (ground state),H (n=1) + H (n=5),H2+ (ground state),3500.0,K,2.7391e-10,cm3/s,1,5,,,
234,H (n=1) + H (n=5) → H2+ (ground state),H (n=1) + H (n=5),H2+ (ground state),4000.0,K,2.92032e-10,cm3/s,1,5,,,
234,H (n=1) + H (n=5) → H2+ (ground state),H (n=1) + H (n=5),H2+ (ground state),4500.0,K,3.03728e-10,cm3/s,1,5,,,
234,H (n=1) + H (n=5) → H2+ (ground state),H (n=1) + H (n=5),H2+ (ground state),5000.0,K,3.1025e-10,cm3/s,1,5,,,
234,H (n=1) + H (n=5) → H2+ (ground state),H (n=1) + H (n=5),H2+ (ground state),5500.0,K,3.14007e-10,cm3/s,1,5,,,
234,H (n=1) + H (n=5) → H2+ (ground state),H (n=1) + H (n=5),H2+ (ground state),6000.0,K,3.14496e-10,cm3/s,1,5,,,
234,H (n=1) + H (n=5) → H2+ (ground state),H (n=1) + H (n=5),H2+ (ground state),6500.0,K,3.13236e-10,cm3/s,1,5,,,
234,H (n=1) + H (n=5) → H2+ (ground state),H (n=1) + H (n=5),H2+ (ground state),7000.0,K,3.10977e-10,cm3/s,1,5,,,
234,H (n=1) + H (n=5) → H2+ (ground state),H (n=1) + H (n=5),H2+ (ground state),7500.0,K,3.0591e-10,cm3/s,1,5,,,
234,H (n=1) + H (n=5) → H2+ (ground state),H (n=1) + H (n=5),H2+ (ground state),8000.0,K,3.024e-10,cm3/s,1,5,,,
234,H (n=1) + H (n=5) → H2+ (ground state),H (n=1) + H (n=5),H2+ (ground state),8500.0,K,2.9832e-10,cm3/s,1,5,,,
234,H (n=1) + H (n=5) → H2+ (ground state),H (n=1) + H (n=5),H2+ (ground state),9000.0,K,2.95e-10,cm3/s,1,5,,,
234,H (n=1) + H (n=5) → H2+ (ground state),H (n=1) + H (n=5),H2+ (ground state),9500.0,K,2.8914e-10,cm3/s,1,5,,,
234,H (n=1) + H (n=5) → H2+ (ground state),H (n=1) + H (n=5),H2+ (ground state),10000.0,K,2.835e-10,cm3/s,1,5,,,
234,H (n=1) + H (n=5) → H2+ (ground state),H (n=1) + H (n=5),H2+ (ground state),11000.0,K,2.7265e-10,cm3/s,1,5,,,
234,H (n=1) + H (n=5) → H2+ (ground state),H (n=1) + H (n=5),H2+ (ground state),12000.0,K,2.618e-10,cm3/s,1,5,,,
234,H (n=1) + H (n=5) → H2+ (ground state),H (n=1) + H (n=5),H2+ (ground state),13000.0,K,2.5112e-10,cm3/s,1,5,,,
234,H (n=1) + H (n=5) → H2+ (ground state),H (n=1) + H (n=5),H2+ (ground state),14000.0,K,2.4168e-10,cm3/s,1,5,,,
234,H (n=1) + H (n=5) → H2+ (ground state),H (n=1) + H (n=5),H2+ (ground state),15000.0,K,2.3236e-10,cm3/s,1,5,,,
234,H (n=1) + H (n=5) → H2+ (ground state),H (n=1) + H (n=5),H2+ (ground state),16000.0,K,2.2356e-10,cm3/s,1,5,,,
234,H (n=1) + H (n=5) → H2+ (ground state),H (n=1) + H (n=5),H2+ (ground state),17000.0,K,2.1414e-10,cm3/s,1,5,,,
234,H (n=1) + H (n=5) → H2+ (ground state),H (n=1) + H (n=5),H2+ (ground state),18000.0,K,2.0691e-10,cm3/s,1,5,,,
234,H (n=1) + H (n=5) → H2+ (ground state),H (n=1) + H (n=5),H2+ (ground state),19000.0,K,1.9836e-10,cm3/s,1,5,,,
234,H (n=1) + H (n=5) → H2+ (ground state),H (n=1) + H (n=5),H2+ (ground state),20000.0,K,1.9224e-10,cm3/s,1,5,,,
235,H (n=1) + H (n=6) → H2+ (ground state),H (n=1) + H (n=6),H2+ (ground state),3000.0,K,2.14289e-10,cm3/s,1,6,,,
235,H (n=1) + H (n=6) → H2+ (ground state),H (n=1) + H (n=6),H2+ (ground state),3500.0,K,2.22423e-10,cm3/s,1,6,,,
235,H (n=1) + H (n=6) → H2+ (ground state),H (n=1) + H (n=6),H2+ (ground state),4000.0,K,2.26032e-10,cm3/s,1,6,,,
235,H (n=1) + H (n=6) → H2+ (ground state),H (n=1) + H (n=6),H2+ (ground state),4500.0,K,2.26681e-10,cm3/s,1,6,,,
235,H (n=1) + H (n=6) → H2+ (ground state),H (n=1) + H (n=6),H2+ (ground state),5000.0,K,2.24418e-10,cm3/s,1,6,,,
235,H (n=1) + H (n=6) → H2+ (ground state),H (n=1) + H (n=6),H2+ (ground state),5500.0,K,2.21208e-10,cm3/s,1,6,,,
235,H (n=1) + H (n=6) → H2+ (ground state),H (n=1) + H (n=6),H2+ (ground state),6000.0,K,2.16576e-10,cm3/s,1,6,,,
235,H (n=1) + H (n=6) → H2+ (ground state),H (n=1) + H (n=6),H2+ (ground state),6500.0,K,2.11988e-10,cm3/s,1,6,,,
235,H (n=1) + H (n=6) → H2+ (ground state),H (n=1) + H (n=6),H2+ (ground state),7000.0,K,2.0675e-10,cm3/s,1,6,,,
235,H (n=1) + H (n=6) → H2+ (ground state),H (n=1) + H (n=6),H2+ (ground state),7500.0,K,2.021e-10,cm3/s,1,6,,,
235,H (n=1) + H (n=6) → H2+ (ground state),H (n=1) + H (n=6),H2+ (ground state),8000.0,K,1.97132e-10,cm3/s,1,6,,,
235,H (n=1) + H (n=6) → H2+ (ground state),H (n=1) + H (n=6),H2+ (ground state),8500.0,K,1.9136e-10,cm3/s,1,6,,,
235,H (n=1) + H (n=6) → H2+ (ground state),H (n=1) + H (n=6),H2+ (ground state),9000.0,K,1.86756e-10,cm3/s,1,6,,,
235,H (n=1) + H (n=6) → H2+ (ground state),H (n=1) + H (n=6),H2+ (ground state),9500.0,K,1.81951e-10,cm3/s,1,6,,,
235,H (n=1) + H (n=6) → H2+ (ground state),H (n=1) + H (n=6),H2+ (ground state),10000.0,K,1.76469e-10,cm3/s,1,6,,,
235,H (n=1) + H (n=6) → H2+ (ground state),H (n=1) + H (n=6),H2+ (ground state),11000.0,K,1.6744e-10,cm3/s,1,6,,,
235,H (n=1) + H (n=6) → H2+ (ground state),H (n=1) + H (n=6),H2+ (ground state),12000.0,K,1.5876e-10,cm3/s,1,6,,,
235,H (n=1) + H (n=6) → H2+ (ground state),H (n=1) + H (n=6),H2+ (ground state),13000.0,K,1.5096e-10,cm3/s,1,6,,,
235,H (n=1) + H (n=6) → H2+ (ground state),H (n=1) + H (n=6),H2+ (ground state),14000.0,K,1.449e-10,cm3/s,1,6,,,
235,H (n=1) + H (n=6) → H2+ (ground state),H (n=1) + H (n=6),H2+ (ground state),15000.0,K,1.3806e-10,cm3/s,1,6,,,
235,H (n=1) + H (n=6) → H2+ (ground state),H (n=1) + H (n=6),H2+ (ground state),16000.0,K,1.308e-10,cm3/s,1,6,,,
235,H (n=1) + H (n=6) → H2+ (ground state),H (n=1) + H (n=6),H2+ (ground state),17000.0,K,1.2546e-10,cm3/s,1,6,,,
235,H (n=1) + H (n=6) → H2+ (ground state),H (n=1) + H (n=6),H2+ (ground state),18000.0,K,1.2e-10,cm3/s,1,6,,,
235,H (n=1) + H (n=6) → H2+ (ground state),H (n=1) + H (n=6),H2+ (ground state),19000.0,K,1.143e-10,cm3/s,1,6,,,
235,H (n=1) + H (n=6) → H2+ (ground state),H (n=1) + H (n=6),H2+ (ground state),20000.0,K,1.0965e-10,cm3/s,1,6,,,
236,H (n=7) + H (n=1) → H2+ (ground state),H (n=7) + H (n=1),H2+ (ground state),3000.0,K,1.57779e-10,cm3/s,1,7,,,
236,H (n=7) + H (n=1) → H2+ (ground state),H (n=7) + H (n=1),H2+ (ground state),3500.0,K,1.57454e-10,cm3/s,1,7,,,
236,H (n=7) + H (n=1) → H2+ (ground state),H (n=7) + H (n=1),H2+ (ground state),4000.0,K,1.55105e-10,cm3/s,1,7,,,
236,H (n=7) + H (n=1) → H2+ (ground state),H (n=7) + H (n=1),H2+ (ground state),4500.0,K,1.515e-10,cm3/s,1,7,,,
236,H (n=7) + H (n=1) → H2+ (ground state),H (n=7) + H (n=1),H2+ (ground state),5000.0,K,1.47641e-10,cm3/s,1,7,,,
236,H (n=7) + H (n=1) → H2+ (ground state),H (n=7) + H (n=1),H2+ (ground state),5500.0,K,1.43002e-10,cm3/s,1,7,,,
236,H (n=7) + H (n=1) → H2+ (ground state),H (n=7) + H (n=1),H2+ (ground state),6000.0,K,1.38415e-10,cm3/s,1,7,,,
236,H (n=7) + H (n=1) → H2+ (ground state),H (n=7) + H (n=1),H2+ (ground state),6500.0,K,1.33634e-10,cm3/s,1,7,,,
236,H (n=7) + H (n=1) → H2+ (ground state),H (n=7) + H (n=1),H2+ (ground state),7000.0,K,1.2954e-10,cm3/s,1,7,,,
236,H (n=7) + H (n=1) → H2+ (ground state),H (n=7) + H (n=1),H2+ (ground state),7500.0,K,1.2445e-10,cm3/s,1,7,,,
236,H (n=7) + H (n=1) → H2+ (ground state),H (n=7) + H (n=1),H2+ (ground state),8000.0,K,1.20646e-10,cm3/s,1,7,,,
236,H (n=7) + H (n=1) → H2+ (ground state),H (n=7) + H (n=1),H2+ (ground state),8500.0,K,1.16779e-10,cm3/s,1,7,,,
236,H (n=7) + H (n=1) → H2+ (ground state),H (n=7) + H (n=1),H2+ (ground state),9000.0,K,1.1312e-10,cm3/s,1,7,,,
236,H (n=7) + H (n=1) → H2+ (ground state),H (n=7) + H (n=1),H2+ (ground state),9500.0,K,1.09022e-10,cm3/s,1,7,,,
236,H (n=7) + H (n=1) → H2+ (ground state),H (n=7) + H (n=1),H2+ (ground state),10000.0,K,1.05984e-10,cm3/s,1,7,,,
236,H (n=7) + H (n=1) → H2+ (ground state),H (n=7) + H (n=1),H2+ (ground state),11000.0,K,9.9691e-11,cm3/s,1,7,,,
236,H (n=7) + H (n=1) → H2+ (ground state),H (n=7) + H (n=1),H2+ (ground state),12000.0,K,9.3177e-11,cm3/s,1,7,,,
236,H (n=7) + H (n=1) → H2+ (ground state),H (n=7) + H (n=1),H2+ (ground state),13000.0,K,8.833e-11,cm3/s,1,7,,,
236,H (n=7) + H (n=1) → H2+ (ground state),H (n=7) + H (n=1),H2+ (ground state),14000.0,K,8.3742e-11,cm3/s,1,7,,,
236,H (n=7) + H (n=1) → H2+ (ground state),H (n=7) + H (n=1),H2+ (ground state),15000.0,K,7.9515e-11,cm3/s,1,7,,,
236,H (n=7) + H (n=1) → H2+ (ground state),H (n=7) + H (n=1),H2+ (ground state),16000.0,K,7.4976e-11,cm3/s,1,7,,,
236,H (n=7) + H (n=1) → H2+ (ground state),H (n=7) + H (n=1),H2+ (ground state),17000.0,K,7.1795e-11,cm3/s,1,7,,,
236,H (n=7) + H (n=1) → H2+ (ground state),H (n=7) + H (n=1),H2+ (ground state),18000.0,K,6.8484e-11,cm3/s,1,7,,,
236,H (n=7) + H (n=1) → H2+ (ground state),H (n=7) + H (n=1),H2+ (ground state),19000.0,K,6.4897e-11,cm3/s,1,7,,,
236,H (n=7) + H (n=1) → H2+ (ground state),H (n=7) + H (n=1),H2+ (ground state),20000.0,K,6.21e-11,cm3/s,1,7,,,
237,H (n=1) + H (n=8) → H2+ (ground state),H (n=1) + H (n=8),H2+ (ground state),3000.0,K,1.09242e-10,cm3/s,1,8,,,
237,H (n=1) + H (n=8) → H2+ (ground state),H (n=1) + H (n=8),H2+ (ground state),3500.0,K,1.06132e-10,cm3/s,1,8,,,
237,H (n=1) + H (n=8) → H2+ (ground state),H (n=1) + H (n=8),H2+ (ground state),4000.0,K,1.02846e-10,cm3/s,1,8,,,
237,H (n=1) + H (n=8) → H2+ (ground state),H (n=1) + H (n=8),H2+ (ground state),4500.0,K,9.8806e-11,cm3/s,1,8,,,
237,H (n=1) + H (n=8) → H2+ (ground state),H (n=1) + H (n=8),H2+ (ground state),5000.0,K,9.471e-11,cm3/s,1,8,,,
237,H (n=1) + H (n=8) → H2+ (ground state),H (n=1) + H (n=8),H2+ (ground state),5500.0,K,9.0736e-11,cm3/s,1,8,,,
237,H (n=1) + H (n=8) → H2+ (ground state),H (n=1) + H (n=8),H2+ (ground state),6000.0,K,8.722e-11,cm3/s,1,8,,,
237,H (n=1) + H (n=8) → H2+ (ground state),H (n=1) + H (n=8),H2+ (ground state),6500.0,K,8.372e-11,cm3/s,1,8,,,
237,H (n=1) + H (n=8) → H2+ (ground state),H (n=1) + H (n=8),H2+ (ground state),7000.0,K,7.9937e-11,cm3/s,1,8,,,
237,H (n=1) + H (n=8) → H2+ (ground state),H (n=1) + H (n=8),H2+ (ground state),7500.0,K,7.663e-11,cm3/s,1,8,,,
237,H (n=1) + H (n=8) → H2+ (ground state),H (n=1) + H (n=8),H2+ (ground state),8000.0,K,7.4053e-11,cm3/s,1,8,,,
237,H (n=1) + H (n=8) → H2+ (ground state),H (n=1) + H (n=8),H2+ (ground state),8500.0,K,7.1487e-11,cm3/s,1,8,,,
237,H (n=1) + H (n=8) → H2+ (ground state),H (n=1) + H (n=8),H2+ (ground state),9000.0,K,6.8628e-11,cm3/s,1,8,,,
237,H (n=1) + H (n=8) → H2+ (ground state),H (n=1) + H (n=8),H2+ (ground state),9500.0,K,6.615e-11,cm3/s,1,8,,,
237,H (n=1) + H (n=8) → H2+ (ground state),H (n=1) + H (n=8),H2+ (ground state),10000.0,K,6.396e-11,cm3/s,1,8,,,
237,H (n=1) + H (n=8) → H2+ (ground state),H (n=1) + H (n=8),H2+ (ground state),11000.0,K,5.9732e-11,cm3/s,1,8,,,
237,H (n=1) + H (n=8) → H2+ (ground state),H (n=1) + H (n=8),H2+ (ground state),12000.0,K,5.5539e-11,cm3/s,1,8,,,
237,H (n=1) + H (n=8) → H2+ (ground state),H (n=1) + H (n=8),H2+ (ground state),13000.0,K,5.2716e-11,cm3/s,1,8,,,
237,H (n=1) + H (n=8) → H2+ (ground state),H (n=1) + H (n=8),H2+ (ground state),14000.0,K,4.9555e-11,cm3/s,1,8,,,
237,H (n=1) + H (n=8) → H2+ (ground state),H (n=1) + H (n=8),H2+ (ground state),15000.0,K,4.6768e-11,cm3/s,1,8,,,
237,H (n=1) + H (n=8) → H2+ (ground state),H (n=1) + H (n=8),H2+ (ground state),16000.0,K,4.4474e-11,cm3/s,1,8,,,
237,H (n=1) + H (n=8) → H2+ (ground state),H (n=1) + H (n=8),H2+ (ground state),17000.0,K,4.1952e-11,cm3/s,1,8,,,
237,H (n=1) + H (n=8) → H2+ (ground state),H (n=1) + H (n=8),H2+ (ground state),18000.0,K,4.004e-11,cm3/s,1,8,,,
237,H (n=1) + H (n=8) → H2+ (ground state),H (n=1) + H (n=8),H2+ (ground state),19000.0,K,3.7942e-11,cm3/s,1,8,,,
237,H (n=1) + H (n=8) → H2+ (ground state),H (n=1) + H (n=8),H2+ (ground state),20000.0,K,3.6424e-11,cm3/s,1,8,,,
238,H (n=9) + H (n=1) → H2+ (ground state),H (n=9) + H (n=1),H2+ (ground state),3000.0,K,7.4664e-11,cm3/s,1,9,,,
238,H (n=9) + H (n=1) → H2+ (ground state),H (n=9) + H (n=1),H2+ (ground state),3500.0,K,7.1285e-11,cm3/s,1,9,,,
238,H (n=9) + H (n=1) → H2+ (ground state),H (n=9) + H (n=1),H2+ (ground state),4000.0,K,6.7637e-11,cm3/s,1,9,,,
238,H (n=9) + H (n=1) → H2+ (ground state),H (n=9) + H (n=1),H2+ (ground state),4500.0,K,6.4368e-11,cm3/s,1,9,,,
238,H (n=9) + H (n=1) → H2+ (ground state),H (n=9) + H (n=1),H2+ (ground state),5000.0,K,6.1267e-11,cm3/s,1,9,,,
238,H (n=9) + H (n=1) → H2+ (ground state),H (n=9) + H (n=1),H2+ (ground state),5500.0,K,5.814e-11,cm3/s,1,9,,,
238,H (n=9) + H (n=1) → H2+ (ground state),H (n=9) + H (n=1),H2+ (ground state),6000.0,K,5.5278e-11,cm3/s,1,9,,,
238,H (n=9) + H (n=1) → H2+ (ground state),H (n=9) + H (n=1),H2+ (ground state),6500.0,K,5.2668e-11,cm3/s,1,9,,,
238,H (n=9) + H (n=1) → H2+ (ground state),H (n=9) + H (n=1),H2+ (ground state),7000.0,K,5.0544e-11,cm3/s,1,9,,,
238,H (n=9) + H (n=1) → H2+ (ground state),H (n=9) + H (n=1),H2+ (ground state),7500.0,K,4.833e-11,cm3/s,1,9,,,
238,H (n=9) + H (n=1) → H2+ (ground state),H (n=9) + H (n=1),H2+ (ground state),8000.0,K,4.6355e-11,cm3/s,1,9,,,
238,H (n=9) + H (n=1) → H2+ (ground state),H (n=9) + H (n=1),H2+ (ground state),8500.0,K,4.464e-11,cm3/s,1,9,,,
238,H (n=9) + H (n=1) → H2+ (ground state),H (n=9) + H (n=1),H2+ (ground state),9000.0,K,4.2601e-11,cm3/s,1,9,,,
238,H (n=9) + H (n=1) → H2+ (ground state),H (n=9) + H (n=1),H2+ (ground state),9500.0,K,4.0981e-11,cm3/s,1,9,,,
238,H (n=9) + H (n=1) → H2+ (ground state),H (n=9) + H (n=1),H2+ (ground state),10000.0,K,3.9576e-11,cm3/s,1,9,,,
238,H (n=9) + H (n=1) → H2+ (ground state),H (n=9) + H (n=1),H2+ (ground state),11000.0,K,3.6921e-11,cm3/s,1,9,,,
238,H (n=9) + H (n=1) → H2+ (ground state),H (n=9) + H (n=1),H2+ (ground state),12000.0,K,3.402e-11,cm3/s,1,9,,,
238,H (n=9) + H (n=1) → H2+ (ground state),H (n=9) + H (n=1),H2+ (ground state),13000.0,K,3.2136e-11,cm3/s,1,9,,,
238,H (n=9) + H (n=1) → H2+ (ground state),H (n=9) + H (n=1),H2+ (ground state),14000.0,K,3.0096e-11,cm3/s,1,9,,,
238,H (n=9) + H (n=1) → H2+ (ground state),H (n=9) + H (n=1),H2+ (ground state),15000.0,K,2.8341e-11,cm3/s,1,9,,,
238,H (n=9) + H (n=1) → H2+ (ground state),H (n=9) + H (n=1),H2+ (ground state),16000.0,K,2.7027e-11,cm3/s,1,9,,,
238,H (n=9) + H (n=1) → H2+ (ground state),H (n=9) + H (n=1),H2+ (ground state),17000.0,K,2.5547e-11,cm3/s,1,9,,,
238,H (n=9) + H (n=1) → H2+ (ground state),H (n=9) + H (n=1),H2+ (ground state),18000.0,K,2.4035e-11,cm3/s,1,9,,,
238,H (n=9) + H (n=1) → H2+ (ground state),H (n=9) + H (n=1),H2+ (ground state),19000.0,K,2.2932e-11,cm3/s,1,9,,,
238,H (n=9) + H (n=1) → H2+ (ground state),H (n=9) + H (n=1),H2+ (ground state),20000.0,K,2.1805e-11,cm3/s,1,9,,,
239,H (n=10) + H (n=1) → H2+ (ground state),H (n=10) + H (n=1),H2+ (ground state),3000.0,K,5.1072e-11,cm3/s,1,10,,,
239,H (n=10) + H (n=1) → H2+ (ground state),H (n=10) + H (n=1),H2+ (ground state),3500.0,K,4.7998e-11,cm3/s,1,10,,,
239,H (n=10) + H (n=1) → H2+ (ground state),H (n=10) + H (n=1),H2+ (ground state),4000.0,K,4.5136e-11,cm3/s,1,10,,,
239,H (n=10) + H (n=1) → H2+ (ground state),H (n=10) + H (n=1),H2+ (ground state),4500.0,K,4.2636e-11,cm3/s,1,10,,,
239,H (n=10) + H (n=1) → H2+ (ground state),H (n=10) + H (n=1),H2+ (ground state),5000.0,K,4.012e-11,cm3/s,1,10,,,
239,H (n=10) + H (n=1) → H2+ (ground state),H (n=10) + H (n=1),H2+ (ground state),5500.0,K,3.8064e-11,cm3/s,1,10,,,
239,H (n=10) + H (n=1) → H2+ (ground state),H (n=10) + H (n=1),H2+ (ground state),6000.0,K,3.6144e-11,cm3/s,1,10,,,
239,H (n=10) + H (n=1) → H2+ (ground state),H (n=10) + H (n=1),H2+ (ground state),6500.0,K,3.4048e-11,cm3/s,1,10,,,
239,H (n=10) + H (n=1) → H2+ (ground state),H (n=10) + H (n=1),H2+ (ground state),7000.0,K,3.275e-11,cm3/s,1,10,,,
239,H (n=10) + H (n=1) → H2+ (ground state),H (n=10) + H (n=1),H2+ (ground state),7500.0,K,3.1239e-11,cm3/s,1,10,,,
239,H (n=10) + H (n=1) → H2+ (ground state),H (n=10) + H (n=1),H2+ (ground state),8000.0,K,2.9539e-11,cm3/s,1,10,,,
239,H (n=10) + H (n=1) → H2+ (ground state),H (n=10) + H (n=1),H2+ (ground state),8500.0,K,2.8325e-11,cm3/s,1,10,,,
239,H (n=10) + H (n=1) → H2+ (ground state),H (n=10) + H (n=1),H2+ (ground state),9000.0,K,2.7342e-11,cm3/s,1,10,,,
239,H (n=10) + H (n=1) → H2+ (ground state),H (n=10) + H (n=1),H2+ (ground state),9500.0,K,2.6226e-11,cm3/s,1,10,,,
239,H (n=10) + H (n=1) → H2+ (ground state),H (n=10) + H (n=1),H2+ (ground state),10000.0,K,2.508e-11,cm3/s,1,10,,,
239,H (n=10) + H (n=1) → H2+ (ground state),H (n=10) + H (n=1),H2+ (ground state),11000.0,K,2.328e-11,cm3/s,1,10,,,
239,H (n=10) + H (n=1) → H2+ (ground state),H (n=10) + H (n=1),H2+ (ground state),12000.0,K,2.1608e-11,cm3/s,1,10,,,
239,H (n=10) + H (n=1) → H2+ (ground state),H (n=10) + H (n=1),H2+ (ground state),13000.0,K,2.01e-11,cm3/s,1,10,,,
239,H (n=10) + H (n=1) → H2+ (ground state),H (n=10) + H (n=1),H2+ (ground state),14000.0,K,1.8848e-11,cm3/s,1,10,,,
239,H (n=10) + H (n=1) → H2+ (ground state),H (n=10) + H (n=1),H2+ (ground state),15000.0,K,1.7864e-11,cm3/s,1,10,,,
239,H (n=10) + H (n=1) → H2+ (ground state),H (n=10) + H (n=1),H2+ (ground state),16000.0,K,1.6794e-11,cm3/s,1,10,,,
239,H (n=10) + H (n=1) → H2+ (ground state),H (n=10) + H (n=1),H2+ (ground state),17000.0,K,1.6014e-11,cm3/s,1,10,,,
239,H (n=10) + H (n=1) → H2+ (ground state),H (n=10) + H (n=1),H2+ (ground state),18000.0,K,1.5168e-11,cm3/s,1,10,,,
239,H (n=10) + H (n=1) → H2+ (ground state),H (n=10) + H (n=1),H2+ (ground state),19000.0,K,1.4355e-11,cm3/s,1,10,,,
239,H (n=10) + H (n=1) → H2+ (ground state),H (n=10) + H (n=1),H2+ (ground state),20000.0,K,1.3803e-11,cm3/s,1,10,,,
240,H (n=1) + H (n=11) → H2+ (ground state),H (n=1) + H (n=11),H2+ (ground state),3000.0,K,3.5334e-11,cm3/s,1,11,,,
240,H (n=1) + H (n=11) → H2+ (ground state),H (n=1) + H (n=11),H2+ (ground state),3500.0,K,3.28e-11,cm3/s,1,11,,,
240,H (n=1) + H (n=11) → H2+ (ground state),H (n=1) + H (n=11),H2+ (ground state),4000.0,K,3.0576e-11,cm3/s,1,11,,,
240,H (n=1) + H (n=11) → H2+ (ground state),H (n=1) + H (n=11),H2+ (ground state),4500.0,K,2.8875e-11,cm3/s,1,11,,,
240,H (n=1) + H (n=11) → H2+ (ground state),H (n=1) + H (n=11),H2+ (ground state),5000.0,K,2.6969e-11,cm3/s,1,11,,,
240,H (n=1) + H (n=11) → H2+ (ground state),H (n=1) + H (n=11),H2+ (ground state),5500.0,K,2.5482e-11,cm3/s,1,11,,,
240,H (n=1) + H (n=11) → H2+ (ground state),H (n=1) + H (n=11),H2+ (ground state),6000.0,K,2.394e-11,cm3/s,1,11,,,
240,H (n=1) + H (n=11) → H2+ (ground state),H (n=1) + H (n=11),H2+ (ground state),6500.0,K,2.2698e-11,cm3/s,1,11,,,
240,H (n=1) + H (n=11) → H2+ (ground state),H (n=1) + H (n=11),H2+ (ground state),7000.0,K,2.1582e-11,cm3/s,1,11,,,
240,H (n=1) + H (n=11) → H2+ (ground state),H (n=1) + H (n=11),H2+ (ground state),7500.0,K,2.0502e-11,cm3/s,1,11,,,
240,H (n=1) + H (n=11) → H2+ (ground state),H (n=1) + H (n=11),H2+ (ground state),8000.0,K,1.9584e-11,cm3/s,1,11,,,
240,H (n=1) + H (n=11) → H2+ (ground state),H (n=1) + H (n=11),H2+ (ground state),8500.0,K,1.8746e-11,cm3/s,1,11,,,
240,H (n=1) + H (n=11) → H2+ (ground state),H (n=1) + H (n=11),H2+ (ground state),9000.0,K,1.7974e-11,cm3/s,1,11,,,
240,H (n=1) + H (n=11) → H2+ (ground state),H (n=1) + H (n=11),H2+ (ground state),9500.0,K,1.7091e-11,cm3/s,1,11,,,
240,H (n=1) + H (n=11) → H2+ (ground state),H (n=1) + H (n=11),H2+ (ground state),10000.0,K,1.6401e-11,cm3/s,1,11,,,
240,H (n=1) + H (n=11) → H2+ (ground state),H (n=1) + H (n=11),H2+ (ground state),11000.0,K,1.519e-11,cm3/s,1,11,,,
240,H (n=1) + H (n=11) → H2+ (ground state),H (n=1) + H (n=11),H2+ (ground state),12000.0,K,1.408e-11,cm3/s,1,11,,,
240,H (n=1) + H (n=11) → H2+ (ground state),H (n=1) + H (n=11),H2+ (ground state),13000.0,K,1.3157e-11,cm3/s,1,11,,,
240,H (n=1) + H (n=11) → H2+ (ground state),H (n=1) + H (n=11),H2+ (ground state),14000.0,K,1.2375e-11,cm3/s,1,11,,,
240,H (n=1) + H (n=11) → H2+ (ground state),H (n=1) + H (n=11),H2+ (ground state),15000.0,K,1.1628e-11,cm3/s,1,11,,,
240,H (n=1) + H (n=11) → H2+ (ground state),H (n=1) + H (n=11),H2+ (ground state),16000.0,K,1.104e-11,cm3/s,1,11,,,
240,H (n=1) + H (n=11) → H2+ (ground state),H (n=1) + H (n=11),H2+ (ground state),17000.0,K,1.0395e-11,cm3/s,1,11,,,
240,H (n=1) + H (n=11) → H2+ (ground state),H (n=1) + H (n=11),H2+ (ground state),18000.0,K,9.786e-12,cm3/s,1,11,,,
240,H (n=1) + H (n=11) → H2+ (ground state),H (n=1) + H (n=11),H2+ (ground state),19000.0,K,9.4e-12,cm3/s,1,11,,,
240,H (n=1) + H (n=11) → H2+ (ground state),H (n=1) + H (n=11),H2+ (ground state),20000.0,K,8.732e-12,cm3/s,1,11,,,
241,H (n=1) + H (n=12) → H2+ (ground state),H (n=1) + H (n=12),H2+ (ground state),3000.0,K,2.4871e-11,cm3/s,1,12,,,
241,H (n=1) + H (n=12) → H2+ (ground state),H (n=1) + H (n=12),H2+ (ground state),3500.0,K,2.2875e-11,cm3/s,1,12,,,
241,H (n=1) + H (n=12) → H2+ (ground state),H (n=1) + H (n=12),H2+ (ground state),4000.0,K,2.1353e-11,cm3/s,1,12,,,
241,H (n=1) + H (n=12) → H2+ (ground state),H (n=1) + H (n=12),H2+ (ground state),4500.0,K,1.9856e-11,cm3/s,1,12,,,
241,H (n=1) + H (n=12) → H2+ (ground state),H (n=1) + H (n=12),H2+ (ground state),5000.0,K,1.862e-11,cm3/s,1,12,,,
241,H (n=1) + H (n=12) → H2+ (ground state),H (n=1) + H (n=12),H2+ (ground state),5500.0,K,1.7446e-11,cm3/s,1,12,,,
241,H (n=1) + H (n=12) → H2+ (ground state),H (n=1) + H (n=12),H2+ (ground state),6000.0,K,1.6352e-11,cm3/s,1,12,,,
241,H (n=1) + H (n=12) → H2+ (ground state),H (n=1) + H (n=12),H2+ (ground state),6500.0,K,1.5496e-11,cm3/s,1,12,,,
241,H (n=1) + H (n=12) → H2+ (ground state),H (n=1) + H (n=12),H2+ (ground state),7000.0,K,1.4647e-11,cm3/s,1,12,,,
241,H (n=1) + H (n=12) → H2+ (ground state),H (n=1) + H (n=12),H2+ (ground state),7500.0,K,1.3923e-11,cm3/s,1,12,,,
241,H (n=1) + H (n=12) → H2+ (ground state),H (n=1) + H (n=12),H2+ (ground state),8000.0,K,1.3175e-11,cm3/s,1,12,,,
241,H (n=1) + H (n=12) → H2+ (ground state),H (n=1) + H (n=12),H2+ (ground state),8500.0,K,1.2717e-11,cm3/s,1,12,,,
241,H (n=1) + H (n=12) → H2+ (ground state),H (n=1) + H (n=12),H2+ (ground state),9000.0,K,1.2084e-11,cm3/s,1,12,,,
241,H (n=1) + H (n=12) → H2+ (ground state),H (n=1) + H (n=12),H2+ (ground state),9500.0,K,1.152e-11,cm3/s,1,12,,,
241,H (n=1) + H (n=12) → H2+ (ground state),H (n=1) + H (n=12),H2+ (ground state),10000.0,K,1.1178e-11,cm3/s,1,12,,,
241,H (n=1) + H (n=12) → H2+ (ground state),H (n=1) + H (n=12),H2+ (ground state),11000.0,K,1.0168e-11,cm3/s,1,12,,,
241,H (n=1) + H (n=12) → H2+ (ground state),H (n=1) + H (n=12),H2+ (ground state),12000.0,K,9.462e-12,cm3/s,1,12,,,
241,H (n=1) + H (n=12) → H2+ (ground state),H (n=1) + H (n=12),H2+ (ground state),13000.0,K,8.904e-12,cm3/s,1,12,,,
241,H (n=1) + H (n=12) → H2+ (ground state),H (n=1) + H (n=12),H2+ (ground state),14000.0,K,8.33e-12,cm3/s,1,12,,,
241,H (n=1) + H (n=12) → H2+ (ground state),H (n=1) + H (n=12),H2+ (ground state),15000.0,K,7.695e-12,cm3/s,1,12,,,
241,H (n=1) + H (n=12) → H2+ (ground state),H (n=1) + H (n=12),H2+ (ground state),16000.0,K,7.266e-12,cm3/s,1,12,,,
241,H (n=1) + H (n=12) → H2+ (ground state),H (n=1) + H (n=12),H2+ (ground state),17000.0,K,6.96e-12,cm3/s,1,12,,,
241,H (n=1) + H (n=12) → H2+ (ground state),H (n=1) + H (n=12),H2+ (ground state),18000.0,K,6.475e-12,cm3/s,1,12,,,
241,H (n=1) + H (n=12) → H2+ (ground state),H (n=1) + H (n=12),H2+ (ground state),19000.0,K,6.16e-12,cm3/s,1,12,,,
241,H (n=1) + H (n=12) → H2+ (ground state),H (n=1) + H (n=12),H2+ (ground state),20000.0,K,5.841e-12,cm3/s,1,12,,,
242,H (n=1) + H (n=13) → H2+ (ground state),H (n=1) + H (n=13),H2+ (ground state),3000.0,K,1.77472e-11,cm3/s,1,13,,,
242,H (n=1) + H (n=13) → H2+ (ground state),H (n=1) + H (n=13),H2+ (ground state),3500.0,K,1.62524e-11,cm3/s,1,13,,,
242,H (n=1) + H (n=13) → H2+ (ground state),H (n=1) + H (n=13),H2+ (ground state),4000.0,K,1.5038e-11,cm3/s,1,13,,,
242,H (n=1) + H (n=13) → H2+ (ground state),H (n=1) + H (n=13),H2+ (ground state),4500.0,K,1.3886e-11,cm3/s,1,13,,,
242,H (n=1) + H (n=13) → H2+ (ground state),H (n=1) + H (n=13),H2+ (ground state),5000.0,K,1.2971e-11,cm3/s,1,13,,,
242,H (n=1) + H (n=13) → H2+ (ground state),H (n=1) + H (n=13),H2+ (ground state),5500.0,K,1.232e-11,cm3/s,1,13,,,
242,H (n=1) + H (n=13) → H2+ (ground state),H (n=1) + H (n=13),H2+ (ground state),6000.0,K,1.1514e-11,cm3/s,1,13,,,
242,H (n=1) + H (n=13) → H2+ (ground state),H (n=1) + H (n=13),H2+ (ground state),6500.0,K,1.0904e-11,cm3/s,1,13,,,
242,H (n=1) + H (n=13) → H2+ (ground state),H (n=1) + H (n=13),H2+ (ground state),7000.0,K,1.0179e-11,cm3/s,1,13,,,
242,H (n=1) + H (n=13) → H2+ (ground state),H (n=1) + H (n=13),H2+ (ground state),7500.0,K,9.758e-12,cm3/s,1,13,,,
242,H (n=1) + H (n=13) → H2+ (ground state),H (n=1) + H (n=13),H2+ (ground state),8000.0,K,9.24e-12,cm3/s,1,13,,,
242,H (n=1) + H (n=13) → H2+ (ground state),H (n=1) + H (n=13),H2+ (ground state),8500.0,K,8.712e-12,cm3/s,1,13,,,
242,H (n=1) + H (n=13) → H2+ (ground state),H (n=1) + H (n=13),H2+ (ground state),9000.0,K,8.296e-12,cm3/s,1,13,,,
242,H (n=1) + H (n=13) → H2+ (ground state),H (n=1) + H (n=13),H2+ (ground state),9500.0,K,7.995e-12,cm3/s,1,13,,,
242,H (n=1) + H (n=13) → H2+ (ground state),H (n=1) + H (n=13),H2+ (ground state),10000.0,K,7.688e-12,cm3/s,1,13,,,
242,H (n=1) + H (n=13) → H2+ (ground state),H (n=1) + H (n=13),H2+ (ground state),11000.0,K,7.056e-12,cm3/s,1,13,,,
242,H (n=1) + H (n=13) → H2+ (ground state),H (n=1) + H (n=13),H2+ (ground state),12000.0,K,6.528e-12,cm3/s,1,13,,,
242,H (n=1) + H (n=13) → H2+ (ground state),H (n=1) + H (n=13),H2+ (ground state),13000.0,K,6.063e-12,cm3/s,1,13,,,
242,H (n=1) + H (n=13) → H2+ (ground state),H (n=1) + H (n=13),H2+ (ground state),14000.0,K,5.72e-12,cm3/s,1,13,,,
242,H (n=1) + H (n=13) → H2+ (ground state),H (n=1) + H (n=13),H2+ (ground state),15000.0,K,5.371e-12,cm3/s,1,13,,,
242,H (n=1) + H (n=13) → H2+ (ground state),H (n=1) + H (n=13),H2+ (ground state),16000.0,K,5.016e-12,cm3/s,1,13,,,
242,H (n=1) + H (n=13) → H2+ (ground state),H (n=1) + H (n=13),H2+ (ground state),17000.0,K,4.788e-12,cm3/s,1,13,,,
242,H (n=1) + H (n=13) → H2+ (ground state),H (n=1) + H (n=13),H2+ (ground state),18000.0,K,4.556e-12,cm3/s,1,13,,,
242,H (n=1) + H (n=13) → H2+ (ground state),H (n=1) + H (n=13),H2+ (ground state),19000.0,K,4.288e-12,cm3/s,1,13,,,
242,H (n=1) + H (n=13) → H2+ (ground state),H (n=1) + H (n=13),H2+ (ground state),20000.0,K,4.05e-12,cm3/s,1,13,,,
243,H (n=1) + H (n=14) → H2+ (ground state),H (n=1) + H (n=14),H2+ (ground state),3000.0,K,1.2852e-11,cm3/s,1,14,,,
243,H (n=1) + H (n=14) → H2+ (ground state),H (n=1) + H (n=14),H2+ (ground state),3500.0,K,1.17859e-11,cm3/s,1,14,,,
243,H (n=1) + H (n=14) → H2+ (ground state),H (n=1) + H (n=14),H2+ (ground state),4000.0,K,1.08108e-11,cm3/s,1,14,,,
243,H (n=1) + H (n=14) → H2+ (ground state),H (n=1) + H (n=14),H2+ (ground state),4500.0,K,1.00198e-11,cm3/s,1,14,,,
243,H (n=1) + H (n=14) → H2+ (ground state),H (n=1) + H (n=14),H2+ (ground state),5000.0,K,9.3096e-12,cm3/s,1,14,,,
243,H (n=1) + H (n=14) → H2+ (ground state),H (n=1) + H (n=14),H2+ (ground state),5500.0,K,8.7021e-12,cm3/s,1,14,,,
243,H (n=1) + H (n=14) → H2+ (ground state),H (n=1) + H (n=14),H2+ (ground state),6000.0,K,8.1354e-12,cm3/s,1,14,,,
243,H (n=1) + H (n=14) → H2+ (ground state),H (n=1) + H (n=14),H2+ (ground state),6500.0,K,7.718e-12,cm3/s,1,14,,,
243,H (n=1) + H (n=14) → H2+ (ground state),H (n=1) + H (n=14),H2+ (ground state),7000.0,K,7.268e-12,cm3/s,1,14,,,
243,H (n=1) + H (n=14) → H2+ (ground state),H (n=1) + H (n=14),H2+ (ground state),7500.0,K,6.882e-12,cm3/s,1,14,,,
243,H (n=1) + H (n=14) → H2+ (ground state),H (n=1) + H (n=14),H2+ (ground state),8000.0,K,6.58e-12,cm3/s,1,14,,,
243,H (n=1) + H (n=14) → H2+ (ground state),H (n=1) + H (n=14),H2+ (ground state),8500.0,K,6.2634e-12,cm3/s,1,14,,,
243,H (n=1) + H (n=14) → H2+ (ground state),H (n=1) + H (n=14),H2+ (ground state),9000.0,K,5.9334e-12,cm3/s,1,14,,,
243,H (n=1) + H (n=14) → H2+ (ground state),H (n=1) + H (n=14),H2+ (ground state),9500.0,K,5.6876e-12,cm3/s,1,14,,,
243,H (n=1) + H (n=14) → H2+ (ground state),H (n=1) + H (n=14),H2+ (ground state),10000.0,K,5.4376e-12,cm3/s,1,14,,,
243,H (n=1) + H (n=14) → H2+ (ground state),H (n=1) + H (n=14),H2+ (ground state),11000.0,K,5.0133e-12,cm3/s,1,14,,,
243,H (n=1) + H (n=14) → H2+ (ground state),H (n=1) + H (n=14),H2+ (ground state),12000.0,K,4.6671e-12,cm3/s,1,14,,,
243,H (n=1) + H (n=14) → H2+ (ground state),H (n=1) + H (n=14),H2+ (ground state),13000.0,K,4.3e-12,cm3/s,1,14,,,
243,H (n=1) + H (n=14) → H2+ (ground state),H (n=1) + H (n=14),H2+ (ground state),14000.0,K,4.04e-12,cm3/s,1,14,,,
243,H (n=1) + H (n=14) → H2+ (ground state),H (n=1) + H (n=14),H2+ (ground state),15000.0,K,3.774e-12,cm3/s,1,14,,,
243,H (n=1) + H (n=14) → H2+ (ground state),H (n=1) + H (n=14),H2+ (ground state),16000.0,K,3.57e-12,cm3/s,1,14,,,
243,H (n=1) + H (n=14) → H2+ (ground state),H (n=1) + H (n=14),H2+ (ground state),17000.0,K,3.296e-12,cm3/s,1,14,,,
243,H (n=1) + H (n=14) → H2+ (ground state),H (n=1) + H (n=14),H2+ (ground state),18000.0,K,3.224e-12,cm3/s,1,14,,,
243,H (n=1) + H (n=14) → H2+ (ground state),H (n=1) + H (n=14),H2+ (ground state),19000.0,K,3.016e-12,cm3/s,1,14,,,
243,H (n=1) + H (n=14) → H2+ (ground state),H (n=1) + H (n=14),H2+ (ground state),20000.0,K,2.808e-12,cm3/s,1,14,,,
244,H (n=15) + H (n=1) → H2+ (ground state),H (n=15) + H (n=1),H2+ (ground state),3000.0,K,9.5316e-12,cm3/s,1,15,,,
244,H (n=15) + H (n=1) → H2+ (ground state),H (n=15) + H (n=1),H2+ (ground state),3500.0,K,8.6496e-12,cm3/s,1,15,,,
244,H (n=15) + H (n=1) → H2+ (ground state),H (n=15) + H (n=1),H2+ (ground state),4000.0,K,7.9497e-12,cm3/s,1,15,,,
244,H (n=15) + H (n=1) → H2+ (ground state),H (n=15) + H (n=1),H2+ (ground state),4500.0,K,7.3466e-12,cm3/s,1,15,,,
244,H (n=15) + H (n=1) → H2+ (ground state),H (n=15) + H (n=1),H2+ (ground state),5000.0,K,6.8112e-12,cm3/s,1,15,,,
244,H (n=15) + H (n=1) → H2+ (ground state),H (n=15) + H (n=1),H2+ (ground state),5500.0,K,6.3791e-12,cm3/s,1,15,,,
244,H (n=15) + H (n=1) → H2+ (ground state),H (n=15) + H (n=1),H2+ (ground state),6000.0,K,5.9808e-12,cm3/s,1,15,,,
244,H (n=15) + H (n=1) → H2+ (ground state),H (n=15) + H (n=1),H2+ (ground state),6500.0,K,5.6316e-12,cm3/s,1,15,,,
244,H (n=15) + H (n=1) → H2+ (ground state),H (n=15) + H (n=1),H2+ (ground state),7000.0,K,5.256e-12,cm3/s,1,15,,,
244,H (n=15) + H (n=1) → H2+ (ground state),H (n=15) + H (n=1),H2+ (ground state),7500.0,K,5.0184e-12,cm3/s,1,15,,,
244,H (n=15) + H (n=1) → H2+ (ground state),H (n=15) + H (n=1),H2+ (ground state),8000.0,K,4.768e-12,cm3/s,1,15,,,
244,H (n=15) + H (n=1) → H2+ (ground state),H (n=15) + H (n=1),H2+ (ground state),8500.0,K,4.506e-12,cm3/s,1,15,,,
244,H (n=15) + H (n=1) → H2+ (ground state),H (n=15) + H (n=1),H2+ (ground state),9000.0,K,4.3149e-12,cm3/s,1,15,,,
244,H (n=15) + H (n=1) → H2+ (ground state),H (n=15) + H (n=1),H2+ (ground state),9500.0,K,4.1148e-12,cm3/s,1,15,,,
244,H (n=15) + H (n=1) → H2+ (ground state),H (n=15) + H (n=1),H2+ (ground state),10000.0,K,3.9117e-12,cm3/s,1,15,,,
244,H (n=15) + H (n=1) → H2+ (ground state),H (n=15) + H (n=1),H2+ (ground state),11000.0,K,3.6472e-12,cm3/s,1,15,,,
244,H (n=15) + H (n=1) → H2+ (ground state),H (n=15) + H (n=1),H2+ (ground state),12000.0,K,3.3669e-12,cm3/s,1,15,,,
244,H (n=15) + H (n=1) → H2+ (ground state),H (n=15) + H (n=1),H2+ (ground state),13000.0,K,3.081e-12,cm3/s,1,15,,,
244,H (n=15) + H (n=1) → H2+ (ground state),H (n=15) + H (n=1),H2+ (ground state),14000.0,K,2.8656e-12,cm3/s,1,15,,,
244,H (n=15) + H (n=1) → H2+ (ground state),H (n=15) + H (n=1),H2+ (ground state),15000.0,K,2.7234e-12,cm3/s,1,15,,,
244,H (n=15) + H (n=1) → H2+ (ground state),H (n=15) + H (n=1),H2+ (ground state),16000.0,K,2.5792e-12,cm3/s,1,15,,,
244,H (n=15) + H (n=1) → H2+ (ground state),H (n=15) + H (n=1),H2+ (ground state),17000.0,K,2.43e-12,cm3/s,1,15,,,
244,H (n=15) + H (n=1) → H2+ (ground state),H (n=15) + H (n=1),H2+ (ground state),18000.0,K,2.2792e-12,cm3/s,1,15,,,
244,H (n=15) + H (n=1) → H2+ (ground state),H (n=15) + H (n=1),H2+ (ground state),19000.0,K,2.1242e-12,cm3/s,1,15,,,
244,H (n=15) + H (n=1) → H2+ (ground state),H (n=15) + H (n=1),H2+ (ground state),20000.0,K,2.05e-12,cm3/s,1,15,,,
245,H (n=16) + H (n=1) → H2+ (ground state),H (n=16) + H (n=1),H2+ (ground state),3000.0,K,7.1214e-12,cm3/s,1,16,,,
245,H (n=16) + H (n=1) → H2+ (ground state),H (n=16) + H (n=1),H2+ (ground state),3500.0,K,6.4625e-12,cm3/s,1,16,,,
245,H (n=16) + H (n=1) → H2+ (ground state),H (n=16) + H (n=1),H2+ (ground state),4000.0,K,5.9052e-12,cm3/s,1,16,,,
245,H (n=16) + H (n=1) → H2+ (ground state),H (n=16) + H (n=1),H2+ (ground state),4500.0,K,5.45e-12,cm3/s,1,16,,,
245,H (n=16) + H (n=1) → H2+ (ground state),H (n=16) + H (n=1),H2+ (ground state),5000.0,K,5.0505e-12,cm3/s,1,16,,,
245,H (n=16) + H (n=1) → H2+ (ground state),H (n=16) + H (n=1),H2+ (ground state),5500.0,K,4.746e-12,cm3/s,1,16,,,
245,H (n=16) + H (n=1) → H2+ (ground state),H (n=16) + H (n=1),H2+ (ground state),6000.0,K,4.4121e-12,cm3/s,1,16,,,
245,H (n=16) + H (n=1) → H2+ (ground state),H (n=16) + H (n=1),H2+ (ground state),6500.0,K,4.118e-12,cm3/s,1,16,,,
245,H (n=16) + H (n=1) → H2+ (ground state),H (n=16) + H (n=1),H2+ (ground state),7000.0,K,3.9262e-12,cm3/s,1,16,,,
245,H (n=16) + H (n=1) → H2+ (ground state),H (n=16) + H (n=1),H2+ (ground state),7500.0,K,3.6704e-12,cm3/s,1,16,,,
245,H (n=16) + H (n=1) → H2+ (ground state),H (n=16) + H (n=1),H2+ (ground state),8000.0,K,3.5223e-12,cm3/s,1,16,,,
245,H (n=16) + H (n=1) → H2+ (ground state),H (n=16) + H (n=1),H2+ (ground state),8500.0,K,3.311e-12,cm3/s,1,16,,,
245,H (n=16) + H (n=1) → H2+ (ground state),H (n=16) + H (n=1),H2+ (ground state),9000.0,K,3.1512e-12,cm3/s,1,16,,,
245,H (n=16) + H (n=1) → H2+ (ground state),H (n=16) + H (n=1),H2+ (ground state),9500.0,K,3.05e-12,cm3/s,1,16,,,
245,H (n=16) + H (n=1) → H2+ (ground state),H (n=16) + H (n=1),H2+ (ground state),10000.0,K,2.8858e-12,cm3/s,1,16,,,
245,H (n=16) + H (n=1) → H2+ (ground state),H (n=16) + H (n=1),H2+ (ground state),11000.0,K,2.666e-12,cm3/s,1,16,,,
245,H (n=16) + H (n=1) → H2+ (ground state),H (n=16) + H (n=1),H2+ (ground state),12000.0,K,2.4375e-12,cm3/s,1,16,,,
245,H (n=16) + H (n=1) → H2+ (ground state),H (n=16) + H (n=1),H2+ (ground state),13000.0,K,2.268e-12,cm3/s,1,16,,,
245,H (n=16) + H (n=1) → H2+ (ground state),H (n=16) + H (n=1),H2+ (ground state),14000.0,K,2.159e-12,cm3/s,1,16,,,
245,H (n=16) + H (n=1) → H2+ (ground state),H (n=16) + H (n=1),H2+ (ground state),15000.0,K,1.9778e-12,cm3/s,1,16,,,
245,H (n=16) + H (n=1) → H2+ (ground state),H (n=16) + H (n=1),H2+ (ground state),16000.0,K,1.8618e-12,cm3/s,1,16,,,
245,H (n=16) + H (n=1) → H2+ (ground state),H (n=16) + H (n=1),H2+ (ground state),17000.0,K,1.7415e-12,cm3/s,1,16,,,
245,H (n=16) + H (n=1) → H2+ (ground state),H (n=16) + H (n=1),H2+ (ground state),18000.0,K,1.6848e-12,cm3/s,1,16,,,
245,H (n=16) + H (n=1) → H2+ (ground state),H (n=16) + H (n=1),H2+ (ground state),19000.0,K,1.56e-12,cm3/s,1,16,,,
245,H (n=16) + H (n=1) → H2+ (ground state),H (n=16) + H (n=1),H2+ (ground state),20000.0,K,1.4996e-12,cm3/s,1,16,,,
246,H (n=1) + H (n=17) → H2+ (ground state),H (n=1) + H (n=17),H2+ (ground state),3000.0,K,5.3988e-12,cm3/s,1,17,,,
246,H (n=1) + H (n=17) → H2+ (ground state),H (n=1) + H (n=17),H2+ (ground state),3500.0,K,4.9068e-12,cm3/s,1,17,,,
246,H (n=1) + H (n=17) → H2+ (ground state),H (n=1) + H (n=17),H2+ (ground state),4000.0,K,4.4805e-12,cm3/s,1,17,,,
246,H (n=1) + H (n=17) → H2+ (ground state),H (n=1) + H (n=17),H2+ (ground state),4500.0,K,4.1292e-12,cm3/s,1,17,,,
246,H (n=1) + H (n=17) → H2+ (ground state),H (n=1) + H (n=17),H2+ (ground state),5000.0,K,3.7968e-12,cm3/s,1,17,,,
246,H (n=1) + H (n=17) → H2+ (ground state),H (n=1) + H (n=17),H2+ (ground state),5500.0,K,3.5343e-12,cm3/s,1,17,,,
246,H (n=1) + H (n=17) → H2+ (ground state),H (n=1) + H (n=17),H2+ (ground state),6000.0,K,3.3015e-12,cm3/s,1,17,,,
246,H (n=1) + H (n=17) → H2+ (ground state),H (n=1) + H (n=17),H2+ (ground state),6500.0,K,3.1086e-12,cm3/s,1,17,,,
246,H (n=1) + H (n=17) → H2+ (ground state),H (n=1) + H (n=17),H2+ (ground state),7000.0,K,2.9512e-12,cm3/s,1,17,,,
246,H (n=1) + H (n=17) → H2+ (ground state),H (n=1) + H (n=17),H2+ (ground state),7500.0,K,2.784e-12,cm3/s,1,17,,,
246,H (n=1) + H (n=17) → H2+ (ground state),H (n=1) + H (n=17),H2+ (ground state),8000.0,K,2.6136e-12,cm3/s,1,17,,,
246,H (n=1) + H (n=17) → H2+ (ground state),H (n=1) + H (n=17),H2+ (ground state),8500.0,K,2.4837e-12,cm3/s,1,17,,,
246,H (n=1) + H (n=17) → H2+ (ground state),H (n=1) + H (n=17),H2+ (ground state),9000.0,K,2.352e-12,cm3/s,1,17,,,
246,H (n=1) + H (n=17) → H2+ (ground state),H (n=1) + H (n=17),H2+ (ground state),9500.0,K,2.2678e-12,cm3/s,1,17,,,
246,H (n=1) + H (n=17) → H2+ (ground state),H (n=1) + H (n=17),H2+ (ground state),10000.0,K,2.1824e-12,cm3/s,1,17,,,
246,H (n=1) + H (n=17) → H2+ (ground state),H (n=1) + H (n=17),H2+ (ground state),11000.0,K,2.004e-12,cm3/s,1,17,,,
246,H (n=1) + H (n=17) → H2+ (ground state),H (n=1) + H (n=17),H2+ (ground state),12000.0,K,1.818e-12,cm3/s,1,17,,,
246,H (n=1) + H (n=17) → H2+ (ground state),H (n=1) + H (n=17),H2+ (ground state),13000.0,K,1.7306e-12,cm3/s,1,17,,,
246,H (n=1) + H (n=17) → H2+ (ground state),H (n=1) + H (n=17),H2+ (ground state),14000.0,K,1.5872e-12,cm3/s,1,17,,,
246,H (n=1) + H (n=17) → H2+ (ground state),H (n=1) + H (n=17),H2+ (ground state),15000.0,K,1.4935e-12,cm3/s,1,17,,,
246,H (n=1) + H (n=17) → H2+ (ground state),H (n=1) + H (n=17),H2+ (ground state),16000.0,K,1.3959e-12,cm3/s,1,17,,,
246,H (n=1) + H (n=17) → H2+ (ground state),H (n=1) + H (n=17),H2+ (ground state),17000.0,K,1.2975e-12,cm3/s,1,17,,,
246,H (n=1) + H (n=17) → H2+ (ground state),H (n=1) + H (n=17),H2+ (ground state),18000.0,K,1.2504e-12,cm3/s,1,17,,,
246,H (n=1) + H (n=17) → H2+ (ground state),H (n=1) + H (n=17),H2+ (ground state),19000.0,K,1.2029e-12,cm3/s,1,17,,,
246,H (n=1) + H (n=17) → H2+ (ground state),H (n=1) + H (n=17),H2+ (ground state),20000.0,K,1.1025e-12,cm3/s,1,17,,,
247,H (n=18) + H (n=1) → H2+ (ground state),H (n=18) + H (n=1),H2+ (ground state),3000.0,K,4.1697e-12,cm3/s,1,18,,,
247,H (n=18) + H (n=1) → H2+ (ground state),H (n=18) + H (n=1),H2+ (ground state),3500.0,K,3.7692e-12,cm3/s,1,18,,,
247,H (n=18) + H (n=1) → H2+ (ground state),H (n=18) + H (n=1),H2+ (ground state),4000.0,K,3.4368e-12,cm3/s,1,18,,,
247,H (n=18) + H (n=1) → H2+ (ground state),H (n=18) + H (n=1),H2+ (ground state),4500.0,K,3.139e-12,cm3/s,1,18,,,
247,H (n=18) + H (n=1) → H2+ (ground state),H (n=18) + H (n=1),H2+ (ground state),5000.0,K,2.9016e-12,cm3/s,1,18,,,
247,H (n=18) + H (n=1) → H2+ (ground state),H (n=18) + H (n=1),H2+ (ground state),5500.0,K,2.7144e-12,cm3/s,1,18,,,
247,H (n=18) + H (n=1) → H2+ (ground state),H (n=18) + H (n=1),H2+ (ground state),6000.0,K,2.5212e-12,cm3/s,1,18,,,
247,H (n=18) + H (n=1) → H2+ (ground state),H (n=18) + H (n=1),H2+ (ground state),6500.0,K,2.3932e-12,cm3/s,1,18,,,
247,H (n=18) + H (n=1) → H2+ (ground state),H (n=18) + H (n=1),H2+ (ground state),7000.0,K,2.2173e-12,cm3/s,1,18,,,
247,H (n=18) + H (n=1) → H2+ (ground state),H (n=18) + H (n=1),H2+ (ground state),7500.0,K,2.1222e-12,cm3/s,1,18,,,
247,H (n=18) + H (n=1) → H2+ (ground state),H (n=18) + H (n=1),H2+ (ground state),8000.0,K,2.0196e-12,cm3/s,1,18,,,
247,H (n=18) + H (n=1) → H2+ (ground state),H (n=18) + H (n=1),H2+ (ground state),8500.0,K,1.9104e-12,cm3/s,1,18,,,
247,H (n=18) + H (n=1) → H2+ (ground state),H (n=18) + H (n=1),H2+ (ground state),9000.0,K,1.8045e-12,cm3/s,1,18,,,
247,H (n=18) + H (n=1) → H2+ (ground state),H (n=18) + H (n=1),H2+ (ground state),9500.0,K,1.7329e-12,cm3/s,1,18,,,
247,H (n=18) + H (n=1) → H2+ (ground state),H (n=18) + H (n=1),H2+ (ground state),10000.0,K,1.6605e-12,cm3/s,1,18,,,
247,H (n=18) + H (n=1) → H2+ (ground state),H (n=18) + H (n=1),H2+ (ground state),11000.0,K,1.5133e-12,cm3/s,1,18,,,
247,H (n=18) + H (n=1) → H2+ (ground state),H (n=18) + H (n=1),H2+ (ground state),12000.0,K,1.4008e-12,cm3/s,1,18,,,
247,H (n=18) + H (n=1) → H2+ (ground state),H (n=18) + H (n=1),H2+ (ground state),13000.0,K,1.2834e-12,cm3/s,1,18,,,
247,H (n=18) + H (n=1) → H2+ (ground state),H (n=18) + H (n=1),H2+ (ground state),14000.0,K,1.2093e-12,cm3/s,1,18,,,
247,H (n=18) + H (n=1) → H2+ (ground state),H (n=18) + H (n=1),H2+ (ground state),15000.0,K,1.1313e-12,cm3/s,1,18,,,
247,H (n=18) + H (n=1) → H2+ (ground state),H (n=18) + H (n=1),H2+ (ground state),16000.0,K,1.0525e-12,cm3/s,1,18,,,
247,H (n=18) + H (n=1) → H2+ (ground state),H (n=18) + H (n=1),H2+ (ground state),17000.0,K,1.0152e-12,cm3/s,1,18,,,
247,H (n=18) + H (n=1) → H2+ (ground state),H (n=18) + H (n=1),H2+ (ground state),18000.0,K,9.328e-13,cm3/s,1,18,,,
247,H (n=18) + H (n=1) → H2+ (ground state),H (n=18) + H (n=1),H2+ (ground state),19000.0,K,8.946e-13,cm3/s,1,18,,,
247,H (n=18) + H (n=1) → H2+ (ground state),H (n=18) + H (n=1),H2+ (ground state),20000.0,K,8.54e-13,cm3/s,1,18,,,
248,H (n=1) + H (n=19) → H2+ (ground state),H (n=1) + H (n=19),H2+ (ground state),3000.0,K,3.243e-12,cm3/s,1,19,,,
248,H (n=1) + H (n=19) → H2+ (ground state),H (n=1) + H (n=19),H2+ (ground state),3500.0,K,2.9391e-12,cm3/s,1,19,,,
248,H (n=1) + H (n=19) → H2+ (ground state),H (n=1) + H (n=19),H2+ (ground state),4000.0,K,2.673e-12,cm3/s,1,19,,,
248,H (n=1) + H (n=19) → H2+ (ground state),H (n=1) + H (n=19),H2+ (ground state),4500.0,K,2.4543e-12,cm3/s,1,19,,,
248,H (n=1) + H (n=19) → H2+ (ground state),H (n=1) + H (n=19),H2+ (ground state),5000.0,K,2.2484e-12,cm3/s,1,19,,,
248,H (n=1) + H (n=19) → H2+ (ground state),H (n=1) + H (n=19),H2+ (ground state),5500.0,K,2.0904e-12,cm3/s,1,19,,,
248,H (n=1) + H (n=19) → H2+ (ground state),H (n=1) + H (n=19),H2+ (ground state),6000.0,K,1.9592e-12,cm3/s,1,19,,,
248,H (n=1) + H (n=19) → H2+ (ground state),H (n=1) + H (n=19),H2+ (ground state),6500.0,K,1.8502e-12,cm3/s,1,19,,,
248,H (n=1) + H (n=19) → H2+ (ground state),H (n=1) + H (n=19),H2+ (ground state),7000.0,K,1.7388e-12,cm3/s,1,19,,,
248,H (n=1) + H (n=19) → H2+ (ground state),H (n=1) + H (n=19),H2+ (ground state),7500.0,K,1.62e-12,cm3/s,1,19,,,
248,H (n=1) + H (n=19) → H2+ (ground state),H (n=1) + H (n=19),H2+ (ground state),8000.0,K,1.5322e-12,cm3/s,1,19,,,
248,H (n=1) + H (n=19) → H2+ (ground state),H (n=1) + H (n=19),H2+ (ground state),8500.0,K,1.476e-12,cm3/s,1,19,,,
248,H (n=1) + H (n=19) → H2+ (ground state),H (n=1) + H (n=19),H2+ (ground state),9000.0,K,1.386e-12,cm3/s,1,19,,,
248,H (n=1) + H (n=19) → H2+ (ground state),H (n=1) + H (n=19),H2+ (ground state),9500.0,K,1.328e-12,cm3/s,1,19,,,
248,H (n=1) + H (n=19) → H2+ (ground state),H (n=1) + H (n=19),H2+ (ground state),10000.0,K,1.2692e-12,cm3/s,1,19,,,
248,H (n=1) + H (n=19) → H2+ (ground state),H (n=1) + H (n=19),H2+ (ground state),11000.0,K,1.176e-12,cm3/s,1,19,,,
248,H (n=1) + H (n=19) → H2+ (ground state),H (n=1) + H (n=19),H2+ (ground state),12000.0,K,1.0848e-12,cm3/s,1,19,,,
248,H (n=1) + H (n=19) → H2+ (ground state),H (n=1) + H (n=19),H2+ (ground state),13000.0,K,9.889e-13,cm3/s,1,19,,,
248,H (n=1) + H (n=19) → H2+ (ground state),H (n=1) + H (n=19),H2+ (ground state),14000.0,K,9.261e-13,cm3/s,1,19,,,
248,H (n=1) + H (n=19) → H2+ (ground state),H (n=1) + H (n=19),H2+ (ground state),15000.0,K,8.6e-13,cm3/s,1,19,,,
248,H (n=1) + H (n=19) → H2+ (ground state),H (n=1) + H (n=19),H2+ (ground state),16000.0,K,8.304e-13,cm3/s,1,19,,,
248,H (n=1) + H (n=19) → H2+ (ground state),H (n=1) + H (n=19),H2+ (ground state),17000.0,K,7.634e-13,cm3/s,1,19,,,
248,H (n=1) + H (n=19) → H2+ (ground state),H (n=1) + H (n=19),H2+ (ground state),18000.0,K,7.308e-13,cm3/s,1,19,,,
248,H (n=1) + H (n=19) → H2+ (ground state),H (n=1) + H (n=19),H2+ (ground state),19000.0,K,7e-13,cm3/s,1,19,,,
248,H (n=1) + H (n=19) → H2+ (ground state),H (n=1) + H (n=19),H2+ (ground state),20000.0,K,6.669e-13,cm3/s,1,19,,,
249,H (n=1) + H (n=20) → H2+ (ground state),H (n=1) + H (n=20),H2+ (ground state),3000.0,K,2.5596e-12,cm3/s,1,20,,,
249,H (n=1) + H (n=20) → H2+ (ground state),H (n=1) + H (n=20),H2+ (ground state),3500.0,K,2.318e-12,cm3/s,1,20,,,
249,H (n=1) + H (n=20) → H2+ (ground state),H (n=1) + H (n=20),H2+ (ground state),4000.0,K,2.0916e-12,cm3/s,1,20,,,
249,H (n=1) + H (n=20) → H2+ (ground state),H (n=1) + H (n=20),H2+ (ground state),4500.0,K,1.9228e-12,cm3/s,1,20,,,
249,H (n=1) + H (n=20) → H2+ (ground state),H (n=1) + H (n=20),H2+ (ground state),5000.0,K,1.7733e-12,cm3/s,1,20,,,
249,H (n=1) + H (n=20) → H2+ (ground state),H (n=1) + H (n=20),H2+ (ground state),5500.0,K,1.638e-12,cm3/s,1,20,,,
249,H (n=1) + H (n=20) → H2+ (ground state),H (n=1) + H (n=20),H2+ (ground state),6000.0,K,1.5254e-12,cm3/s,1,20,,,
249,H (n=1) + H (n=20) → H2+ (ground state),H (n=1) + H (n=20),H2+ (ground state),6500.0,K,1.4364e-12,cm3/s,1,20,,,
249,H (n=1) + H (n=20) → H2+ (ground state),H (n=1) + H (n=20),H2+ (ground state),7000.0,K,1.34e-12,cm3/s,1,20,,,
249,H (n=1) + H (n=20) → H2+ (ground state),H (n=1) + H (n=20),H2+ (ground state),7500.0,K,1.269e-12,cm3/s,1,20,,,
249,H (n=1) + H (n=20) → H2+ (ground state),H (n=1) + H (n=20),H2+ (ground state),8000.0,K,1.1968e-12,cm3/s,1,20,,,
249,H (n=1) + H (n=20) → H2+ (ground state),H (n=1) + H (n=20),H2+ (ground state),8500.0,K,1.1466e-12,cm3/s,1,20,,,
249,H (n=1) + H (n=20) → H2+ (ground state),H (n=1) + H (n=20),H2+ (ground state),9000.0,K,1.1e-12,cm3/s,1,20,,,
249,H (n=1) + H (n=20) → H2+ (ground state),H (n=1) + H (n=20),H2+ (ground state),9500.0,K,1.0488e-12,cm3/s,1,20,,,
249,H (n=1) + H (n=20) → H2+ (ground state),H (n=1) + H (n=20),H2+ (ground state),10000.0,K,9.972e-13,cm3/s,1,20,,,
249,H (n=1) + H (n=20) → H2+ (ground state),H (n=1) + H (n=20),H2+ (ground state),11000.0,K,8.928e-13,cm3/s,1,20,,,
249,H (n=1) + H (n=20) → H2+ (ground state),H (n=1) + H (n=20),H2+ (ground state),12000.0,K,8.43e-13,cm3/s,1,20,,,
249,H (n=1) + H (n=20) → H2+ (ground state),H (n=1) + H (n=20),H2+ (ground state),13000.0,K,7.641e-13,cm3/s,1,20,,,
249,H (n=1) + H (n=20) → H2+ (ground state),H (n=1) + H (n=20),H2+ (ground state),14000.0,K,7.1e-13,cm3/s,1,20,,,
249,H (n=1) + H (n=20) → H2+ (ground state),H (n=1) + H (n=20),H2+ (ground state),15000.0,K,6.864e-13,cm3/s,1,20,,,
249,H (n=1) + H (n=20) → H2+ (ground state),H (n=1) + H (n=20),H2+ (ground state),16000.0,K,6.314e-13,cm3/s,1,20,,,
249,H (n=1) + H (n=20) → H2+ (ground state),H (n=1) + H (n=20),H2+ (ground state),17000.0,K,6.048e-13,cm3/s,1,20,,,
249,H (n=1) + H (n=20) → H2+ (ground state),H (n=1) + H (n=20),H2+ (ground state),18000.0,K,5.78e-13,cm3/s,1,20,,,
249,H (n=1) + H (n=20) → H2+ (ground state),H (n=1) + H (n=20),H2+ (ground state),19000.0,K,5.22e-13,cm3/s,1,20,,,
249,H (n=1) + H (n=20) → H2+ (ground state),H (n=1) + H (n=20),H2+ (ground state),20000.0,K,4.93e-13,cm3/s,1,20,,,
307,He (n=1) + He (n=3) → He2+ (ground state),He (n=1) + He (n=3),He2+ (ground state),7000.0,K,2.21e-10,cm3/s,1,3,,,
307,He (n=1) + He (n=3) → He2+ (ground state),He (n=1) + He (n=3),He2+ (ground state),8000.0,K,2.58e-10,cm3/s,1,3,,,
307,He (n=1) + He (n=3) → He2+ (ground state),He (n=1) + He (n=3),He2+ (ground state),9000.0,K,2.85e-10,cm3/s,1,3,,,
307,He (n=1) + He (n=3) → He2+ (ground state),He (n=1) + He (n=3),He2+ (ground state),10000.0,K,3e-10,cm3/s,1,3,,,
307,He (n=1) + He (n=3) → He2+ (ground state),He (n=1) + He (n=3),He2+ (ground state),11000.0,K,3.15e-10,cm3/s,1,3,,,
307,He (n=1) + He (n=3) → He2+ (ground state),He (n=1) + He (n=3),He2+ (ground state),12000.0,K,3.24e-10,cm3/s,1,3,,,
307,He (n=1) + He (n=3) → He2+ (ground state),He (n=1) + He (n=3),He2+ (ground state),13000.0,K,3.34e-10,cm3/s,1,3,,,
307,He (n=1) + He (n=3) → He2+ (ground state),He (n=1) + He (n=3),He2+ (ground state),14000.0,K,3.39e-10,cm3/s,1,3,,,
307,He (n=1) + He (n=3) → He2+ (ground state),He (n=1) + He (n=3),He2+ (ground state),15000.0,K,3.39e-10,cm3/s,1,3,,,
307,He (n=1) + He (n=3) → He2+ (ground state),He (n=1) + He (n=3),He2+ (ground state),16000.0,K,3.4e-10,cm3/s,1,3,,,
307,He (n=1) + He (n=3) → He2+ (ground state),He (n=1) + He (n=3),He2+ (ground state),17000.0,K,3.4e-10,cm3/s,1,3,,,
307,He (n=1) + He (n=3) → He2+ (ground state),He (n=1) + He (n=3),He2+ (ground state),18000.0,K,3.35e-10,cm3/s,1,3,,,
307,He (n=1) + He (n=3) → He2+ (ground state),He (n=1) + He (n=3),He2+ (ground state),19000.0,K,3.36e-10,cm3/s,1,3,,,
307,He (n=1) + He (n=3) → He2+ (ground state),He (n=1) + He (n=3),He2+ (ground state),20000.0,K,3.29e-10,cm3/s,1,3,,,
307,He (n=1) + He (n=3) → He2+ (ground state),He (n=1) + He (n=3),He2+ (ground state),21000.0,K,3.31e-10,cm3/s,1,3,,,
307,He (n=1) + He (n=3) → He2+ (ground state),He (n=1) + He (n=3),He2+ (ground state),22000.0,K,3.22e-10,cm3/s,1,3,,,
307,He (n=1) + He (n=3) → He2+ (ground state),He (n=1) + He (n=3),He2+ (ground state),23000.0,K,3.19e-10,cm3/s,1,3,,,
307,He (n=1) + He (n=3) → He2+ (ground state),He (n=1) + He (n=3),He2+ (ground state),24000.0,K,3.15e-10,cm3/s,1,3,,,
307,He (n=1) + He (n=3) → He2+ (ground state),He (n=1) + He (n=3),He2+ (ground state),25000.0,K,3.08e-10,cm3/s,1,3,,,
307,He (n=1) + He (n=3) → He2+ (ground state),He (n=1) + He (n=3),He2+ (ground state),26000.0,K,3.04e-10,cm3/s,1,3,,,
307,He (n=1) + He (n=3) → He2+ (ground state),He (n=1) + He (n=3),He2+ (ground state),27000.0,K,3.01e-10,cm3/s,1,3,,,
307,He (n=1) + He (n=3) → He2+ (ground state),He (n=1) + He (n=3),He2+ (ground state),28000.0,K,2.96e-10,cm3/s,1,3,,,
307,He (n=1) + He (n=3) → He2+ (ground state),He (n=1) + He (n=3),He2+ (ground state),29000.0,K,2.9e-10,cm3/s,1,3,,,
307,He (n=1) + He (n=3) → He2+ (ground state),He (n=1) + He (n=3),He2+ (ground state),30000.0,K,2.87e-10,cm3/s,1,3,,,
308,He (n=1) + He (n=4) → He2+ (ground state),He (n=1) + He (n=4),He2+ (ground state),7000.0,K,1.65e-10,cm3/s,1,4,,,
308,He (n=1) + He (n=4) → He2+ (ground state),He (n=1) + He (n=4),He2+ (ground state),8000.0,K,1.73e-10,cm3/s,1,4,,,
308,He (n=1) + He (n=4) → He2+ (ground state),He (n=1) + He (n=4),He2+ (ground state),9000.0,K,1.74e-10,cm3/s,1,4,,,
308,He (n=1) + He (n=4) → He2+ (ground state),He (n=1) + He (n=4),He2+ (ground state),10000.0,K,1.73e-10,cm3/s,1,4,,,
308,He (n=1) + He (n=4) → He2+ (ground state),He (n=1) + He (n=4),He2+ (ground state),11000.0,K,1.69e-10,cm3/s,1,4,,,
308,He (n=1) + He (n=4) → He2+ (ground state),He (n=1) + He (n=4),He2+ (ground state),12000.0,K,1.68e-10,cm3/s,1,4,,,
308,He (n=1) + He (n=4) → He2+ (ground state),He (n=1) + He (n=4),He2+ (ground state),13000.0,K,1.67e-10,cm3/s,1,4,,,
308,He (n=1) + He (n=4) → He2+ (ground state),He (n=1) + He (n=4),He2+ (ground state),14000.0,K,1.64e-10,cm3/s,1,4,,,
308,He (n=1) + He (n=4) → He2+ (ground state),He (n=1) + He (n=4),He2+ (ground state),15000.0,K,1.58e-10,cm3/s,1,4,,,
308,He (n=1) + He (n=4) → He2+ (ground state),He (n=1) + He (n=4),He2+ (ground state),16000.0,K,1.55e-10,cm3/s,1,4,,,
308,He (n=1) + He (n=4) → He2+ (ground state),He (n=1) + He (n=4),He2+ (ground state),17000.0,K,1.5e-10,cm3/s,1,4,,,
308,He (n=1) + He (n=4) → He2+ (ground state),He (n=1) + He (n=4),He2+ (ground state),18000.0,K,1.47e-10,cm3/s,1,4,,,
308,He (n=1) + He (n=4) → He2+ (ground state),He (n=1) + He (n=4),He2+ (ground state),19000.0,K,1.42e-10,cm3/s,1,4,,,
308,He (n=1) + He (n=4) → He2+ (ground state),He (n=1) + He (n=4),He2+ (ground state),20000.0,K,1.4e-10,cm3/s,1,4,,,
308,He (n=1) + He (n=4) → He2+ (ground state),He (n=1) + He (n=4),He2+ (ground state),21000.0,K,1.36e-10,cm3/s,1,4,,,
308,He (n=1) + He (n=4) → He2+ (ground state),He (n=1) + He (n=4),He2+ (ground state),22000.0,K,1.33e-10,cm3/s,1,4,,,
308,He (n=1) + He (n=4) → He2+ (ground state),He (n=1) + He (n=4),He2+ (ground state),23000.0,K,1.28e-10,cm3/s,1,4,,,
308,He (n=1) + He (n=4) → He2+ (ground state),He (n=1) + He (n=4),He2+ (ground state),24000.0,K,1.26e-10,cm3/s,1,4,,,
308,He (n=1) + He (n=4) → He2+ (ground state),He (n=1) + He (n=4),He2+ (ground state),25000.0,K,1.24e-10,cm3/s,1,4,,,
308,He (n=1) + He (n=4) → He2+ (ground state),He (n=1) + He (n=4),He2+ (ground state),26000.0,K,1.21e-10,cm3/s,1,4,,,
308,He (n=1) + He (n=4) → He2+ (ground state),He (n=1) + He (n=4),He2+ (ground state),27000.0,K,1.16e-10,cm3/s,1,4,,,
308,He (n=1) + He (n=4) → He2+ (ground state),He (n=1) + He (n=4),He2+ (ground state),28000.0,K,1.12e-10,cm3/s,1,4,,,
308,He (n=1) + He (n=4) → He2+ (ground state),He (n=1) + He (n=4),He2+ (ground state),29000.0,K,1.09e-10,cm3/s,1,4,,,
308,He (n=1) + He (n=4) → He2+ (ground state),He (n=1) + He (n=4),He2+ (ground state),30000.0,K,1.09e-10,cm3/s,1,4,,,
309,He (n=1) + He (n=5) → He2+ (ground state),He (n=1) + He (n=5),He2+ (ground state),7000.0,K,9.26e-11,cm3/s,1,5,,,
309,He (n=1) + He (n=5) → He2+ (ground state),He (n=1) + He (n=5),He2+ (ground state),8000.0,K,9.13e-11,cm3/s,1,5,,,
309,He (n=1) + He (n=5) → He2+ (ground state),He (n=1) + He (n=5),He2+ (ground state),9000.0,K,8.95e-11,cm3/s,1,5,,,
309,He (n=1) + He (n=5) → He2+ (ground state),He (n=1) + He (n=5),He2+ (ground state),10000.0,K,8.66e-11,cm3/s,1,5,,,
309,He (n=1) + He (n=5) → He2+ (ground state),He (n=1) + He (n=5),He2+ (ground state),11000.0,K,8.48e-11,cm3/s,1,5,,,
309,He (n=1) + He (n=5) → He2+ (ground state),He (n=1) + He (n=5),He2+ (ground state),12000.0,K,8.19e-11,cm3/s,1,5,,,
309,He (n=1) + He (n=5) → He2+ (ground state),He (n=1) + He (n=5),He2+ (ground state),13000.0,K,7.79e-11,cm3/s,1,5,,,
309,He (n=1) + He (n=5) → He2+ (ground state),He (n=1) + He (n=5),He2+ (ground state),14000.0,K,7.47e-11,cm3/s,1,5,,,
309,He (n=1) + He (n=5) → He2+ (ground state),He (n=1) + He (n=5),He2+ (ground state),15000.0,K,7.23e-11,cm3/s,1,5,,,
309,He (n=1) + He (n=5) → He2+ (ground state),He (n=1) + He (n=5),He2+ (ground state),16000.0,K,7e-11,cm3/s,1,5,,,
309,He (n=1) + He (n=5) → He2+ (ground state),He (n=1) + He (n=5),He2+ (ground state),17000.0,K,6.75e-11,cm3/s,1,5,,,
309,He (n=1) + He (n=5) → He2+ (ground state),He (n=1) + He (n=5),He2+ (ground state),18000.0,K,6.42e-11,cm3/s,1,5,,,
309,He (n=1) + He (n=5) → He2+ (ground state),He (n=1) + He (n=5),He2+ (ground state),19000.0,K,6.25e-11,cm3/s,1,5,,,
309,He (n=1) + He (n=5) → He2+ (ground state),He (n=1) + He (n=5),He2+ (ground state),20000.0,K,6.07e-11,cm3/s,1,5,,,
309,He (n=1) + He (n=5) → He2+ (ground state),He (n=1) + He (n=5),He2+ (ground state),21000.0,K,5.79e-11,cm3/s,1,5,,,
309,He (n=1) + He (n=5) → He2+ (ground state),He (n=1) + He (n=5),He2+ (ground state),22000.0,K,5.64e-11,cm3/s,1,5,,,
309,He (n=1) + He (n=5) → He2+ (ground state),He (n=1) + He (n=5),He2+ (ground state),23000.0,K,5.4e-11,cm3/s,1,5,,,
309,He (n=1) + He (n=5) → He2+ (ground state),He (n=1) + He (n=5),He2+ (ground state),24000.0,K,5.28e-11,cm3/s,1,5,,,
309,He (n=1) + He (n=5) → He2+ (ground state),He (n=1) + He (n=5),He2+ (ground state),25000.0,K,5.05e-11,cm3/s,1,5,,,
309,He (n=1) + He (n=5) → He2+ (ground state),He (n=1) + He (n=5),He2+ (ground state),26000.0,K,4.9e-11,cm3/s,1,5,,,
309,He (n=1) + He (n=5) → He2+ (ground state),He (n=1) + He (n=5),He2+ (ground state),27000.0,K,4.76e-11,cm3/s,1,5,,,
309,He (n=1) + He (n=5) → He2+ (ground state),He (n=1) + He (n=5),He2+ (ground state),28000.0,K,4.58e-11,cm3/s,1,5,,,
309,He (n=1) + He (n=5) → He2+ (ground state),He (n=1) + He (n=5),He2+ (ground state),29000.0,K,4.55e-11,cm3/s,1,5,,,
309,He (n=1) + He (n=5) → He2+ (ground state),He (n=1) + He (n=5),He2+ (ground state),30000.0,K,4.35e-11,cm3/s,1,5,,,
310,He (n=1) + He (n=6) → He2+ (ground state),He (n=1) + He (n=6),He2+ (ground state),7000.0,K,5.07e-11,cm3/s,1,6,,,
310,He (n=1) + He (n=6) → He2+ (ground state),He (n=1) + He (n=6),He2+ (ground state),8000.0,K,4.91e-11,cm3/s,1,6,,,
310,He (n=1) + He (n=6) → He2+ (ground state),He (n=1) + He (n=6),He2+ (ground state),9000.0,K,4.66e-11,cm3/s,1,6,,,
310,He (n=1) + He (n=6) → He2+ (ground state),He (n=1) + He (n=6),He2+ (ground state),10000.0,K,4.44e-11,cm3/s,1,6,,,
310,He (n=1) + He (n=6) → He2+ (ground state),He (n=1) + He (n=6),He2+ (ground state),11000.0,K,4.2e-11,cm3/s,1,6,,,
310,He (n=1) + He (n=6) → He2+ (ground state),He (n=1) + He (n=6),He2+ (ground state),12000.0,K,4.03e-11,cm3/s,1,6,,,
310,He (n=1) + He (n=6) → He2+ (ground state),He (n=1) + He (n=6),He2+ (ground state),13000.0,K,3.8e-11,cm3/s,1,6,,,
310,He (n=1) + He (n=6) → He2+ (ground state),He (n=1) + He (n=6),He2+ (ground state),14000.0,K,3.63e-11,cm3/s,1,6,,,
310,He (n=1) + He (n=6) → He2+ (ground state),He (n=1) + He (n=6),He2+ (ground state),15000.0,K,3.47e-11,cm3/s,1,6,,,
310,He (n=1) + He (n=6) → He2+ (ground state),He (n=1) + He (n=6),He2+ (ground state),16000.0,K,3.32e-11,cm3/s,1,6,,,
310,He (n=1) + He (n=6) → He2+ (ground state),He (n=1) + He (n=6),He2+ (ground state),17000.0,K,3.14e-11,cm3/s,1,6,,,
310,He (n=1) + He (n=6) → He2+ (ground state),He (n=1) + He (n=6),He2+ (ground state),18000.0,K,3.06e-11,cm3/s,1,6,,,
310,He (n=1) + He (n=6) → He2+ (ground state),He (n=1) + He (n=6),He2+ (ground state),19000.0,K,2.89e-11,cm3/s,1,6,,,
310,He (n=1) + He (n=6) → He2+ (ground state),He (n=1) + He (n=6),He2+ (ground state),20000.0,K,2.85e-11,cm3/s,1,6,,,
310,He (n=1) + He (n=6) → He2+ (ground state),He (n=1) + He (n=6),He2+ (ground state),21000.0,K,2.67e-11,cm3/s,1,6,,,
310,He (n=1) + He (n=6) → He2+ (ground state),He (n=1) + He (n=6),He2+ (ground state),22000.0,K,2.61e-11,cm3/s,1,6,,,
310,He (n=1) + He (n=6) → He2+ (ground state),He (n=1) + He (n=6),He2+ (ground state),23000.0,K,2.53e-11,cm3/s,1,6,,,
310,He (n=1) + He (n=6) → He2+ (ground state),He (n=1) + He (n=6),He2+ (ground state),24000.0,K,2.44e-11,cm3/s,1,6,,,
310,He (n=1) + He (n=6) → He2+ (ground state),He (n=1) + He (n=6),He2+ (ground state),25000.0,K,2.3e-11,cm3/s,1,6,,,
310,He (n=1) + He (n=6) → He2+ (ground state),He (n=1) + He (n=6),He2+ (ground state),26000.0,K,2.29e-11,cm3/s,1,6,,,
310,He (n=1) + He (n=6) → He2+ (ground state),He (n=1) + He (n=6),He2+ (ground state),27000.0,K,2.23e-11,cm3/s,1,6,,,
310,He (n=1) + He (n=6) → He2+ (ground state),He (n=1) + He (n=6),He2+ (ground state),28000.0,K,2.13e-11,cm3/s,1,6,,,
310,He (n=1) + He (n=6) → He2+ (ground state),He (n=1) + He (n=6),He2+ (ground state),29000.0,K,2.07e-11,cm3/s,1,6,,,
310,He (n=1) + He (n=6) → He2+ (ground state),He (n=1) + He (n=6),He2+ (ground state),30000.0,K,2.07e-11,cm3/s,1,6,,,
311,He (n=1) + He (n=7) → He2+ (ground state),He (n=1) + He (n=7),He2+ (ground state),7000.0,K,2.84e-11,cm3/s,1,7,,,
311,He (n=1) + He (n=7) → He2+ (ground state),He (n=1) + He (n=7),He2+ (ground state),8000.0,K,2.68e-11,cm3/s,1,7,,,
311,He (n=1) + He (n=7) → He2+ (ground state),He (n=1) + He (n=7),He2+ (ground state),9000.0,K,2.47e-11,cm3/s,1,7,,,
311,He (n=1) + He (n=7) → He2+ (ground state),He (n=1) + He (n=7),He2+ (ground state),10000.0,K,2.36e-11,cm3/s,1,7,,,
311,He (n=1) + He (n=7) → He2+ (ground state),He (n=1) + He (n=7),He2+ (ground state),11000.0,K,2.21e-11,cm3/s,1,7,,,
311,He (n=1) + He (n=7) → He2+ (ground state),He (n=1) + He (n=7),He2+ (ground state),12000.0,K,2.09e-11,cm3/s,1,7,,,
311,He (n=1) + He (n=7) → He2+ (ground state),He (n=1) + He (n=7),He2+ (ground state),13000.0,K,2.03e-11,cm3/s,1,7,,,
311,He (n=1) + He (n=7) → He2+ (ground state),He (n=1) + He (n=7),He2+ (ground state),14000.0,K,1.89e-11,cm3/s,1,7,,,
311,He (n=1) + He (n=7) → He2+ (ground state),He (n=1) + He (n=7),He2+ (ground state),15000.0,K,1.78e-11,cm3/s,1,7,,,
311,He (n=1) + He (n=7) → He2+ (ground state),He (n=1) + He (n=7),He2+ (ground state),16000.0,K,1.74e-11,cm3/s,1,7,,,
311,He (n=1) + He (n=7) → He2+ (ground state),He (n=1) + He (n=7),He2+ (ground state),17000.0,K,1.63e-11,cm3/s,1,7,,,
311,He (n=1) + He (n=7) → He2+ (ground state),He (n=1) + He (n=7),He2+ (ground state),18000.0,K,1.55e-11,cm3/s,1,7,,,
311,He (n=1) + He (n=7) → He2+ (ground state),He (n=1) + He (n=7),He2+ (ground state),19000.0,K,1.5e-11,cm3/s,1,7,,,
311,He (n=1) + He (n=7) → He2+ (ground state),He (n=1) + He (n=7),He2+ (ground state),20000.0,K,1.42e-11,cm3/s,1,7,,,
311,He (n=1) + He (n=7) → He2+ (ground state),He (n=1) + He (n=7),He2+ (ground state),21000.0,K,1.36e-11,cm3/s,1,7,,,
311,He (n=1) + He (n=7) → He2+ (ground state),He (n=1) + He (n=7),He2+ (ground state),22000.0,K,1.32e-11,cm3/s,1,7,,,
311,He (n=1) + He (n=7) → He2+ (ground state),He (n=1) + He (n=7),He2+ (ground state),23000.0,K,1.29e-11,cm3/s,1,7,,,
311,He (n=1) + He (n=7) → He2+ (ground state),He (n=1) + He (n=7),He2+ (ground state),24000.0,K,1.19e-11,cm3/s,1,7,,,
311,He (n=1) + He (n=7) → He2+ (ground state),He (n=1) + He (n=7),He2+ (ground state),25000.0,K,1.15e-11,cm3/s,1,7,,,
311,He (n=1) + He (n=7) → He2+ (ground state),He (n=1) + He (n=7),He2+ (ground state),26000.0,K,1.14e-11,cm3/s,1,7,,,
311,He (n=1) + He (n=7) → He2+ (ground state),He (n=1) + He (n=7),He2+ (ground state),27000.0,K,1.09e-11,cm3/s,1,7,,,
311,He (n=1) + He (n=7) → He2+ (ground state),He (n=1) + He (n=7),He2+ (ground state),28000.0,K,1.05e-11,cm3/s,1,7,,,
311,He (n=1) + He (n=7) → He2+ (ground state),He (n=1) + He (n=7),He2+ (ground state),29000.0,K,1.04e-11,cm3/s,1,7,,,
311,He (n=1) + He (n=7) → He2+ (ground state),He (n=1) + He (n=7),He2+ (ground state),30000.0,K,1.03e-11,cm3/s,1,7,,,
312,He (n=8) + He (n=1) → He2+ (ground state),He (n=8) + He (n=1),He2+ (ground state),7000.0,K,1.65e-11,cm3/s,1,8,,,
312,He (n=8) + He (n=1) → He2+ (ground state),He (n=8) + He (n=1),He2+ (ground state),8000.0,K,1.53e-11,cm3/s,1,8,,,
312,He (n=8) + He (n=1) → He2+ (ground state),He (n=8) + He (n=1),He2+ (ground state),9000.0,K,1.41e-11,cm3/s,1,8,,,
312,He (n=8) + He (n=1) → He2+ (ground state),He (n=8) + He (n=1),He2+ (ground state),10000.0,K,1.33e-11,cm3/s,1,8,,,
312,He (n=8) + He (n=1) → He2+ (ground state),He (n=8) + He (n=1),He2+ (ground state),11000.0,K,1.26e-11,cm3/s,1,8,,,
312,He (n=8) + He (n=1) → He2+ (ground state),He (n=8) + He (n=1),He2+ (ground state),12000.0,K,1.21e-11,cm3/s,1,8,,,
312,He (n=8) + He (n=1) → He2+ (ground state),He (n=8) + He (n=1),He2+ (ground state),13000.0,K,1.11e-11,cm3/s,1,8,,,
312,He (n=8) + He (n=1) → He2+ (ground state),He (n=8) + He (n=1),He2+ (ground state),14000.0,K,1.06e-11,cm3/s,1,8,,,
312,He (n=8) + He (n=1) → He2+ (ground state),He (n=8) + He (n=1),He2+ (ground state),15000.0,K,9.89e-12,cm3/s,1,8,,,
312,He (n=8) + He (n=1) → He2+ (ground state),He (n=8) + He (n=1),He2+ (ground state),16000.0,K,9.33e-12,cm3/s,1,8,,,
312,He (n=8) + He (n=1) → He2+ (ground state),He (n=8) + He (n=1),He2+ (ground state),17000.0,K,8.96e-12,cm3/s,1,8,,,
312,He (n=8) + He (n=1) → He2+ (ground state),He (n=8) + He (n=1),He2+ (ground state),18000.0,K,8.59e-12,cm3/s,1,8,,,
312,He (n=8) + He (n=1) → He2+ (ground state),He (n=8) + He (n=1),He2+ (ground state),19000.0,K,8.03e-12,cm3/s,1,8,,,
312,He (n=8) + He (n=1) → He2+ (ground state),He (n=8) + He (n=1),He2+ (ground state),20000.0,K,7.88e-12,cm3/s,1,8,,,
312,He (n=8) + He (n=1) → He2+ (ground state),He (n=8) + He (n=1),He2+ (ground state),21000.0,K,7.35e-12,cm3/s,1,8,,,
312,He (n=8) + He (n=1) → He2+ (ground state),He (n=8) + He (n=1),He2+ (ground state),22000.0,K,7.32e-12,cm3/s,1,8,,,
312,He (n=8) + He (n=1) → He2+ (ground state),He (n=8) + He (n=1),He2+ (ground state),23000.0,K,6.86e-12,cm3/s,1,8,,,
312,He (n=8) + He (n=1) → He2+ (ground state),He (n=8) + He (n=1),He2+ (ground state),24000.0,K,6.73e-12,cm3/s,1,8,,,
312,He (n=8) + He (n=1) → He2+ (ground state),He (n=8) + He (n=1),He2+ (ground state),25000.0,K,6.36e-12,cm3/s,1,8,,,
312,He (n=8) + He (n=1) → He2+ (ground state),He (n=8) + He (n=1),He2+ (ground state),26000.0,K,6.09e-12,cm3/s,1,8,,,
312,He (n=8) + He (n=1) → He2+ (ground state),He (n=8) + He (n=1),He2+ (ground state),27000.0,K,5.78e-12,cm3/s,1,8,,,
312,He (n=8) + He (n=1) → He2+ (ground state),He (n=8) + He (n=1),He2+ (ground state),28000.0,K,5.7e-12,cm3/s,1,8,,,
312,He (n=8) + He (n=1) → He2+ (ground state),He (n=8) + He (n=1),He2+ (ground state),29000.0,K,5.52e-12,cm3/s,1,8,,,
312,He (n=8) + He (n=1) → He2+ (ground state),He (n=8) + He (n=1),He2+ (ground state),30000.0,K,5.44e-12,cm3/s,1,8,,,
313,He (n=9) + He (n=1) → He2+ (ground state),He (n=9) + He (n=1),He2+ (ground state),7000.0,K,9.74e-12,cm3/s,1,9,,,
313,He (n=9) + He (n=1) → He2+ (ground state),He (n=9) + He (n=1),He2+ (ground state),8000.0,K,9.12e-12,cm3/s,1,9,,,
313,He (n=9) + He (n=1) → He2+ (ground state),He (n=9) + He (n=1),He2+ (ground state),9000.0,K,8.44e-12,cm3/s,1,9,,,
313,He (n=9) + He (n=1) → He2+ (ground state),He (n=9) + He (n=1),He2+ (ground state),10000.0,K,7.84e-12,cm3/s,1,9,,,
313,He (n=9) + He (n=1) → He2+ (ground state),He (n=9) + He (n=1),He2+ (ground state),11000.0,K,7.3e-12,cm3/s,1,9,,,
313,He (n=9) + He (n=1) → He2+ (ground state),He (n=9) + He (n=1),He2+ (ground state),12000.0,K,6.79e-12,cm3/s,1,9,,,
313,He (n=9) + He (n=1) → He2+ (ground state),He (n=9) + He (n=1),He2+ (ground state),13000.0,K,6.39e-12,cm3/s,1,9,,,
313,He (n=9) + He (n=1) → He2+ (ground state),He (n=9) + He (n=1),He2+ (ground state),14000.0,K,5.98e-12,cm3/s,1,9,,,
313,He (n=9) + He (n=1) → He2+ (ground state),He (n=9) + He (n=1),He2+ (ground state),15000.0,K,5.73e-12,cm3/s,1,9,,,
313,He (n=9) + He (n=1) → He2+ (ground state),He (n=9) + He (n=1),He2+ (ground state),16000.0,K,5.33e-12,cm3/s,1,9,,,
313,He (n=9) + He (n=1) → He2+ (ground state),He (n=9) + He (n=1),He2+ (ground state),17000.0,K,5.19e-12,cm3/s,1,9,,,
313,He (n=9) + He (n=1) → He2+ (ground state),He (n=9) + He (n=1),He2+ (ground state),18000.0,K,4.97e-12,cm3/s,1,9,,,
313,He (n=9) + He (n=1) → He2+ (ground state),He (n=9) + He (n=1),He2+ (ground state),19000.0,K,4.75e-12,cm3/s,1,9,,,
313,He (n=9) + He (n=1) → He2+ (ground state),He (n=9) + He (n=1),He2+ (ground state),20000.0,K,4.46e-12,cm3/s,1,9,,,
313,He (n=9) + He (n=1) → He2+ (ground state),He (n=9) + He (n=1),He2+ (ground state),21000.0,K,4.35e-12,cm3/s,1,9,,,
313,He (n=9) + He (n=1) → He2+ (ground state),He (n=9) + He (n=1),He2+ (ground state),22000.0,K,4.21e-12,cm3/s,1,9,,,
313,He (n=9) + He (n=1) → He2+ (ground state),He (n=9) + He (n=1),He2+ (ground state),23000.0,K,3.99e-12,cm3/s,1,9,,,
313,He (n=9) + He (n=1) → He2+ (ground state),He (n=9) + He (n=1),He2+ (ground state),24000.0,K,3.87e-12,cm3/s,1,9,,,
313,He (n=9) + He (n=1) → He2+ (ground state),He (n=9) + He (n=1),He2+ (ground state),25000.0,K,3.73e-12,cm3/s,1,9,,,
313,He (n=9) + He (n=1) → He2+ (ground state),He (n=9) + He (n=1),He2+ (ground state),26000.0,K,3.65e-12,cm3/s,1,9,,,
313,He (n=9) + He (n=1) → He2+ (ground state),He (n=9) + He (n=1),He2+ (ground state),27000.0,K,3.44e-12,cm3/s,1,9,,,
313,He (n=9) + He (n=1) → He2+ (ground state),He (n=9) + He (n=1),He2+ (ground state),28000.0,K,3.26e-12,cm3/s,1,9,,,
313,He (n=9) + He (n=1) → He2+ (ground state),He (n=9) + He (n=1),He2+ (ground state),29000.0,K,3.29e-12,cm3/s,1,9,,,
313,He (n=9) + He (n=1) → He2+ (ground state),He (n=9) + He (n=1),He2+ (ground state),30000.0,K,3.09e-12,cm3/s,1,9,,,
314,He (n=10) + He (n=1) → He2+ (ground state),He (n=10) + He (n=1),He2+ (ground state),7000.0,K,6.14e-12,cm3/s,1,10,,,
314,He (n=10) + He (n=1) → He2+ (ground state),He (n=10) + He (n=1),He2+ (ground state),8000.0,K,5.74e-12,cm3/s,1,10,,,
314,He (n=10) + He (n=1) → He2+ (ground state),He (n=10) + He (n=1),He2+ (ground state),9000.0,K,5.25e-12,cm3/s,1,10,,,
314,He (n=10) + He (n=1) → He2+ (ground state),He (n=10) + He (n=1),He2+ (ground state),10000.0,K,4.84e-12,cm3/s,1,10,,,
314,He (n=10) + He (n=1) → He2+ (ground state),He (n=10) + He (n=1),He2+ (ground state),11000.0,K,4.47e-12,cm3/s,1,10,,,
314,He (n=10) + He (n=1) → He2+ (ground state),He (n=10) + He (n=1),He2+ (ground state),12000.0,K,4.14e-12,cm3/s,1,10,,,
314,He (n=10) + He (n=1) → He2+ (ground state),He (n=10) + He (n=1),He2+ (ground state),13000.0,K,3.91e-12,cm3/s,1,10,,,
314,He (n=10) + He (n=1) → He2+ (ground state),He (n=10) + He (n=1),He2+ (ground state),14000.0,K,3.73e-12,cm3/s,1,10,,,
314,He (n=10) + He (n=1) → He2+ (ground state),He (n=10) + He (n=1),He2+ (ground state),15000.0,K,3.38e-12,cm3/s,1,10,,,
314,He (n=10) + He (n=1) → He2+ (ground state),He (n=10) + He (n=1),He2+ (ground state),16000.0,K,3.21e-12,cm3/s,1,10,,,
314,He (n=10) + He (n=1) → He2+ (ground state),He (n=10) + He (n=1),He2+ (ground state),17000.0,K,3.09e-12,cm3/s,1,10,,,
314,He (n=10) + He (n=1) → He2+ (ground state),He (n=10) + He (n=1),He2+ (ground state),18000.0,K,2.93e-12,cm3/s,1,10,,,
314,He (n=10) + He (n=1) → He2+ (ground state),He (n=10) + He (n=1),He2+ (ground state),19000.0,K,2.87e-12,cm3/s,1,10,,,
314,He (n=10) + He (n=1) → He2+ (ground state),He (n=10) + He (n=1),He2+ (ground state),20000.0,K,2.71e-12,cm3/s,1,10,,,
314,He (n=10) + He (n=1) → He2+ (ground state),He (n=10) + He (n=1),He2+ (ground state),21000.0,K,2.52e-12,cm3/s,1,10,,,
314,He (n=10) + He (n=1) → He2+ (ground state),He (n=10) + He (n=1),He2+ (ground state),22000.0,K,2.48e-12,cm3/s,1,10,,,
314,He (n=10) + He (n=1) → He2+ (ground state),He (n=10) + He (n=1),He2+ (ground state),23000.0,K,2.28e-12,cm3/s,1,10,,,
314,He (n=10) + He (n=1) → He2+ (ground state),He (n=10) + He (n=1),He2+ (ground state),24000.0,K,2.26e-12,cm3/s,1,10,,,
314,He (n=10) + He (n=1) → He2+ (ground state),He (n=10) + He (n=1),He2+ (ground state),25000.0,K,2.21e-12,cm3/s,1,10,,,
314,He (n=10) + He (n=1) → He2+ (ground state),He (n=10) + He (n=1),He2+ (ground state),26000.0,K,2.18e-12,cm3/s,1,10,,,
314,He (n=10) + He (n=1) → He2+ (ground state),He (n=10) + He (n=1),He2+ (ground state),27000.0,K,2.07e-12,cm3/s,1,10,,,
314,He (n=10) + He (n=1) → He2+ (ground state),He (n=10) + He (n=1),He2+ (ground state),28000.0,K,2.03e-12,cm3/s,1,10,,,
314,He (n=10) + He (n=1) → He2+ (ground state),He (n=10) + He (n=1),He2+ (ground state),29000.0,K,1.95e-12,cm3/s,1,10,,,
314,He (n=10) + He (n=1) → He2+ (ground state),He (n=10) + He (n=1),He2+ (ground state),30000.0,K,1.84e-12,cm3/s,1,10,,,
